<COLLADA xmlns="http://www.collada.org/2005/11/COLLADASchema" version="1.4.1">
  <asset>
    <contributor/>
    <created>2026-07-05T15:40:24.783656</created>
    <modified>2026-07-05T15:40:24.783659</modified>
    <unit name="meter" meter="1.0"/>
    <up_axis>Z_UP</up_axis>
  </asset>
  <library_effects>
    <effect id="effect_Mesh" name="effect_Mesh">
      <profile_COMMON>
        <technique sid="common">
          <phong>
            <emission>
              <color>0.0 0.0 0.0 1.0</color>
            </emission>
            <ambient>
              <color>0.0 0.0 0.0 1.0</color>
            </ambient>
            <diffuse>
              <color>0.800000011920929 0.800000011920929 0.800000011920929 1.0</color>
            </diffuse>
            <specular>
              <color>1 1 1 1.0</color>
            </specular>
            <shininess>
              <float>0.0</float>
            </shininess>
            <reflective>
              <color>0.0 0.0 0.0 1.0</color>
            </reflective>
            <reflectivity>
              <float>0.0</float>
            </reflectivity>
            <transparent>
              <color>0.0 0.0 0.0 1.0</color>
            </transparent>
            <transparency>
              <float>1.0</float>
            </transparency>
          </phong>
        </technique>
        <extra>
          <technique profile="GOOGLEEARTH">
            <double_sided>0</double_sided>
          </technique>
        </extra>
      </profile_COMMON>
    </effect>
  </library_effects>
  <library_geometries>
    <geometry id="geometry0" name="Mesh">
      <mesh>
        <source id="cubeverts-array0">
          <float_array count="14829" id="cubeverts-array0-array">0.4538419 0.247128 0.1829991 0.4538426 0.2199939 0.185 0.4574151 0.219993 0.185 0.4574151 0.2678745 0.1786963 0.4538411 0.2736754 0.1770401 0.4574151 0.312493 0.1602147 0.4538401 0.3114168 0.1608312 0.4538391 0.3443501 0.1369682 0.4574151 0.3508077 0.1308148 0.4538384 0.371248 0.1065218 0.4574151 0.3802077 0.0925 0.4538378 0.3914145 0.06956766 0.4574151 0.3986892 0.04788152 0.4538375 0.4023124 0.03137906 0.4574151 0.404993 3.398395e-17 0.4538374 0.4047718 -0.009043048 0.4538375 0.4012559 -0.03699677 0.4574151 0.3986892 -0.04788152 0.4538376 0.3968532 -0.05427223 0.4538378 0.3909176 -0.07077979 0.4574151 0.3802077 -0.0925 0.4538385 0.3674485 -0.1117223 0.4574151 0.3508077 -0.1308148 0.4538394 0.3339141 -0.1457633 0.4574151 0.312493 -0.1602147 0.4538406 0.2930523 -0.1699626 0.4574151 0.2678745 -0.1786963 0.4538416 0.2569186 -0.1812774 0.4574151 0.219993 -0.185 0.4538426 0.219993 -0.185 0.4574151 0.1975866 -0.1836381 0.4538435 0.1883701 -0.1822772 0.4574151 0.1755101 -0.1795725 0.4538443 0.1598273 -0.1749433 0.4574151 0.1499452 -0.1712259 0.4538451 0.1328295 -0.1631795 0.4574151 0.1258603 -0.1592608 0.4538459 0.1028739 -0.1432071 0.4574151 0.1037645 -0.1439303 0.4574151 0.08412503 -0.1255584 0.4538466 0.07716845 -0.1175847 0.4574151 0.06735673 -0.1045331 0.4538472 0.05679489 -0.08712858 0.4574151 0.05381377 -0.08129858 0.4538475 0.04579261 -0.06228337 0.4574151 0.04378261 -0.05634635 0.4538477 0.0385451 -0.03607873 0.4574151 0.03747519 -0.03020342 0.4574151 0.03502468 -0.003421956 0.4538478 0.03511419 0.00669447 0.4574151 0.03648286 0.02343164 0.4538476 0.04134403 0.04805794 0.4574151 0.04181902 0.04978992 0.4574151 0.05092045 0.07509632 0.4538472 0.05683464 0.087203 0.4574151 0.06359462 0.09881576 0.4538468 0.07183824 0.1107934 0.4574151 0.0795737 0.1204468 0.4538464 0.08313762 0.1244814 0.4574151 0.09852033 0.1395327 0.4538461 0.09574387 0.1370663 0.4574151 0.1200339 0.1556701 0.4538451 0.1327093 0.1631152 0.4574151 0.1454469 0.1693159 0.4538439 0.1747575 0.1793844 0.4574151 0.1726725 0.1788456 0.4499182 0.2199939 0.183813 0.4434962 0.3464342 0.1264403 0.4499182 0.2199939 -0.183813 0.4499182 0.2469539 0.1818251 0.4463993 0.2466453 0.1797438 0.4434962 0.2662742 0.1727207 0.4434962 0.2199939 0.1788137 0.4463993 0.2199939 0.1817089 0.4499182 0.2675682 0.1775497 0.4463993 0.2670236 0.1755173 0.4499182 0.3108304 0.1597997 0.4463993 0.3097906 0.1579705 0.4434962 0.3094007 0.1548572 0.4499182 0.3435526 0.1360898 0.4463993 0.3421383 0.1345321 0.4499182 0.3702782 0.1058388 0.4463993 0.3685579 0.1046273 0.4434962 0.374851 0.08940683 0.4463993 0.3773584 0.09085447 0.4499182 0.3903154 0.0691216 0.4463993 0.3883658 0.06833038 0.4434962 0.3927146 0.04628038 0.4463993 0.3955112 0.04702973 0.4499182 0.4011434 0.03117785 0.4463993 0.3990698 0.03082096 0.4434962 0.3988075 3.284753e-17 0.4463993 0.4017028 0 0.4499182 0.4000937 -0.03675956 0.4463993 0.3980321 -0.03633879 0.4434962 0.3927146 -0.04628038 0.4499182 0.3975436 -0.04757431 0.4463993 0.3955112 -0.04702973 0.4499182 0.3898217 -0.07032597 0.4463993 0.3878777 -0.06952097 0.4434962 0.374851 -0.08940683 0.4463993 0.3773584 -0.09085447 0.4499182 0.366503 -0.1110058 0.4463993 0.364826 -0.1097351 0.4434962 0.3464342 -0.1264403 0.4463993 0.3484815 -0.1284876 0.4499182 0.3331835 -0.1448286 0.4463993 0.3318879 -0.1431708 0.4434962 0.3094007 -0.1548572 0.4463993 0.3108483 -0.1573645 0.4499182 0.2925837 -0.1688725 0.4463993 0.2917528 -0.1669395 0.4434962 0.2662742 -0.1727207 0.4463993 0.2670236 -0.1755173 0.4499182 0.2566817 -0.1801145 0.4463993 0.2562617 -0.1780527 0.4463993 0.2199939 -0.1817089 0.4434962 0.2199939 -0.1788137 0.4874151 0.2290197 -0.1888686 0.4874151 0.2199939 -0.1890841 0.4773836 0.2199939 -0.1882007 0.4706154 0.2484664 -0.1852682 0.4574151 0.2199939 -0.1855887 0.4636046 0.2545484 -0.1832921 0.467381 0.2199939 -0.1870353 0.4791319 0.2433952 -0.186916 0.4874151 0.2380249 -0.1882224 0.4574151 0.2680277 -0.1792649 0.4874151 0.246989 -0.1871472 0.4874151 0.2647952 -0.1836999 0.4874151 0.2780262 -0.1799585 0.4636046 0.3094976 -0.1636432 0.4574151 0.3127882 -0.1607245 0.4706154 0.3043239 -0.1674021 0.4791319 0.3000101 -0.1705362 0.4874151 0.2909504 -0.1752654 0.4874151 0.3034994 -0.1696456 0.4874151 0.3307962 -0.1532177 0.4874151 0.3193689 -0.1608646 0.4706154 0.3519265 -0.1331494 0.4574151 0.3512249 -0.131231 0.4636046 0.3556855 -0.1279758 0.4791319 0.3487924 -0.1374632 0.4874151 0.3416376 -0.1447605 0.4874151 0.3518357 -0.1355379 0.4574151 0.3807184 -0.09279433 0.4874151 0.37272 -0.1114789 0.4874151 0.364215 -0.1222828 0.4706154 0.3866147 -0.08586318 0.4636046 0.3885909 -0.0797812 0.4874151 0.3804174 -0.1000855 0.4791319 0.3849671 -0.09093433 0.4874151 0.3872664 -0.08816284 0.4574151 0.3992588 -0.04803388 0.4874151 0.3996939 -0.05882773 0.4874151 0.3949438 -0.07173103 0.4687725 0.4049928 -0.02871697 0.4636046 0.404993 -0.02377707 0.4748694 0.404993 -0.03308721 0.4874151 0.4034938 -0.04561335 0.4791319 0.404993 -0.03550417 0.4874151 0.4063234 -0.03215777 0.4574151 0.4055825 -1.136742e-13 0.4874151 0.4085472 -0.01415777 0.4874151 0.4090775 -0.0004181303 0.4706154 0.4052621 0.02847253 0.4636046 0.403286 0.03455453 0.4874151 0.408608 0.01332372 0.4791319 0.4069099 0.0234014 0.4574151 0.3992588 0.04803388 0.4874151 0.4071411 0.02699512 0.4874151 0.4036937 0.04480135 0.4874151 0.3999523 0.0580324 0.4636046 0.3836371 0.08950369 0.4574151 0.3807184 0.09279433 0.4706154 0.3873959 0.08433002 0.4791319 0.3905301 0.08001627 0.4874151 0.3952593 0.07095658 0.4874151 0.3896395 0.08350555 0.4874151 0.3732115 0.1108023 0.4874151 0.3808585 0.099375 0.4706154 0.3531433 0.1319327 0.4574151 0.3512249 0.131231 0.4636046 0.3479697 0.1356916 0.4791319 0.3574571 0.1287986 0.4874151 0.3647544 0.1216437 0.4874151 0.3555318 0.1318419 0.4574151 0.3127882 0.1607245 0.4874151 0.3314727 0.1527261 0.4874151 0.3422766 0.1442211 0.4706154 0.305857 0.1666209 0.4636046 0.2997751 0.1685971 0.4874151 0.3200793 0.1604235 0.4791319 0.3109282 0.1649732 0.4874151 0.3081567 0.1672726 0.4574151 0.2680277 0.1792649 0.4874151 0.2788216 0.1797 0.4874151 0.2917249 0.1749499 0.4687725 0.2487108 0.184999 0.4636046 0.2437709 0.1849991 0.4748694 0.2530811 0.1849991 0.4874151 0.2656072 0.1834999 0.4791319 0.255498 0.1849991 0.4874151 0.2521516 0.1863295 0.4574151 0.2199939 0.1855887 0.467381 0.2199939 0.1870353 0.4773836 0.2199939 0.1882007 0.4874151 0.2341516 0.1885533 0.4874151 0.2294373 0.1888482 0.4874151 0.224717 0.1890251 0.4874151 0.2199939 0.1890841 0.4874151 0.2109681 0.1888686 0.4706154 0.1915213 0.1852682 0.4636046 0.1854393 0.1832921 0.4791319 0.1965925 0.186916 0.4874151 0.2019628 0.1882224 0.4574151 0.17196 0.1792649 0.4874151 0.1929987 0.1871472 0.4874151 0.1751925 0.1836999 0.4874151 0.1619615 0.1799585 0.4636046 0.1304902 0.1636432 0.4574151 0.1271995 0.1607245 0.4706154 0.1356638 0.1674021 0.4791319 0.1399776 0.1705362 0.4874151 0.1490373 0.1752654 0.4874151 0.1364883 0.1696456 0.4874151 0.1091915 0.1532177 0.4874151 0.1206189 0.1608646 0.4706154 0.08806116 0.1331494 0.4574151 0.08876285 0.131231 0.4636046 0.08430225 0.1279758 0.4791319 0.09119527 0.1374632 0.4874151 0.09835014 0.1447605 0.4874151 0.08815199 0.1355379 0.4574151 0.05926935 0.09279433 0.4874151 0.06726773 0.1114789 0.4874151 0.07577273 0.1222828 0.4706154 0.05337297 0.08586318 0.4636046 0.05139677 0.0797812 0.4874151 0.05957034 0.1000855 0.4791319 0.05502065 0.09093433 0.4874151 0.05272126 0.08816284 0.4574151 0.04072897 0.04803388 0.4874151 0.04029382 0.05882773 0.4874151 0.04504396 0.07173103 0.4687725 0.03499488 0.02871697 0.4636046 0.03499475 0.02377707 0.4748694 0.03499476 0.03308721 0.4874151 0.03649391 0.04561335 0.4791319 0.03499475 0.03550417 0.4874151 0.03366435 0.03215777 0.4574151 0.03440519 1.135733e-13 0.4874151 0.03144051 0.01415777 0.4874151 0.03091019 0.0004181303 0.4706154 0.03472561 -0.02847253 0.4636046 0.03670174 -0.03455453 0.4874151 0.03137974 -0.01332372 0.4791319 0.03307786 -0.0234014 0.4574151 0.04072897 -0.04803388 0.4874151 0.03284667 -0.02699512 0.4874151 0.03629398 -0.04480135 0.4874151 0.0400354 -0.0580324 0.4636046 0.05635063 -0.08950369 0.4574151 0.05926935 -0.09279433 0.4706154 0.05259178 -0.08433002 0.4791319 0.04945761 -0.08001627 0.4874151 0.04472843 -0.07095658 0.4874151 0.05034826 -0.08350555 0.4874151 0.06677618 -0.1108023 0.4874151 0.05912926 -0.099375 0.4706154 0.08684443 -0.1319327 0.4574151 0.08876285 -0.131231 0.4636046 0.09201806 -0.1356916 0.4791319 0.08253064 -0.1287986 0.4874151 0.07523331 -0.1216437 0.4874151 0.08445593 -0.1318419 0.4574151 0.1271995 -0.1607245 0.4874151 0.108515 -0.1527261 0.4874151 0.0977111 -0.1442211 0.4706154 0.1341307 -0.1666209 0.4636046 0.1402126 -0.1685971 0.4874151 0.1199084 -0.1604235 0.4791319 0.1290595 -0.1649732 0.4874151 0.131831 -0.1672726 0.4574151 0.17196 -0.1792649 0.4874151 0.1611661 -0.1797 0.4874151 0.1482628 -0.1749499 0.4687725 0.1912769 -0.184999 0.4636046 0.1962168 -0.1849991 0.4748694 0.1869066 -0.1849991 0.4874151 0.1743805 -0.1834999 0.4791319 0.1844897 -0.1849991 0.4874151 0.1878361 -0.1863295 0.4874151 0.2058361 -0.1885533 0.4874151 0.2105504 -0.1888482 0.4874151 0.2152707 -0.1890251 0.4434962 0.130587 -0.1548572 0.4434962 0.04727313 0.04628038 0.4434962 0.0411802 -5.065379e-17 0.4434962 0.06513669 0.08940683 0.4434962 0.1737135 0.1727207 0.4434962 0.130587 0.1548572 0.4499182 0.188573 -0.1811076 0.4463993 0.1889327 -0.1790345 0.4434962 0.1737135 -0.1727207 0.4463993 0.1729641 -0.1755173 0.4499182 0.1602135 -0.1738204 0.4463993 0.1608978 -0.1718307 0.4499182 0.133389 -0.1621321 0.4463993 0.1343803 -0.1602762 0.4499182 0.1036259 -0.1422875 0.4463993 0.104958 -0.1406588 0.4434962 0.0935535 -0.1264403 0.4463993 0.09150623 -0.1284876 0.4499182 0.07808537 -0.1168298 0.4463993 0.07970977 -0.1154925 0.4434962 0.06513669 -0.08940683 0.4499182 0.06080713 -0.0919065 0.4463993 0.0626293 -0.09085447 0.4499182 0.04691106 -0.06188348 0.4463993 0.0488923 -0.06117512 0.4434962 0.04727313 -0.04628038 0.4463993 0.0444765 -0.04702973 0.4499182 0.03971017 -0.03584707 0.4463993 0.04177384 -0.03543674 0.4499182 0.03618086 -1.041392e-16 0.4463993 0.03828492 -1.029472e-16 0.4499182 0.04244413 0.04757431 0.4463993 0.0444765 0.04702973 0.4499182 0.0578822 0.08664311 0.4463993 0.05973785 0.08565133 0.4499182 0.07278941 0.1100821 0.4463993 0.07447443 0.108822 0.4434962 0.0935535 0.1264403 0.4499182 0.08401624 0.1236823 0.4463993 0.08557274 0.1222665 0.4499182 0.0965415 0.1361864 0.4463993 0.09795462 0.1346275 0.4499182 0.1280874 0.1591867 0.4463993 0.1291394 0.1573645 0.4499182 0.1724196 0.1775497 0.4463993 0.1729641 0.1755173 0.4382021 0.2199939 0.1700065 0.4382021 0.2639948 0.1642137 0.4352101 0.2199939 0.1601758 0.4347002 0.2587941 0.1448044 0.4347002 0.2199939 0.1499126 0.4367029 0.2199939 0.1398337 0.4382021 0.3049971 0.1472299 0.4410979 0.2537814 0.1260969 0.447621 0.2517264 0.1184275 0.447621 0.2199939 0.1226052 0.4410979 0.2199939 0.1305451 0.4347002 0.2949501 0.1298281 0.4382021 0.3402066 0.1202127 0.4410979 0.2852664 0.1130554 0.447621 0.2812964 0.1061792 0.447621 0.3066888 0.08669495 0.4347002 0.325998 0.1060042 0.4382021 0.3672238 0.08500325 0.4410979 0.3123032 0.09230936 0.447621 0.326173 0.06130259 0.4347002 0.349822 0.07495629 0.4382021 0.3842075 0.04400092 0.4410979 0.3330493 0.06527257 0.4347002 0.3647983 0.03880023 0.4382021 0.3900004 0 0.4410979 0.3460908 0.03378757 0.447621 0.3384214 0.03173255 0.4347002 0.3699064 0 0.4382021 0.3842075 -0.04400092 0.4410979 0.350539 0 0.447621 0.342599 2.25222e-17 0.4347002 0.3647983 -0.03880023 0.4382021 0.3672238 -0.08500325 0.4410979 0.3460908 -0.03378757 0.447621 0.3384214 -0.03173255 0.447621 0.326173 -0.06130259 0.4347002 0.349822 -0.07495629 0.4382021 0.3402066 -0.1202127 0.4410979 0.3330493 -0.06527257 0.4347002 0.325998 -0.1060042 0.4382021 0.3049971 -0.1472299 0.4410979 0.3123032 -0.09230936 0.447621 0.3066888 -0.08669495 0.4347002 0.2949501 -0.1298281 0.4382021 0.2639948 -0.1642137 0.4382021 0.2199939 -0.1700065 0.4352101 0.2199939 -0.1601758 0.4410979 0.2852664 -0.1130554 0.447621 0.2812964 -0.1061792 0.4347002 0.2587941 -0.1448044 0.4347002 0.2199939 -0.1499126 0.4367029 0.2199939 -0.1398337 0.4410979 0.2537814 -0.1260969 0.4410979 0.2199939 -0.1305451 0.447621 0.2199939 -0.1226052 0.447621 0.2517264 -0.1184275 0.4874151 0.3547498 0.1307655 0.4874151 0.352767 0.1288257 0.4874151 0.3401875 0.1413457 0.4874151 0.3324273 0.1469133 0.4874151 0.3702325 0.1079494 0.4874151 0.377983 0.09728587 0.4874151 0.3077456 0.1660073 0.4874151 0.3096535 0.1618208 0.4874151 0.3844459 0.08473613 0.4874151 0.3885631 0.08272356 0.4874151 0.2906266 0.1715696 0.4874151 0.2849391 0.1732253 0.4874151 0.3950994 0.05968877 0.4874151 0.4003134 0.04370303 0.4874151 0.2588188 0.1808799 0.4874151 0.2521516 0.1849991 0.4874151 0.4019622 0.03334942 0.4874151 0.2395149 0.1839671 0.4874151 0.4058758 0.02658401 0.4874151 0.2341516 0.1849991 0.4874151 0.404886 0.006287842 0.4874151 0.219993 0.185 0.4874151 0.404993 -0.01415777 0.4874151 0.4038075 -0.02090971 0.4874151 0.1934099 0.1858819 0.4874151 0.404993 -0.03215777 0.4874151 0.1762908 0.1803196 0.4874151 0.3987499 -0.04765442 0.4874151 0.1721114 0.1786962 0.4874151 0.3915635 -0.07063271 0.4874151 0.3898227 -0.07336784 0.4874151 0.1449159 0.1690811 0.4874151 0.1372703 0.1685693 0.4874151 0.122708 0.1579892 0.4874151 0.3860012 -0.08775172 0.4874151 0.3772192 -0.09749306 0.4874151 0.1195458 0.1553556 0.4874151 0.3612124 -0.1195076 0.4874151 0.3613395 -0.1201936 0.4874151 0.09783752 0.1389353 0.4874151 0.0892283 0.1347559 0.4874151 0.3507594 -0.1347559 0.4874151 0.3421484 -0.1389353 0.4874151 0.07864817 0.1201936 0.4874151 0.07877352 0.1195076 0.4874151 0.3204401 -0.1553556 0.4874151 0.0627667 0.09749306 0.4874151 0.3172797 -0.1579892 0.4874151 0.05398655 0.08775172 0.4874151 0.29507 -0.1690811 0.4874151 0.3027174 -0.1685693 0.4874151 0.05016324 0.07336784 0.4874151 0.04842425 0.07063271 0.4874151 0.2678745 -0.1786962 0.4874151 0.04123601 0.04765442 0.4874151 0.2636969 -0.1803196 0.4874151 0.03499475 0.03215777 0.4874151 0.03617843 0.02090971 0.4874151 0.2465779 -0.1858819 0.4874151 0.219993 -0.185 0.4874151 0.03499475 0.01415777 0.4874151 0.03509992 -0.006287842 0.4874151 0.2058361 -0.1849991 0.4874151 0.200471 -0.1839671 0.4874151 0.03411195 -0.02658401 0.4874151 0.03802372 -0.03334942 0.4874151 0.1811671 -0.1808799 0.4874151 0.1878361 -0.1849991 0.4874151 0.03967426 -0.04370303 0.4874151 0.04488656 -0.05968877 0.4874151 0.1550469 -0.1732253 0.4874151 0.1493611 -0.1715696 0.4874151 0.05554003 -0.08473613 0.4874151 0.05142457 -0.08272356 0.4874151 0.1303324 -0.1618208 0.4874151 0.1322421 -0.1660073 0.4874151 0.06200471 -0.09728587 0.4874151 0.06975347 -0.1079494 0.4874151 0.1075587 -0.1469133 0.4874151 0.08721896 -0.1288257 0.4874151 0.09980023 -0.1413457 0.4874151 0.08523792 -0.1307655 0.4382021 0.1759929 -0.1642137 0.4347002 0.1811936 -0.1448044 0.4382021 0.1349906 -0.1472299 0.4410979 0.1862063 -0.1260969 0.447621 0.1882613 -0.1184275 0.4347002 0.1450376 -0.1298281 0.4382021 0.09978111 -0.1202127 0.4410979 0.1547213 -0.1130554 0.447621 0.1586913 -0.1061792 0.4347002 0.1139897 -0.1060042 0.4382021 0.07276391 -0.08500325 0.4410979 0.1276845 -0.09230936 0.447621 0.1332989 -0.08669495 0.4347002 0.09016575 -0.07495629 0.4382021 0.05578019 -0.04400092 0.4410979 0.1069384 -0.06527257 0.447621 0.1138147 -0.06130259 0.447621 0.1015664 -0.03173255 0.4347002 0.07518942 -0.03880023 0.4382021 0.04998736 -9.631719e-17 0.4410979 0.09389693 -0.03378757 0.4347002 0.07008128 -8.493298e-17 0.4382021 0.05578019 0.04400092 0.4410979 0.08944872 -7.396036e-17 0.447621 0.09738869 -3.473122e-17 0.4347002 0.07518942 0.03880023 0.4382021 0.07276391 0.08500325 0.4410979 0.09389693 0.03378757 0.447621 0.1015664 0.03173255 0.447621 0.1138147 0.06130259 0.4347002 0.09016575 0.07495629 0.4382021 0.09978111 0.1202127 0.4410979 0.1069384 0.06527257 0.4347002 0.1139897 0.1060042 0.4382021 0.1349906 0.1472299 0.4410979 0.1276845 0.09230936 0.447621 0.1332989 0.08669495 0.447621 0.1586913 0.1061792 0.4347002 0.1450376 0.1298281 0.4382021 0.1759929 0.1642137 0.4410979 0.1547213 0.1130554 0.4347002 0.1811936 0.1448044 0.4410979 0.1862063 0.1260969 0.447621 0.1882613 0.1184275 0.447621 0.146617 0.0958685 0.447621 0.1333444 0.08406432 0.447621 0.1219475 0.07044036 0.447621 0.1614782 0.1055975 0.447621 0.1126729 0.05529144 0.447621 0.1776059 0.1130407 0.447621 0.1057215 0.03894577 0.447621 0.194651 0.1180368 0.447621 0.1012439 0.02175709 0.447621 0.2072513 0.1200523 0.447621 0.09933675 0.004097242 0.447621 0.2199939 0.1207267 0.447621 0.1000415 -0.01365122 0.447621 0.1033428 -0.03110402 0.447621 0.2512403 0.116613 0.447621 0.1091693 -0.04788371 0.447621 0.2689846 0.1103397 0.447621 0.1173948 -0.06362686 0.447621 0.2855382 0.1013847 0.447621 0.1278412 -0.07799251 0.447621 0.2997051 0.09066996 0.447621 0.1402826 -0.09066996 0.447621 0.3121465 0.07799251 0.447621 0.1544495 -0.1013847 0.447621 0.3225929 0.06362686 0.447621 0.1710031 -0.1103397 0.447621 0.3308184 0.04788371 0.447621 0.1887475 -0.116613 0.447621 0.3366449 0.03110402 0.447621 0.3399463 0.01365122 0.447621 0.2199939 -0.1207267 0.447621 0.340651 -0.004097242 0.447621 0.2327364 -0.1200523 0.447621 0.3387438 -0.02175709 0.447621 0.2453367 -0.1180368 0.447621 0.3342662 -0.03894577 0.447621 0.2623818 -0.1130407 0.447621 0.3273148 -0.05529144 0.447621 0.2785096 -0.1055975 0.447621 0.3180402 -0.07044036 0.447621 0.2933707 -0.0958685 0.447621 0.3066433 -0.08406432 0.4924151 0.219993 -0.185 0.4924151 0.1721114 -0.1786963 0.4924151 0.127493 -0.1602147 0.4924151 0.08917821 -0.1308148 0.4924151 0.05977826 -0.0925 0.4924151 0.04129668 -0.04788152 0.4924151 0.03499296 -5.240623e-17 0.4924151 0.04129668 0.04788152 0.4924151 0.05977826 0.0925 0.4924151 0.08917821 0.1308148 0.4924151 0.127493 0.1602147 0.4924151 0.1721114 0.1786963 0.4924151 0.219993 0.185 0.4924151 0.2678745 0.1786963 0.4924151 0.312493 0.1602147 0.4924151 0.3508077 0.1308148 0.4924151 0.3802077 0.0925 0.4924151 0.3986892 0.04788152 0.4924151 0.404993 3.398395e-17 0.4924151 0.3986892 -0.04788152 0.4924151 0.3802077 -0.0925 0.4924151 0.3508077 -0.1308148 0.4924151 0.312493 -0.1602147 0.4924151 0.2678745 -0.1786963 0.4532093 0.2199939 0.1207267 0.4532093 0.2512402 0.116613 0.4532093 0.2803572 0.1045524 0.4532093 0.3053605 0.08536667 0.4532093 0.3245462 0.06036335 0.4532093 0.3366069 0.03124637 0.4532093 0.3407206 2.217714e-17 0.4532093 0.3366069 -0.03124637 0.4532093 0.3245462 -0.06036335 0.4532093 0.3053605 -0.08536667 0.4532093 0.2803572 -0.1045524 0.4532093 0.2512402 -0.116613 0.4532093 0.2199939 -0.1207267 0.4532093 0.1887475 -0.116613 0.4532093 0.1596305 -0.1045524 0.4532093 0.1346272 -0.08536667 0.4532093 0.1154415 -0.06036335 0.4532093 0.1033808 -0.03124637 0.4532093 0.09926716 -3.419909e-17 0.4532093 0.1033808 0.03124637 0.4532093 0.1154415 0.06036335 0.4532093 0.1346272 0.08536667 0.4532093 0.1596305 0.1045524 0.4532093 0.1887475 0.116613 0.4924151 0.3531156 0.1319529 0.4924151 0.3542949 0.133576 0.4924151 0.3636589 0.1234491 0.4924151 0.3722611 0.1126677 0.4924151 0.3385533 0.142533 0.4924151 0.3299924 0.1542065 0.4924151 0.3409221 0.1457933 0.4924151 0.3767957 0.09892006 0.4924151 0.380056 0.1012888 0.4924151 0.3064445 0.1685396 0.4924151 0.3184795 0.161802 0.4924151 0.3058245 0.1666315 0.4924151 0.3947753 0.07301215 0.4924151 0.3873758 0.08435775 0.4924151 0.388999 0.08553704 0.4924151 0.2887055 0.1721938 0.4924151 0.2769563 0.1806505 0.4924151 0.2899508 0.1760266 0.4924151 0.2636597 0.1843166 0.4924151 0.3996248 0.06010014 0.4924151 0.403522 0.04686946 0.4924151 0.3996892 0.04562413 0.4924151 0.2501317 0.1849991 0.4924151 0.2501317 0.1870054 0.4924151 0.4087829 0.01542825 0.4924151 0.4052516 0.02850511 0.4924151 0.4071597 0.0291251 0.4924151 0.2321317 0.1849991 0.4924151 0.2280888 0.1892453 0.4924151 0.2321317 0.1890291 0.4924151 0.4094051 0.001649597 0.4924151 0.2199939 0.1894184 0.4924151 0.2240423 0.1893751 0.4924151 0.2102511 0.1891676 0.4924151 0.4090229 -0.0121378 0.4924151 0.404993 -0.0121378 0.4924151 0.2005342 0.1884161 0.4924151 0.1914887 0.1852577 0.4924151 0.1908688 0.1871658 0.4924151 0.4043105 -0.04366587 0.4924151 0.404993 -0.0301378 0.4924151 0.4069993 -0.0301378 0.4924151 0.1743697 0.1796954 0.4924151 0.1731244 0.1835281 0.4924151 0.4006443 -0.05696241 0.4924151 0.1598937 0.179631 0.4924151 0.3921877 -0.0687116 0.4924151 0.3960204 -0.06995693 0.4924151 0.1469817 0.1747814 0.4924151 0.1356361 0.167382 0.4924151 0.1344568 0.1690051 0.4924151 0.3866254 -0.08583062 0.4924151 0.3885335 -0.08645061 0.4924151 0.3817959 -0.09848567 0.4924151 0.3742003 -0.1099986 0.4924151 0.1073262 0.1522673 0.4924151 0.118705 0.1600622 0.4924151 0.1210738 0.1568018 0.4924151 0.3625269 -0.1185594 0.4924151 0.3657872 -0.1209282 0.4924151 0.08641784 0.134301 0.4924151 0.09654475 0.143665 0.4924151 0.08804099 0.1331217 0.4924151 0.343443 -0.143665 0.4924151 0.3519467 -0.1331217 0.4924151 0.3535699 -0.134301 0.4924151 0.3326615 -0.1522673 0.4924151 0.06578738 0.1099986 0.4924151 0.07420054 0.1209282 0.4924151 0.07746086 0.1185594 0.4924151 0.3189139 -0.1568018 0.4924151 0.3212827 -0.1600622 0.4924151 0.05819184 0.09848567 0.4924151 0.05145422 0.08645061 0.4924151 0.05336235 0.08583062 0.4924151 0.293006 -0.1747814 0.4924151 0.3043516 -0.167382 0.4924151 0.3055309 -0.1690051 0.4924151 0.04780004 0.0687116 0.4924151 0.03934336 0.05696241 0.4924151 0.04396731 0.06995693 0.4924151 0.280094 -0.179631 0.4924151 0.2668633 -0.1835281 0.4924151 0.265618 -0.1796954 0.4924151 0.03567725 0.04366587 0.4924151 0.03499475 0.0301378 0.4924151 0.03298842 0.0301378 0.4924151 0.2394535 -0.1884161 0.4924151 0.248499 -0.1852577 0.4924151 0.249119 -0.1871658 0.4924151 0.03499475 0.0121378 0.4924151 0.2297366 -0.1891676 0.4924151 0.03096478 0.0121378 0.4924151 0.2199939 -0.1894184 0.4924151 0.03058267 -0.001649597 0.4924151 0.2159454 -0.1893751 0.4924151 0.2118989 -0.1892453 0.4924151 0.207856 -0.1849991 0.4924151 0.207856 -0.1890291 0.4924151 0.03120485 -0.01542825 0.4924151 0.03473616 -0.02850511 0.4924151 0.03282803 -0.0291251 0.4924151 0.04029847 -0.04562413 0.4924151 0.189856 -0.1849991 0.4924151 0.176328 -0.1843166 0.4924151 0.189856 -0.1870054 0.4924151 0.03646573 -0.04686946 0.4924151 0.1630314 -0.1806505 0.4924151 0.04036287 -0.06010014 0.4924151 0.1512823 -0.1721938 0.4924151 0.1500369 -0.1760266 0.4924151 0.04521244 -0.07301215 0.4924151 0.05261188 -0.08435775 0.4924151 0.1341632 -0.1666315 0.4924151 0.05098873 -0.08553704 0.4924151 0.1335432 -0.1685396 0.4924151 0.1215082 -0.161802 0.4924151 0.06319202 -0.09892006 0.4924151 0.1014344 -0.142533 0.4924151 0.1099953 -0.1542065 0.4924151 0.06772659 -0.1126677 0.4924151 0.0599317 -0.1012888 0.4924151 0.09906567 -0.1457933 0.4924151 0.07632884 -0.1234491 0.4924151 0.08687212 -0.1319529 0.4924151 0.08569283 -0.133576 0.4532093 0.1125377 -0.06203982 0.4532093 0.1322563 -0.08773756 0.4532093 0.157954 -0.1074561 0.4532093 0.1001421 -0.03211417 0.4532093 0.1878797 -0.1198517 0.4532093 0.09591422 -1.708882e-13 0.4532093 0.2199939 -0.1240796 0.4532093 0.1001421 0.03211417 0.4532093 0.252108 -0.1198517 0.4532093 0.1125377 0.06203982 0.4532093 0.2820337 -0.1074561 0.4532093 0.1322563 0.08773756 0.4532093 0.3077314 -0.08773756 0.4532093 0.157954 0.1074561 0.4532093 0.32745 -0.06203982 0.4532093 0.1878797 0.1198517 0.4532093 0.3398456 -0.03211417 0.4532093 0.2199939 0.1240796 0.4532093 0.3440735 1.708759e-13 0.4532093 0.252108 0.1198517 0.4532093 0.3398456 0.03211417 0.4532093 0.2820337 0.1074561 0.4532093 0.32745 0.06203982 0.4532093 0.3077314 0.08773756 0.5074151 0.06993179 0.1165392 0.5174152 0.06774436 0.1131348 0.5174152 0.07152431 0.1103885 0.5174152 0.08210445 0.1249508 0.5074151 0.08167252 0.1302582 0.5174152 0.0791743 0.1270797 0.5074151 0.1132889 0.1572071 0.5074151 0.108904 0.1541397 0.4974151 0.1028424 0.1491808 0.4974151 0.09816447 0.1453857 0.5074151 0.1046072 0.1509501 0.4974151 0.09360945 0.1414439 0.5074151 0.100402 0.1476407 0.4974151 0.08918188 0.1373594 0.5074151 0.08513593 0.1338407 0.5074151 0.08690258 0.1355976 0.5074151 0.08339249 0.1320608 0.5174152 0.1101565 0.1546452 0.5174152 0.1129028 0.1508653 0.5174152 0.1274652 0.1614454 0.5074151 0.1286945 0.1666266 0.5174152 0.1253363 0.1643756 0.5074151 0.1670911 0.1824864 0.5074151 0.1619729 0.1809242 0.4974151 0.1546756 0.1780812 0.4974151 0.1490539 0.1759173 0.5074151 0.1569008 0.1792185 0.4974151 0.1435037 0.173576 0.5074151 0.1518787 0.1773706 0.4974151 0.1380307 0.1710597 0.5074151 0.1330954 0.1689635 0.5074151 0.1353185 0.1700885 0.5074151 0.1308873 0.1678095 0.5174152 0.1647642 0.1765744 0.5174152 0.1633204 0.181018 0.5174152 0.1818832 0.1821367 0.5174152 0.180764 0.1855813 0.5074151 0.1846534 0.1866844 0.4974151 0.2129026 0.1895497 0.4974123 0.2199939 0.1896822 0.5024126 0.2199939 0.1898761 0.4974151 0.2068874 0.189229 0.5074151 0.2166689 0.1899709 0.5074151 0.2199939 0.19 0.5074151 0.2133449 0.1898836 0.4974151 0.2008853 0.1887174 0.5074151 0.210023 0.1897382 0.4974151 0.1949026 0.1880155 0.5074151 0.1895611 0.1875469 0.5074151 0.192023 0.1879299 0.5074151 0.1871044 0.1871317 0.5074151 0.2260717 0.1899028 0.5074151 0.2240462 0.1899568 0.5074151 0.2220201 0.1899892 0.5174152 0.2220318 0.1896714 0.5174152 0.2220318 0.1849991 0.5174152 0.2400318 0.1849991 0.5074151 0.2440717 0.1884682 0.5174152 0.2400318 0.188621 0.5074151 0.2844575 0.1787301 0.5074151 0.2793985 0.1804746 0.4974151 0.2718238 0.1824638 0.4974151 0.2660038 0.1840176 0.5074151 0.2742925 0.182076 0.4974151 0.2601375 0.1853858 0.5074151 0.2691434 0.1835329 0.4974151 0.2542306 0.186567 0.5074151 0.2490058 0.187772 0.5074151 0.2514655 0.1873754 0.5074151 0.246541 0.1881362 0.5174152 0.2790999 0.1753148 0.5174152 0.2805437 0.1797584 0.5174152 0.2962189 0.1697525 0.5174152 0.2973382 0.1731971 0.5074151 0.3011332 0.1718034 0.5074151 0.336533 0.1500621 0.5074151 0.3322608 0.1532845 0.4974151 0.3256714 0.1575171 0.4974151 0.3206165 0.1607933 0.5074151 0.3278995 0.1563853 0.4974151 0.3154601 0.1639073 0.5074151 0.3234526 0.1593621 0.4974151 0.3102073 0.166856 0.5074151 0.3056106 0.1696166 0.5074151 0.3078274 0.1684793 0.5074151 0.303379 0.1707247 0.5174152 0.3331286 0.1522495 0.5174152 0.3303823 0.1484695 0.5174152 0.3449446 0.1378894 0.5074151 0.3502521 0.1383213 0.5174152 0.3470735 0.1408195 0.5074151 0.3772009 0.1067049 0.5074151 0.3741336 0.1110898 0.4974151 0.3691747 0.1171515 0.4974151 0.3653795 0.1218294 0.5074151 0.3709439 0.1153866 0.4974151 0.3614377 0.1263844 0.5074151 0.3676346 0.1195919 0.4974151 0.3573533 0.130812 0.5074151 0.3538346 0.1348579 0.5074151 0.3555915 0.1330913 0.5074151 0.3520547 0.1366014 0.5174152 0.3746391 0.1098373 0.5174152 0.3708592 0.107091 0.5174152 0.3814393 0.0925287 0.5074151 0.3866205 0.09129939 0.5174152 0.3843694 0.09465758 0.5074151 0.4024803 0.05290276 0.5074151 0.4009181 0.05802092 0.4974151 0.398075 0.06531828 0.4974151 0.3959112 0.07093999 0.5074151 0.3992123 0.06309306 0.4974151 0.3935699 0.07649016 0.5074151 0.3973644 0.06811515 0.4974151 0.3910536 0.08196318 0.5074151 0.3889573 0.08689845 0.5074151 0.3900823 0.08467536 0.5074151 0.3878033 0.08910658 0.5174152 0.3965682 0.05522966 0.5174152 0.4010118 0.05667347 0.5174152 0.4021305 0.03811064 0.5174152 0.4055751 0.03922986 0.5074151 0.4066782 0.03534044 0.5074151 0.4098966 -0.006077892 0.5074151 0.4099925 -0.0007274789 0.4974151 0.4095436 0.007091258 0.4974151 0.4092228 0.01310649 0.5074151 0.4099376 0.004623511 0.4974151 0.4087112 0.01910851 0.5074151 0.4097321 0.009970834 0.4974151 0.4080093 0.02509126 0.5074151 0.4075408 0.03043274 0.5074151 0.4079237 0.02797083 0.5074151 0.4071256 0.03288942 0.5174152 0.4096653 -0.002037951 0.5174152 0.404993 -0.002037951 0.5174152 0.404993 -0.02003795 0.5074151 0.408462 -0.02407789 0.5174152 0.4086148 -0.02003795 0.5074151 0.3987239 -0.0644636 0.5074151 0.4004685 -0.05940467 0.4974151 0.4024577 -0.0518299 0.4974151 0.4040114 -0.04600996 0.5074151 0.4020698 -0.05429862 0.4974151 0.4053796 -0.0401436 0.5074151 0.4035268 -0.0491495 0.4974151 0.4065608 -0.03423677 0.5074151 0.4077658 -0.02901193 0.5074151 0.4073692 -0.03147168 0.5074151 0.4081301 -0.02654719 0.5174152 0.3953087 -0.05910608 0.5174152 0.3997523 -0.06054989 0.5174152 0.3897464 -0.07622509 0.5174152 0.393191 -0.07734431 0.5074151 0.3917973 -0.08113931 0.5074151 0.3700559 -0.1165392 0.5074151 0.3732784 -0.1122669 0.4974151 0.377511 -0.1056776 0.4974151 0.3807871 -0.1006226 0.5074151 0.3763792 -0.1079056 0.4974151 0.3839011 -0.09546619 0.5074151 0.379356 -0.1034587 0.4974151 0.3868498 -0.09021346 0.5074151 0.3896104 -0.08561671 0.5074151 0.3884731 -0.08783352 0.5074151 0.3907185 -0.08338518 0.5174152 0.3722433 -0.1131348 0.5174152 0.3684634 -0.1103885 0.5174152 0.3578833 -0.1249508 0.5074151 0.3583152 -0.1302582 0.5174152 0.3608134 -0.1270797 0.5074151 0.3266988 -0.1572071 0.5074151 0.3310837 -0.1541397 0.4974151 0.3371454 -0.1491808 0.4974151 0.3418232 -0.1453857 0.5074151 0.3353805 -0.1509501 0.4974151 0.3463783 -0.1414439 0.5074151 0.3395858 -0.1476407 0.4974151 0.3508058 -0.1373594 0.5074151 0.3548518 -0.1338407 0.5074151 0.3530851 -0.1355976 0.5074151 0.3565952 -0.1320608 0.5174152 0.3298312 -0.1546452 0.5174152 0.3270849 -0.1508653 0.5174152 0.3125226 -0.1614454 0.5074151 0.3112932 -0.1666266 0.5174152 0.3146514 -0.1643756 0.5074151 0.2728966 -0.1824864 0.5074151 0.2780148 -0.1809242 0.4974151 0.2853121 -0.1780812 0.4974151 0.2909338 -0.1759173 0.5074151 0.2830869 -0.1792185 0.4974151 0.296484 -0.173576 0.5074151 0.288109 -0.1773706 0.4974151 0.301957 -0.1710597 0.5074151 0.3068923 -0.1689635 0.5074151 0.3046692 -0.1700885 0.5074151 0.3091004 -0.1678095 0.5174152 0.2752235 -0.1765744 0.5174152 0.2766673 -0.181018 0.5174152 0.2581045 -0.1821367 0.5074151 0.2553343 -0.1866844 0.5174152 0.2592237 -0.1855813 0.4974151 0.2270851 -0.1895497 0.4974123 0.2199939 -0.1896822 0.5024126 0.2199939 -0.1898761 0.4974151 0.2331004 -0.189229 0.5074151 0.2233188 -0.1899709 0.5074151 0.2199939 -0.19 0.5074151 0.2266428 -0.1898836 0.4974151 0.2391024 -0.1887174 0.5074151 0.2299647 -0.1897382 0.4974151 0.2450851 -0.1880155 0.5074151 0.2504266 -0.1875469 0.5074151 0.2479647 -0.1879299 0.5074151 0.2528833 -0.1871317 0.5074151 0.213916 -0.1899028 0.5074151 0.2159415 -0.1899568 0.5074151 0.2179676 -0.1899892 0.5174152 0.2179559 -0.1849991 0.5174152 0.2179559 -0.1896714 0.5174152 0.1999559 -0.1849991 0.5074151 0.195916 -0.1884682 0.5174152 0.1999559 -0.188621 0.5074151 0.1555303 -0.1787301 0.5074151 0.1605892 -0.1804746 0.4974151 0.168164 -0.1824638 0.4974151 0.1739839 -0.1840176 0.5074151 0.1656952 -0.182076 0.4974151 0.1798503 -0.1853858 0.5074151 0.1708444 -0.1835329 0.4974151 0.1857571 -0.186567 0.5074151 0.1909819 -0.187772 0.5074151 0.1885222 -0.1873754 0.5074151 0.1934467 -0.1881362 0.5174152 0.1608878 -0.1753148 0.5174152 0.159444 -0.1797584 0.5174152 0.1437688 -0.1697525 0.5074151 0.1388546 -0.1718034 0.5174152 0.1426496 -0.1731971 0.5074151 0.1034547 -0.1500621 0.5074151 0.1077269 -0.1532845 0.4974151 0.1143163 -0.1575171 0.4974151 0.1193712 -0.1607933 0.5074151 0.1120882 -0.1563853 0.4974151 0.1245277 -0.1639073 0.5074151 0.1165351 -0.1593621 0.4974151 0.1297804 -0.166856 0.5074151 0.1343772 -0.1696166 0.5074151 0.1321603 -0.1684793 0.5074151 0.1366087 -0.1707247 0.5174152 0.1068591 -0.1522495 0.5174152 0.1096054 -0.1484695 0.5174152 0.09504307 -0.1378894 0.5074151 0.08973562 -0.1383213 0.5174152 0.09291419 -0.1408195 0.5074151 0.0627868 -0.1067049 0.5074151 0.06585416 -0.1110898 0.4974151 0.07081303 -0.1171515 0.4974151 0.0746082 -0.1218294 0.5074151 0.06904378 -0.1153866 0.4974151 0.07854999 -0.1263844 0.5074151 0.07235314 -0.1195919 0.4974151 0.08263442 -0.130812 0.5074151 0.08615312 -0.1348579 0.5074151 0.08439625 -0.1330913 0.5074151 0.08793301 -0.1366014 0.5174152 0.0653486 -0.1098373 0.5174152 0.06912856 -0.107091 0.5174152 0.05854843 -0.0925287 0.5074151 0.05336727 -0.09129939 0.5174152 0.05561828 -0.09465758 0.5074151 0.03750742 -0.05290276 0.5074151 0.03906964 -0.05802092 0.4974151 0.04191267 -0.06531828 0.4974151 0.04407653 -0.07093999 0.5074151 0.04077537 -0.06309306 0.4974151 0.04641781 -0.07649016 0.5074151 0.04262327 -0.06811515 0.4974151 0.04893415 -0.08196318 0.5074151 0.05103037 -0.08689845 0.5074151 0.0499054 -0.08467536 0.5074151 0.05218439 -0.08910658 0.5174152 0.04341949 -0.05522966 0.5174152 0.03897589 -0.05667347 0.5174152 0.03785719 -0.03811064 0.5074151 0.03330949 -0.03534044 0.5174152 0.03441259 -0.03922986 0.5074151 0.03009109 0.006077892 0.5074151 0.02999525 0.0007274789 0.4974151 0.03044412 -0.007091258 0.4974151 0.03076488 -0.01310649 0.5074151 0.03005012 -0.004623511 0.4974151 0.03127647 -0.01910851 0.5074151 0.03025566 -0.009970834 0.4974151 0.03197839 -0.02509126 0.5074151 0.03244693 -0.03043274 0.5074151 0.032064 -0.02797083 0.5074151 0.03286212 -0.03288942 0.5174152 0.03499475 0.002037951 0.5174152 0.03032247 0.002037951 0.5174152 0.03499475 0.02003795 0.5074151 0.03152568 0.02407789 0.5174152 0.03137289 0.02003795 0.5074151 0.04126377 0.0644636 0.5074151 0.03951925 0.05940467 0.4974151 0.03753003 0.0518299 0.4974151 0.03597627 0.04600996 0.5074151 0.03791788 0.05429862 0.4974151 0.0346081 0.0401436 0.5074151 0.03646095 0.0491495 0.4974151 0.0334269 0.03423677 0.5074151 0.0322219 0.02901193 0.5074151 0.03261848 0.03147168 0.5074151 0.03185761 0.02654719 0.5174152 0.04467902 0.05910608 0.5174152 0.04023541 0.06054989 0.5174152 0.05024132 0.07622509 0.5074151 0.04819044 0.08113931 0.5174152 0.04679673 0.07734431 0.5074151 0.06670936 0.1122669 0.4974151 0.06247676 0.1056776 0.4974151 0.05920059 0.1006226 0.5074151 0.06360851 0.1079056 0.4974151 0.05608658 0.09546619 0.5074151 0.06063173 0.1034587 0.4974151 0.05313787 0.09021346 0.5074151 0.05037729 0.08561671 0.5074151 0.05151456 0.08783352 0.5074151 0.04926919 0.08338518 0.4531207 0.2199939 -0.1247026 0.4524537 0.2199939 -0.125755 0.4524537 0.2525417 -0.12147 0.452862 0.2199939 -0.1252762 0.4531207 0.2522693 0.1204535 0.4531207 0.2199939 0.1247026 0.452862 0.2199939 0.1252762 0.452862 0.2524177 0.1210076 0.4524537 0.2525417 0.12147 0.4524537 0.2199939 0.125755 0.4531207 0.2823452 0.1079956 0.452862 0.282632 0.1084924 0.4524537 0.2828714 0.108907 0.4524537 0.3089161 0.08892223 0.4531207 0.3081719 0.08817807 0.452862 0.3085775 0.08858368 0.4531207 0.3279895 0.06235131 0.452862 0.3284863 0.06263812 0.4524537 0.3289009 0.06287751 0.4531207 0.3404473 0.03227541 0.452862 0.3410014 0.03242387 0.4524537 0.3414639 0.03254779 0.4524537 0.3457489 2.310082e-17 0.4531207 0.3446965 0 0.452862 0.3452701 0 0.4524537 0.3414639 -0.03254779 0.4531207 0.3404473 -0.03227541 0.452862 0.3410014 -0.03242387 0.4531207 0.3279895 -0.06235131 0.452862 0.3284863 -0.06263812 0.4524537 0.3289009 -0.06287751 0.4531207 0.3081719 -0.08817807 0.452862 0.3085775 -0.08858368 0.4524537 0.3089161 -0.08892223 0.4531207 0.2823452 -0.1079956 0.452862 0.282632 -0.1084924 0.4524537 0.2828714 -0.108907 0.4531207 0.2522693 -0.1204535 0.452862 0.2524177 -0.1210076 0.4524537 0.1874461 0.12147 0.4531207 0.1877184 -0.1204535 0.452862 0.18757 -0.1210076 0.4524537 0.1874461 -0.12147 0.4531207 0.1576425 -0.1079956 0.452862 0.1573557 -0.1084924 0.4524537 0.1571163 -0.108907 0.4531207 0.1318158 -0.08817807 0.452862 0.1314102 -0.08858368 0.4524537 0.1310716 -0.08892223 0.4531207 0.1119982 -0.06235131 0.452862 0.1115015 -0.06263812 0.4524537 0.1110868 -0.06287751 0.4531207 0.09954037 -0.03227541 0.452862 0.09898631 -0.03242387 0.4524537 0.09852383 -0.03254779 0.4531207 0.09529124 -1.717258e-13 0.452862 0.09471762 -1.725157e-13 0.4524537 0.09423883 -3.56235e-17 0.4531207 0.09954037 0.03227541 0.452862 0.09898631 0.03242387 0.4524537 0.09852383 0.03254779 0.4531207 0.1119982 0.06235131 0.452862 0.1115015 0.06263812 0.4524537 0.1110868 0.06287751 0.4531207 0.1318158 0.08817807 0.452862 0.1314102 0.08858368 0.4524537 0.1310716 0.08892223 0.4531207 0.1576425 0.1079956 0.452862 0.1573557 0.1084924 0.4524537 0.1571163 0.108907 0.4531207 0.1877184 0.1204535 0.452862 0.18757 0.1210076 0.5174152 0.07140634 0.1179031 0.5174152 0.0752176 0.1225529 0.5224152 0.08416288 0.1320199 0.5224152 0.07492145 0.1217921 0.5224152 0.06644831 0.1109193 0.5224152 0.05878833 0.09945901 0.4974151 0.09095486 0.1349191 0.5224152 0.08513079 0.1306877 0.4974151 0.1055172 0.1454993 0.5224152 0.0996931 0.1412679 0.5224152 0.09741281 0.1444064 0.5224152 0.1316073 0.1675325 0.5224152 0.1196576 0.160661 0.5174152 0.1201744 0.1612931 0.5174152 0.1151128 0.1580486 0.5224152 0.1082393 0.1529387 0.4974151 0.1389628 0.168191 0.5224152 0.1321162 0.1659664 0.4974151 0.1560818 0.1737533 0.5224152 0.1492352 0.1715287 0.5224152 0.1480364 0.1752183 0.5224152 0.1877037 0.1866458 0.5224152 0.1742154 0.1838033 0.5174152 0.1749022 0.1842448 0.5174152 0.1690857 0.1827231 0.5224152 0.1609696 0.1799874 0.5124177 0.2199939 0.1898761 0.517418 0.2199939 0.1896822 0.5224152 0.2152264 0.1893584 0.5224152 0.2199939 0.1894184 0.5224152 0.210462 0.1891784 0.5224152 0.2057037 0.1888786 0.5224152 0.1877037 0.1849991 0.4974151 0.1949026 0.1849991 0.4974151 0.2129026 0.1849991 0.5224152 0.2057037 0.1849991 0.5224152 0.2469608 0.1874889 0.5224152 0.2380058 0.18856 0.5174152 0.2340439 0.1891613 0.5224152 0.2290101 0.1892037 0.5174152 0.2280419 0.1895115 0.5224152 0.3035782 0.1699793 0.5224152 0.2909952 0.1756079 0.5174152 0.2918103 0.1755613 0.5174152 0.2862103 0.1777492 0.5224152 0.2780362 0.1803064 0.5224152 0.2647697 0.1840501 0.4974151 0.2532985 0.1836982 0.5224152 0.2464519 0.1859228 0.4974151 0.2704175 0.1781359 0.5224152 0.263571 0.1803605 0.4974151 0.3084344 0.1644157 0.5224152 0.3026103 0.1686471 0.4974151 0.3229966 0.1538356 0.5224152 0.3171726 0.158067 0.5224152 0.3194529 0.1612055 0.5224152 0.3520138 0.135831 0.5224152 0.3417859 0.1450724 0.5174152 0.3425468 0.1447763 0.5174152 0.3378969 0.1485875 0.5224152 0.3309131 0.1535455 0.4974151 0.354913 0.129039 0.5224152 0.3506816 0.1348631 0.4974151 0.3654931 0.1144767 0.5224152 0.3612617 0.1203008 0.5224152 0.3644002 0.122581 0.5224152 0.3875264 0.08838654 0.5224152 0.3806549 0.1003362 0.5174152 0.381287 0.09981947 0.5174152 0.3780424 0.1048811 0.5224152 0.3729325 0.1117546 0.4974151 0.3937471 0.06391206 0.4974151 0.3881848 0.08103107 0.5224152 0.3915226 0.07075865 0.5224152 0.3952121 0.07195747 0.5224152 0.4066397 0.0322902 0.5224152 0.4037971 0.04577844 0.5174152 0.4042386 0.04509165 0.5174152 0.402717 0.05090813 0.5224152 0.3999812 0.05902425 0.5224152 0.3859602 0.08787767 0.5224152 0.404993 0.0322902 0.4974151 0.404993 0.02509126 0.4974151 0.404993 0.007091258 0.5224152 0.404993 0.0142902 0.5224152 0.4088724 0.0142902 0.5224152 0.4074828 -0.02696693 0.5224152 0.4089475 -0.01326046 0.5174152 0.4091551 -0.01405006 0.5174152 0.4095054 -0.008048047 0.5224152 0.4094115 0.0005162361 0.4974151 0.3981298 -0.05042368 0.4974151 0.4036921 -0.03330466 0.5224152 0.4003544 -0.04357708 0.5224152 0.4040439 -0.0447759 0.5224152 0.3899732 -0.08358434 0.5224152 0.3956017 -0.07100134 0.5174152 0.3955552 -0.07181644 0.5174152 0.397743 -0.06621643 0.5224152 0.4003003 -0.05804231 0.5224152 0.4059167 -0.02645807 0.5224152 0.3558248 -0.1320199 0.5224152 0.3650663 -0.1217921 0.5174152 0.3647701 -0.1225529 0.5174152 0.3685814 -0.1179031 0.5224152 0.3735394 -0.1109193 0.5224152 0.3811994 -0.09945901 0.4974151 0.3844095 -0.08844049 0.5224152 0.388641 -0.08261642 0.4974151 0.3738294 -0.1030028 0.5224152 0.3780609 -0.09717873 0.4974151 0.3344706 -0.1454993 0.4974151 0.3490329 -0.1349191 0.5224152 0.3402946 -0.1412679 0.5224152 0.3425749 -0.1444064 0.5224152 0.3083804 -0.1675325 0.5224152 0.3203301 -0.160661 0.5174152 0.3198133 -0.1612931 0.5174152 0.3248749 -0.1580486 0.5224152 0.3317484 -0.1529387 0.5224152 0.3548569 -0.1306877 0.5224152 0.2522841 -0.1866458 0.5224152 0.2657723 -0.1838033 0.5174152 0.2650855 -0.1842448 0.5174152 0.270902 -0.1827231 0.5224152 0.2790181 -0.1799874 0.5224152 0.2919513 -0.1752183 0.4974151 0.3010249 -0.168191 0.5224152 0.3078715 -0.1659664 0.4974151 0.2839059 -0.1737533 0.5224152 0.2907525 -0.1715287 0.5124177 0.2199939 -0.1898761 0.517418 0.2199939 -0.1896822 0.5224152 0.2247613 -0.1893584 0.5224152 0.2199939 -0.1894184 0.5224152 0.2295257 -0.1891784 0.5224152 0.2342841 -0.1888786 0.4974151 0.2450851 -0.1849991 0.5224152 0.2522841 -0.1849991 0.4974151 0.2270851 -0.1849991 0.5224152 0.2342841 -0.1849991 0.5224152 0.1930269 -0.1874889 0.5224152 0.2019819 -0.18856 0.5174152 0.2059438 -0.1891613 0.5224152 0.2109776 -0.1892037 0.5174152 0.2119458 -0.1895115 0.4974151 0.1866892 -0.1836982 0.5224152 0.1935358 -0.1859228 0.4974151 0.1695702 -0.1781359 0.5224152 0.1764168 -0.1803605 0.5224152 0.175218 -0.1840501 0.5224152 0.1364095 -0.1699793 0.5224152 0.1489925 -0.1756079 0.5174152 0.1481774 -0.1755613 0.5174152 0.1537774 -0.1777492 0.5224152 0.1619516 -0.1803064 0.4974151 0.1169911 -0.1538356 0.4974151 0.1315534 -0.1644157 0.5224152 0.1228151 -0.158067 0.5224152 0.1205348 -0.1612055 0.5224152 0.08797392 -0.135831 0.5224152 0.09820175 -0.1450724 0.5174152 0.09744092 -0.1447763 0.5174152 0.1020908 -0.1485875 0.5224152 0.1090746 -0.1535455 0.5224152 0.1373774 -0.1686471 0.5224152 0.05246135 -0.08838654 0.5224152 0.05933285 -0.1003362 0.5174152 0.05870076 -0.09981947 0.5174152 0.06194529 -0.1048811 0.5224152 0.06705518 -0.1117546 0.5224152 0.07558746 -0.122581 0.4974151 0.08507471 -0.129039 0.5224152 0.08930614 -0.1348631 0.4974151 0.07449458 -0.1144767 0.5224152 0.07872601 -0.1203008 0.4974151 0.05180288 -0.08103107 0.4974151 0.04624057 -0.06391206 0.5224152 0.04846517 -0.07075865 0.5224152 0.04477559 -0.07195747 0.5224152 0.03334804 -0.0322902 0.5224152 0.03619056 -0.04577844 0.5174152 0.0357491 -0.04509165 0.5174152 0.03727071 -0.05090813 0.5224152 0.04000648 -0.05902425 0.5224152 0.05402747 -0.08787767 0.4974151 0.03499475 -0.02509126 0.5224152 0.03499475 -0.0322902 0.4974151 0.03499475 -0.007091258 0.5224152 0.03499475 -0.0142902 0.5224152 0.0311153 -0.0142902 0.5224152 0.03250491 0.02696693 0.5224152 0.03104021 0.01326046 0.5174152 0.03083259 0.01405006 0.5174152 0.03048234 0.008048047 0.5224152 0.03057619 -0.0005162361 0.4974151 0.03629563 0.03330466 0.4974151 0.04185793 0.05042368 0.5224152 0.03963334 0.04357708 0.5224152 0.03594376 0.0447759 0.5224152 0.05001451 0.08358434 0.5224152 0.04438597 0.07100134 0.5174152 0.04443251 0.07181644 0.5174152 0.04224467 0.06621643 0.5224152 0.03968742 0.05804231 0.5224152 0.03407103 0.02645807 0.4974151 0.05557817 0.08844049 0.5224152 0.05134674 0.08261642 0.4974151 0.0661583 0.1030028 0.5224152 0.06192687 0.09717873 0.4464267 0.2199939 -0.1326078 0.4432188 0.2199939 0.1675331 0.4432188 0.2633546 0.1618246 0.4478967 0.2199939 0.1753692 0.4406418 0.2199939 0.1587784 0.4478967 0.2653827 0.1693936 0.4403282 0.2199939 0.1496577 0.4403282 0.2587281 0.1445582 0.442298 0.2199939 0.1407466 0.4464267 0.2543153 0.1280893 0.4464267 0.2199939 0.1326078 0.4432188 0.3037604 0.1450879 0.4478967 0.3076784 0.1518741 0.4403282 0.2948227 0.1296073 0.4464267 0.2862978 0.1148418 0.4432188 0.3384576 0.1184638 0.4478967 0.3439986 0.1240047 0.4403282 0.3258178 0.105824 0.4464267 0.3137618 0.09376791 0.4432188 0.3650818 0.08376656 0.4478967 0.371868 0.08768458 0.4478967 0.3893875 0.04538888 0.4403282 0.3496012 0.07482883 0.4464267 0.3348356 0.06630392 0.4432188 0.3818184 0.04336076 0.4403282 0.3645521 0.03873425 0.4464267 0.3480832 0.03432144 0.4432188 0.387527 0 0.4478967 0.395363 3.221479e-17 0.4403282 0.3696515 0 0.4464267 0.3526017 0 0.4432188 0.3818184 -0.04336076 0.4478967 0.3893875 -0.04538888 0.4403282 0.3645521 -0.03873425 0.4464267 0.3480832 -0.03432144 0.4432188 0.3650818 -0.08376656 0.4478967 0.371868 -0.08768458 0.4403282 0.3496012 -0.07482883 0.4464267 0.3348356 -0.06630392 0.4432188 0.3384576 -0.1184638 0.4478967 0.3439986 -0.1240047 0.4403282 0.3258178 -0.105824 0.4464267 0.3137618 -0.09376791 0.4432188 0.3037604 -0.1450879 0.4478967 0.3076784 -0.1518741 0.4403282 0.2948227 -0.1296073 0.4464267 0.2862978 -0.1148418 0.4432188 0.2633546 -0.1618246 0.4478967 0.2653827 -0.1693936 0.4478967 0.2199939 -0.1753692 0.4432188 0.2199939 -0.1675331 0.4406418 0.2199939 -0.1587784 0.4403282 0.2587281 -0.1445582 0.4403282 0.2199939 -0.1496577 0.442298 0.2199939 -0.1407466 0.4464267 0.2543153 -0.1280893 0.4432188 0.1766331 -0.1618246 0.4478967 0.174605 -0.1693936 0.4478967 0.1323093 -0.1518741 0.4403282 0.1812596 -0.1445582 0.4464267 0.1856724 -0.1280893 0.4432188 0.1362273 -0.1450879 0.4403282 0.145165 -0.1296073 0.4464267 0.1536899 -0.1148418 0.4432188 0.1015301 -0.1184638 0.4478967 0.09598914 -0.1240047 0.4403282 0.1141699 -0.105824 0.4464267 0.126226 -0.09376791 0.4432188 0.07490593 -0.08376656 0.4478967 0.06811971 -0.08768458 0.4403282 0.09038652 -0.07482883 0.4464267 0.1051521 -0.06630392 0.4432188 0.0581693 -0.04336076 0.4478967 0.05060025 -0.04538888 0.4403282 0.07543565 -0.03873425 0.4464267 0.09190451 -0.03432144 0.4432188 0.05246075 -9.491582e-17 0.4478967 0.04462469 -4.967804e-17 0.4478967 0.05060025 0.04538888 0.4403282 0.0703362 -8.478849e-17 0.4464267 0.08738601 -7.512893e-17 0.4432188 0.0581693 0.04336076 0.4403282 0.07543565 0.03873425 0.4464267 0.09190451 0.03432144 0.4432188 0.07490593 0.08376656 0.4478967 0.06811971 0.08768458 0.4403282 0.09038652 0.07482883 0.4464267 0.1051521 0.06630392 0.4432188 0.1015301 0.1184638 0.4478967 0.09598914 0.1240047 0.4403282 0.1141699 0.105824 0.4464267 0.126226 0.09376791 0.4432188 0.1362273 0.1450879 0.4478967 0.1323093 0.1518741 0.4403282 0.145165 0.1296073 0.4464267 0.1536899 0.1148418 0.4432188 0.1766331 0.1618246 0.4478967 0.174605 0.1693936 0.4403282 0.1812596 0.1445582 0.4464267 0.1856724 0.1280893 0.5224152 0.08917821 0.1308148 0.5224152 0.127493 0.1602147 0.5224152 0.05977826 0.0925 0.5224152 0.1721114 0.1786963 0.5224152 0.04129668 0.04788152 0.5224152 0.03499296 9.50388e-17 0.5224152 0.219993 0.185 0.5224152 0.04129668 -0.04788152 0.5224152 0.2678745 0.1786963 0.5224152 0.05977826 -0.0925 0.5224152 0.312493 0.1602147 0.5224152 0.08917821 -0.1308148 0.5224152 0.3508077 0.1308148 0.5224152 0.127493 -0.1602147 0.5224152 0.3802077 0.0925 0.5224152 0.1721114 -0.1786963 0.5224152 0.3986892 0.04788152 0.5224152 0.219993 -0.185 0.5224152 0.404993 -7.661652e-17 0.5224152 0.2678745 -0.1786963 0.5224152 0.3986892 -0.04788152 0.5224152 0.3802077 -0.0925 0.5224152 0.312493 -0.1602147 0.5224152 0.3508077 -0.1308148 0.4521978 0.2199939 0.1787108 0.4521978 0.2662476 0.1726214 0.4548264 0.2199939 0.1794989 0.4548264 0.2664516 0.1733826 0.4498406 0.265884 0.1712645 0.4498406 0.2199939 0.177306 0.4521978 0.3093493 0.1547681 0.4548264 0.3097433 0.1554506 0.4498406 0.3086469 0.1535515 0.4521978 0.3463615 0.1263676 0.4548264 0.3469187 0.1269249 0.4498406 0.3453681 0.1253743 0.4521978 0.374762 0.08935541 0.4548264 0.3754445 0.08974944 0.4548264 0.3933765 0.04645773 0.4498406 0.3735454 0.08865301 0.4521978 0.3926153 0.04625376 0.4548264 0.3994927 3.297341e-17 0.4498406 0.3912583 0.04589017 0.4521978 0.3987047 0 0.4548264 0.3933765 -0.04645773 0.4498406 0.3972999 0 0.4521978 0.3926153 -0.04625376 0.4498406 0.3912583 -0.04589017 0.4521978 0.374762 -0.08935541 0.4548264 0.3754445 -0.08974944 0.4498406 0.3735454 -0.08865301 0.4521978 0.3463615 -0.1263676 0.4548264 0.3469187 -0.1269249 0.4548264 0.3097433 -0.1554506 0.4498406 0.3453681 -0.1253743 0.4521978 0.3093493 -0.1547681 0.4498406 0.3086469 -0.1535515 0.4521978 0.2662476 -0.1726214 0.4548264 0.2664516 -0.1733826 0.4548264 0.2199939 -0.1794989 0.4521978 0.2199939 -0.1787108 0.4498406 0.265884 -0.1712645 0.4498406 0.2199939 -0.177306 0.4548264 0.1735361 0.1733826 0.4521978 0.1737401 -0.1726214 0.4548264 0.1735361 -0.1733826 0.4498406 0.1741037 -0.1712645 0.4521978 0.1306384 -0.1547681 0.4548264 0.1302444 -0.1554506 0.4498406 0.1313409 -0.1535515 0.4521978 0.09362623 -0.1263676 0.4548264 0.09306898 -0.1269249 0.4548264 0.06454326 -0.08974944 0.4498406 0.09461958 -0.1253743 0.4521978 0.06522575 -0.08935541 0.4498406 0.06644234 -0.08865301 0.4521978 0.04737246 -0.04625376 0.4548264 0.04661124 -0.04645773 0.4548264 0.04049497 -5.08479e-17 0.4498406 0.0487294 -0.04589017 0.4521978 0.04128304 -1.012486e-16 0.4548264 0.04661124 0.04645773 0.4498406 0.04268784 -1.004527e-16 0.4521978 0.04737246 0.04625376 0.4548264 0.06454326 0.08974944 0.4498406 0.0487294 0.04589017 0.4521978 0.06522575 0.08935541 0.4498406 0.06644234 0.08865301 0.4521978 0.09362623 0.1263676 0.4548264 0.09306898 0.1269249 0.4498406 0.09461958 0.1253743 0.4521978 0.1306384 0.1547681 0.4548264 0.1302444 0.1554506 0.4498406 0.1313409 0.1535515 0.4521978 0.1737401 0.1726214 0.4498406 0.1741037 0.1712645 0.5274152 0.2678745 -0.1786963 0.5274152 0.219993 -0.185 0.5274152 0.312493 -0.1602147 0.5274152 0.3508077 -0.1308148 0.5274152 0.3802077 -0.0925 0.5274152 0.3986892 -0.04788152 0.5274152 0.404993 -3.398395e-17 0.5274152 0.3986892 0.04788152 0.5274152 0.3802077 0.0925 0.5274152 0.3508077 0.1308148 0.5274152 0.312493 0.1602147 0.5274152 0.2678745 0.1786963 0.5274152 0.219993 0.185 0.5274152 0.1721114 0.1786963 0.5274152 0.127493 0.1602147 0.5274152 0.08917821 0.1308148 0.5274152 0.05977826 0.0925 0.5274152 0.04129668 0.04788152 0.5274152 0.03499296 5.240623e-17 0.5274152 0.04129668 -0.04788152 0.5274152 0.05977826 -0.0925 0.5274152 0.08917821 -0.1308148 0.5274152 0.127493 -0.1602147 0.5274152 0.1721114 -0.1786963 0.4722666 0.2199939 -0.1820134 0.4898109 0.2199939 -0.183652 0.5074151 0.2199939 -0.1844109 0.5074151 0.2677229 -0.1781272 0.5074151 0.3121993 -0.1597045 0.5074151 0.350392 -0.1303982 0.5074151 0.3796984 -0.09220544 0.5074151 0.3981211 -0.04772905 0.5074151 0.4044047 3.387573e-17 0.5074151 0.3981211 0.04772905 0.5074151 0.3796984 0.09220544 0.5074151 0.350392 0.1303982 0.5074151 0.3121993 0.1597045 0.5074151 0.2677229 0.1781272 0.4722666 0.2199939 0.1820134 0.4898109 0.2199939 0.183652 0.5074151 0.2199939 0.1844109 0.5074151 0.1722648 0.1781272 0.5074151 0.1277884 0.1597045 0.5074151 0.08959568 0.1303982 0.5074151 0.06028936 0.09220544 0.5074151 0.04186664 0.04772905 0.5074151 0.03558299 -5.223935e-17 0.5074151 0.04186664 -0.04772905 0.5074151 0.06028936 -0.09220544 0.5074151 0.08959568 -0.1303982 0.5074151 0.1277884 -0.1597045 0.5074151 0.1722648 -0.1781272 0.5274152 0.0833475 0.1306927 0.5274152 0.08396598 0.1298414 0.5274152 0.07421546 0.120422 0.5274152 0.1072398 0.1517871 0.5274152 0.09852829 0.1404216 0.5274152 0.09651242 0.1431962 0.5274152 0.06108059 0.09601392 0.5274152 0.06585356 0.1095152 0.5274152 0.05830598 0.09802979 0.5274152 0.1307469 0.1655215 0.5274152 0.1304217 0.1665222 0.5274152 0.1185628 0.1595762 0.5274152 0.05050045 0.08145161 0.5274152 0.04413791 0.06948016 0.5274152 0.04964919 0.08207009 0.5274152 0.1478659 0.1710838 0.5274152 0.1468061 0.1743455 0.5274152 0.1596632 0.179201 0.5274152 0.172839 0.1831099 0.5274152 0.03955567 0.05652317 0.5274152 0.03592668 0.04326757 0.5274152 0.03918842 0.04220776 0.5274152 0.1862639 0.1860513 0.5274152 0.1862639 0.1849991 0.5274152 0.2042639 0.1849991 0.5274152 0.03362611 0.02508875 0.5274152 0.03127436 0.01173708 0.5274152 0.03262539 0.0254139 0.5274152 0.2042639 0.1884287 0.5274152 0.2095005 0.1887927 0.5274152 0.03092032 -0.002001738 0.5274152 0.2199939 0.1890841 0.5274152 0.2147451 0.1890113 0.5274152 0.228488 0.1888932 0.5274152 0.236965 0.188321 0.5274152 0.03499475 -0.01572999 0.5274152 0.03156516 -0.01572999 0.5274152 0.2450826 0.1863677 0.5274152 0.2454078 0.1873685 0.5274152 0.2622016 0.1808054 0.5274152 0.03499475 -0.03372998 0.5274152 0.03688399 -0.0471549 0.5274152 0.03394253 -0.03372998 0.5274152 0.2632614 0.1840672 0.5274152 0.276517 0.1804382 0.5274152 0.04079281 -0.0603307 0.5274152 0.289474 0.1758559 0.5274152 0.04891009 -0.07212798 0.5274152 0.04564835 -0.07318777 0.5274152 0.3014455 0.1694934 0.5274152 0.302064 0.1703447 0.5274152 0.05447239 -0.08924699 0.5274152 0.05347167 -0.08957214 0.5274152 0.06041769 -0.101431 0.5274152 0.3180237 0.1616879 0.5274152 0.3295091 0.1541403 0.5274152 0.3160078 0.1589133 0.5274152 0.06820675 -0.1127541 0.5274152 0.3404159 0.1457784 0.5274152 0.07957229 -0.1214656 0.5274152 0.07679769 -0.1234814 0.5274152 0.3506866 0.1366464 0.5274152 0.3498353 0.1360279 0.5274152 0.09015243 -0.1360279 0.5274152 0.09957182 -0.1457784 0.5274152 0.08930116 -0.1366464 0.5274152 0.36319 0.1234814 0.5274152 0.371781 0.1127541 0.5274152 0.3604154 0.1214656 0.5274152 0.1239799 -0.1589133 0.5274152 0.1104787 -0.1541403 0.5274152 0.1219641 -0.1616879 0.5274152 0.37957 0.101431 0.5274152 0.3865161 0.08957214 0.5274152 0.3855153 0.08924699 0.5274152 0.3910776 0.07212798 0.5274152 0.1385422 -0.1694934 0.5274152 0.1505137 -0.1758559 0.5274152 0.1379238 -0.1703447 0.5274152 0.3943394 0.07318777 0.5274152 0.3991949 0.0603307 0.5274152 0.1634707 -0.1804382 0.5274152 0.4031037 0.0471549 0.5274152 0.1767263 -0.1840672 0.5274152 0.1777861 -0.1808054 0.5274152 0.404993 0.03372998 0.5274152 0.4060452 0.03372998 0.5274152 0.404993 0.01572999 0.5274152 0.1949051 -0.1863677 0.5274152 0.2030227 -0.188321 0.5274152 0.19458 -0.1873685 0.5274152 0.2114997 -0.1888932 0.5274152 0.4090674 0.002001738 0.5274152 0.4084225 0.01572999 0.5274152 0.2199939 -0.1890841 0.5274152 0.2252426 -0.1890113 0.5274152 0.2304873 -0.1887927 0.5274152 0.4087133 -0.01173708 0.5274152 0.2357238 -0.1849991 0.5274152 0.2357238 -0.1884287 0.5274152 0.4063616 -0.02508875 0.5274152 0.4073623 -0.0254139 0.5274152 0.4007993 -0.04220776 0.5274152 0.2537238 -0.1849991 0.5274152 0.404061 -0.04326757 0.5274152 0.2671488 -0.1831099 0.5274152 0.2537238 -0.1860513 0.5274152 0.400432 -0.05652317 0.5274152 0.2803246 -0.179201 0.5274152 0.2921218 -0.1710838 0.5274152 0.3958498 -0.06948016 0.5274152 0.2931816 -0.1743455 0.5274152 0.3894873 -0.08145161 0.5274152 0.3903385 -0.08207009 0.5274152 0.3092408 -0.1655215 0.5274152 0.309566 -0.1665222 0.5274152 0.3214249 -0.1595762 0.5274152 0.3789071 -0.09601392 0.5274152 0.3414594 -0.1404216 0.5274152 0.3816817 -0.09802979 0.5274152 0.3741342 -0.1095152 0.5274152 0.3327479 -0.1517871 0.5274152 0.3657722 -0.120422 0.5274152 0.3560217 -0.1298414 0.5274152 0.3434753 -0.1431962 0.5274152 0.3566402 -0.1306927 0.5250194 0.2199939 -0.183652 0.5425637 0.2199939 -0.1820134 0.5600039 0.2664516 -0.1733826 0.5600039 0.2199939 -0.1794989 0.5600039 0.3097433 -0.1554506 0.5600039 0.3469187 -0.1269249 0.5600039 0.3754445 -0.08974944 0.5600039 0.3933765 -0.04645773 0.5600039 0.3994927 3.297341e-17 0.5600039 0.3933765 0.04645773 0.5600039 0.3754445 0.08974944 0.5600039 0.3469187 0.1269249 0.5600039 0.3097433 0.1554506 0.5600039 0.2664516 0.1733826 0.5250194 0.2199939 0.183652 0.5425637 0.2199939 0.1820134 0.5600039 0.2199939 0.1794989 0.5600039 0.1735361 0.1733826 0.5600039 0.1302444 0.1554506 0.5600039 0.09306898 0.1269249 0.5600039 0.06454326 0.08974944 0.5600039 0.04661124 0.04645773 0.5600039 0.04049497 -5.08479e-17 0.5600039 0.04661124 -0.04645773 0.5600039 0.06454326 -0.08974944 0.5600039 0.09306898 -0.1269249 0.5600039 0.1302444 -0.1554506 0.5600039 0.1735361 -0.1733826 0.5444322 0.03477653 0.02862936 0.5520576 0.03699564 0.03545908 0.5349305 0.03295737 0.02303055 0.5374467 0.2199939 0.1882007 0.5349305 0.1840998 0.1849991 0.5520576 0.1971679 0.1849991 0.5474493 0.2199939 0.1870353 0.5574152 0.2199939 0.1855887 0.5574152 0.17196 0.1792649 0.5444218 0.189979 0.1849991 0.5349305 0.1286887 0.1648527 0.5520576 0.1411172 0.168891 0.5574152 0.1271995 0.1607245 0.5444319 0.1342873 0.1666718 0.5349305 0.08221517 0.1285694 0.5520576 0.09278752 0.1362507 0.5574152 0.08876285 0.131231 0.5444319 0.08697762 0.1320295 0.5349305 0.04922841 0.07970081 0.5520576 0.05690967 0.09027316 0.5574152 0.05926935 0.09279433 0.5574152 0.04072897 0.04803388 0.5444319 0.05268853 0.08446325 0.5574152 0.03440519 -5.257299e-17 0.5349305 0.03499475 -0.0358941 0.5520576 0.03499475 -0.02282596 0.5574152 0.04072897 -0.04803388 0.5444218 0.03499472 -0.03001487 0.5349305 0.05514114 -0.09130518 0.5520576 0.05110286 -0.07887665 0.5574152 0.05926935 -0.09279433 0.5444319 0.05332205 -0.0857066 0.5349305 0.09142446 -0.1377787 0.5520576 0.0837432 -0.1272063 0.5574152 0.08876285 -0.131231 0.5444319 0.08796434 -0.1330162 0.5349305 0.140293 -0.1707654 0.5520576 0.1297207 -0.1630842 0.5574152 0.1271995 -0.1607245 0.5574152 0.17196 -0.1792649 0.5444319 0.1355306 -0.1673053 0.5349305 0.1969633 -0.1870365 0.5520576 0.1845348 -0.1829982 0.5374467 0.2199939 -0.1882007 0.5474493 0.2199939 -0.1870353 0.5444319 0.1913647 -0.1852174 0.5574152 0.2199939 -0.1855887 0.5349305 0.255888 -0.1849991 0.5520576 0.2428198 -0.1849991 0.5574152 0.2680277 -0.1792649 0.5444218 0.2500087 -0.1849991 0.5349305 0.311299 -0.1648527 0.5520576 0.2988705 -0.168891 0.5574152 0.3127882 -0.1607245 0.5444319 0.3057004 -0.1666718 0.5349305 0.3577726 -0.1285694 0.5520576 0.3472002 -0.1362507 0.5574152 0.3512249 -0.131231 0.5444319 0.3530101 -0.1320295 0.5349305 0.3907593 -0.07970081 0.5520576 0.383078 -0.09027316 0.5574152 0.3807184 -0.09279433 0.5574152 0.3992588 -0.04803388 0.5444319 0.3872992 -0.08446325 0.5349305 0.4070303 -0.02303055 0.5520576 0.4029921 -0.03545908 0.5574152 0.4055825 3.409209e-17 0.5444319 0.4052112 -0.02862914 0.5349305 0.404993 0.0358941 0.5520576 0.404993 0.02282596 0.5574152 0.3992588 0.04803388 0.5444218 0.404993 0.03001487 0.5349305 0.3848466 0.09130518 0.5520576 0.3888849 0.07887665 0.5574152 0.3807184 0.09279433 0.5444319 0.3866657 0.0857066 0.5349305 0.3485633 0.1377787 0.5520576 0.3562445 0.1272063 0.5574152 0.3512249 0.131231 0.5444319 0.3520234 0.1330162 0.5349305 0.2996947 0.1707654 0.5520576 0.310267 0.1630842 0.5574152 0.3127882 0.1607245 0.5574152 0.2680277 0.1792649 0.5444319 0.3044571 0.1673053 0.5349305 0.2430244 0.1870365 0.5520576 0.2554529 0.1829982 0.5444319 0.248623 0.1852174 0.5669336 0.2653827 -0.1693936 0.5649897 0.2199939 -0.177306 0.5669336 0.2199939 -0.1753692 0.5649897 0.2199939 0.177306 0.5649897 0.265884 0.1712645 0.5669336 0.2199939 0.1753692 0.5669336 0.2653827 0.1693936 0.5626324 0.2662476 0.1726214 0.5626324 0.2199939 0.1787108 0.5649897 0.3086469 0.1535515 0.5669336 0.3076784 0.1518741 0.5626324 0.3093493 0.1547681 0.5649897 0.3453681 0.1253743 0.5669336 0.3439986 0.1240047 0.5626324 0.3463615 0.1263676 0.5649897 0.3735454 0.08865301 0.5669336 0.371868 0.08768458 0.5669336 0.3893875 0.04538888 0.5626324 0.374762 0.08935541 0.5649897 0.3912583 0.04589017 0.5669336 0.395363 3.221479e-17 0.5626324 0.3926153 0.04625376 0.5649897 0.3972999 0 0.5626324 0.3987047 0 0.5649897 0.3912583 -0.04589017 0.5669336 0.3893875 -0.04538888 0.5626324 0.3926153 -0.04625376 0.5649897 0.3735454 -0.08865301 0.5669336 0.371868 -0.08768458 0.5626324 0.374762 -0.08935541 0.5649897 0.3453681 -0.1253743 0.5669336 0.3439986 -0.1240047 0.5626324 0.3463615 -0.1263676 0.5649897 0.3086469 -0.1535515 0.5669336 0.3076784 -0.1518741 0.5626324 0.3093493 -0.1547681 0.5649897 0.265884 -0.1712645 0.5626324 0.2662476 -0.1726214 0.5626324 0.2199939 -0.1787108 0.5649897 0.1741037 -0.1712645 0.5669336 0.174605 -0.1693936 0.5626324 0.1737401 -0.1726214 0.5649897 0.1313409 -0.1535515 0.5669336 0.1323093 -0.1518741 0.5626324 0.1306384 -0.1547681 0.5649897 0.09461958 -0.1253743 0.5669336 0.09598914 -0.1240047 0.5669336 0.06811971 -0.08768458 0.5626324 0.09362623 -0.1263676 0.5649897 0.06644234 -0.08865301 0.5669336 0.05060025 -0.04538888 0.5626324 0.06522575 -0.08935541 0.5649897 0.0487294 -0.04589017 0.5626324 0.04737246 -0.04625376 0.5649897 0.04268784 -1.004528e-16 0.5669336 0.04462469 -4.967804e-17 0.5669336 0.05060025 0.04538888 0.5626324 0.04128304 -1.012486e-16 0.5649897 0.0487294 0.04589017 0.5626324 0.04737246 0.04625376 0.5649897 0.06644234 0.08865301 0.5669336 0.06811971 0.08768458 0.5626324 0.06522575 0.08935541 0.5649897 0.09461958 0.1253743 0.5669336 0.09598914 0.1240047 0.5626324 0.09362623 0.1263676 0.5649897 0.1313409 0.1535515 0.5669336 0.1323093 0.1518741 0.5626324 0.1306384 0.1547681 0.5649897 0.1741037 0.1712645 0.5669336 0.174605 0.1693936 0.5626324 0.1737401 0.1726214 0.5574152 0.08917821 0.1308148 0.5574152 0.05977826 0.0925 0.5574152 0.127493 0.1602147 0.5574152 0.04129668 0.04788152 0.5574152 0.1721114 0.1786963 0.5574152 0.03499296 9.50388e-17 0.5574152 0.219993 0.185 0.5574152 0.04129668 -0.04788152 0.5574152 0.2678745 0.1786963 0.5574152 0.05977826 -0.0925 0.5574152 0.312493 0.1602147 0.5574152 0.08917821 -0.1308148 0.5574152 0.3508077 0.1308148 0.5574152 0.127493 -0.1602147 0.5574152 0.3802077 0.0925 0.5574152 0.1721114 -0.1786963 0.5574152 0.3986892 0.04788152 0.5574152 0.219993 -0.185 0.5574152 0.404993 -7.661652e-17 0.5574152 0.2678745 -0.1786963 0.5574152 0.3986892 -0.04788152 0.5574152 0.312493 -0.1602147 0.5574152 0.3802077 -0.0925 0.5574152 0.3508077 -0.1308148 0.5684036 0.2199939 0.1326078 0.5623766 0.2525417 0.12147 0.5623766 0.2199939 0.125755 0.5716115 0.2199939 0.1675331 0.5623766 0.2525417 -0.12147 0.5684036 0.2199939 -0.1326078 0.5623766 0.2199939 -0.125755 0.5716115 0.2199939 -0.1675331 0.5725323 0.2199939 0.1407466 0.5725323 0.2564218 0.1359508 0.574502 0.2199939 0.1496577 0.5623766 0.2828714 0.108907 0.5741885 0.2199939 0.1587784 0.5741885 0.2610887 0.1533681 0.5725323 0.2903672 0.1218902 0.5741885 0.2993831 0.1375061 0.5725323 0.3195168 0.09952291 0.5623766 0.3089161 0.08892223 0.5623766 0.3289009 0.06287751 0.5741885 0.3322672 0.1122733 0.5725323 0.341884 0.07037332 0.5741885 0.3575 0.0793892 0.5725323 0.3559447 0.03642791 0.5623766 0.3414639 0.03254779 0.5741885 0.373362 0.04109487 0.5725323 0.3607405 0 0.5623766 0.3457489 2.310082e-17 0.5741885 0.3787722 0 0.5725323 0.3559447 -0.03642791 0.5623766 0.3414639 -0.03254779 0.5741885 0.373362 -0.04109487 0.5725323 0.341884 -0.07037332 0.5623766 0.3289009 -0.06287751 0.5741885 0.3575 -0.0793892 0.5725323 0.3195168 -0.09952291 0.5623766 0.3089161 -0.08892223 0.5741885 0.3322672 -0.1122733 0.5725323 0.2903672 -0.1218902 0.5623766 0.2828714 -0.108907 0.5741885 0.2993831 -0.1375061 0.5725323 0.2564218 -0.1359508 0.5725323 0.2199939 -0.1407466 0.574502 0.2199939 -0.1496577 0.5741885 0.2610887 -0.1533681 0.5741885 0.2199939 -0.1587784 0.5623766 0.1874461 -0.12147 0.5623766 0.1874461 0.12147 0.5725323 0.1835659 -0.1359508 0.5741885 0.178899 -0.1533681 0.5725323 0.1496205 -0.1218902 0.5623766 0.1571163 -0.108907 0.5741885 0.1406047 -0.1375061 0.5725323 0.1204709 -0.09952291 0.5623766 0.1310716 -0.08892223 0.5741885 0.1077206 -0.1122733 0.5725323 0.09810368 -0.07037332 0.5623766 0.1110868 -0.06287751 0.5623766 0.09852383 -0.03254779 0.5741885 0.08248773 -0.0793892 0.5725323 0.08404304 -0.03642791 0.5741885 0.0666257 -0.04109487 0.5725323 0.07924721 -7.973997e-17 0.5623766 0.09423883 -3.56235e-17 0.5741885 0.06121546 -8.995585e-17 0.5725323 0.08404304 0.03642791 0.5623766 0.09852383 0.03254779 0.5623766 0.1110868 0.06287751 0.5741885 0.0666257 0.04109487 0.5725323 0.09810368 0.07037332 0.5741885 0.08248773 0.0793892 0.5725323 0.1204709 0.09952291 0.5623766 0.1310716 0.08892223 0.5623766 0.1571163 0.108907 0.5741885 0.1077206 0.1122733 0.5725323 0.1496205 0.1218902 0.5741885 0.1406047 0.1375061 0.5725323 0.1835659 0.1359508 0.5741885 0.178899 0.1533681 0.5609887 0.2569187 -0.1812774 0.5609877 0.2199939 -0.185 0.5609897 0.2930524 -0.1699626 0.5609908 0.3339141 -0.1457633 0.5609918 0.3674485 -0.1117223 0.5609924 0.3909176 -0.07077979 0.5609926 0.3968532 -0.05427223 0.5609927 0.4012559 -0.03699677 0.5609929 0.4047718 -0.009043048 0.5609927 0.4023124 0.03137906 0.5609924 0.3914145 0.06956763 0.5609919 0.371248 0.1065218 0.5609911 0.3443501 0.1369682 0.5609902 0.3114168 0.1608312 0.5609891 0.2736754 0.1770401 0.5609884 0.247128 0.1829991 0.5609877 0.219993 0.185 0.5609864 0.1747575 0.1793844 0.5609852 0.1327093 0.1631152 0.5609842 0.09574387 0.1370663 0.5609838 0.08313762 0.1244814 0.5609835 0.07183825 0.1107934 0.5609831 0.05683464 0.087203 0.5609827 0.04134403 0.04805794 0.5609825 0.03511419 0.006694475 0.5609825 0.0385451 -0.03607873 0.5609828 0.04579261 -0.06228337 0.5609831 0.05679489 -0.08712858 0.5609836 0.07716846 -0.1175847 0.5609844 0.1028739 -0.1432071 0.5609852 0.1328295 -0.1631795 0.560986 0.1598273 -0.1749433 0.5609868 0.1883701 -0.1822772 0.561621 0.252108 0.1198517 0.561621 0.2199939 0.1240796 0.5617096 0.2199939 0.1247026 0.5619683 0.2199939 -0.1252762 0.5619683 0.2524177 0.1210076 0.5619683 0.2199939 0.1252762 0.5617096 0.2522693 0.1204535 0.5619683 0.282632 0.1084924 0.5617096 0.2823452 0.1079956 0.561621 0.2820337 0.1074561 0.561621 0.3077314 0.08773756 0.5619683 0.3085775 0.08858368 0.5617096 0.3081719 0.08817807 0.5619683 0.3284863 0.06263812 0.5617096 0.3279895 0.06235131 0.561621 0.32745 0.06203982 0.5619683 0.3410014 0.03242387 0.5617096 0.3404473 0.03227541 0.561621 0.3398456 0.03211417 0.561621 0.3440735 2.279306e-17 0.5619683 0.3452701 0 0.5617096 0.3446965 0 0.5619683 0.3410014 -0.03242387 0.5617096 0.3404473 -0.03227541 0.561621 0.3398456 -0.03211417 0.5619683 0.3284863 -0.06263812 0.5617096 0.3279895 -0.06235131 0.561621 0.32745 -0.06203982 0.5619683 0.3085775 -0.08858368 0.5617096 0.3081719 -0.08817807 0.561621 0.3077314 -0.08773756 0.5619683 0.282632 -0.1084924 0.5617096 0.2823452 -0.1079956 0.561621 0.2820337 -0.1074561 0.5619683 0.2524177 -0.1210076 0.5617096 0.2522693 -0.1204535 0.5617096 0.2199939 -0.1247026 0.561621 0.2199939 -0.1240796 0.561621 0.252108 -0.1198517 0.5619683 0.18757 -0.1210076 0.5617096 0.1877184 -0.1204535 0.561621 0.1878797 -0.1198517 0.5619683 0.1573557 -0.1084924 0.5617096 0.1576425 -0.1079956 0.561621 0.157954 -0.1074561 0.561621 0.1322563 -0.08773756 0.5619683 0.1314102 -0.08858368 0.5617096 0.1318158 -0.08817807 0.5619683 0.1115015 -0.06263812 0.5617096 0.1119982 -0.06235131 0.561621 0.1125377 -0.06203982 0.561621 0.1001421 -0.03211417 0.5619683 0.09898631 -0.03242387 0.5617096 0.09954037 -0.03227541 0.561621 0.09591422 -3.51489e-17 0.5619683 0.09471762 -1.534144e-17 0.5617096 0.09529124 -1.527119e-17 0.5619683 0.09898631 0.03242387 0.5617096 0.09954037 0.03227541 0.561621 0.1001421 0.03211417 0.5619683 0.1115015 0.06263812 0.5617096 0.1119982 0.06235131 0.561621 0.1125377 0.06203982 0.5619683 0.1314102 0.08858368 0.5617096 0.1318158 0.08817807 0.561621 0.1322563 0.08773756 0.5619683 0.1573557 0.1084924 0.5617096 0.1576425 0.1079956 0.561621 0.157954 0.1074561 0.5619683 0.18757 0.1210076 0.5617096 0.1877184 0.1204535 0.561621 0.1878797 0.1198517 0.564912 0.2199939 0.183813 0.571334 0.3464342 0.1264403 0.564912 0.2199939 -0.183813 0.564912 0.2469539 0.1818251 0.571334 0.2199939 0.1788137 0.571334 0.2662742 0.1727207 0.568431 0.2199939 0.1817089 0.568431 0.2670236 0.1755173 0.564912 0.2675682 0.1775497 0.568431 0.3097906 0.1579705 0.571334 0.3094007 0.1548572 0.564912 0.3108304 0.1597997 0.564912 0.3435526 0.1360898 0.564912 0.3702782 0.1058388 0.571334 0.374851 0.08940683 0.568431 0.3773584 0.09085447 0.564912 0.3791806 0.0919065 0.564912 0.3903154 0.06912158 0.571334 0.3927146 0.04628038 0.568431 0.3955112 0.04702973 0.564912 0.3975436 0.04757431 0.564912 0.4011434 0.03117785 0.571334 0.3988075 3.284753e-17 0.568431 0.4017028 0 0.564912 0.4038069 0 0.564912 0.4000937 -0.03675956 0.571334 0.3927146 -0.04628038 0.568431 0.3955112 -0.04702973 0.564912 0.3975436 -0.04757431 0.564912 0.3898217 -0.07032597 0.571334 0.374851 -0.08940683 0.568431 0.3773584 -0.09085447 0.564912 0.3791806 -0.0919065 0.564912 0.366503 -0.1110058 0.571334 0.3464342 -0.1264403 0.568431 0.3484815 -0.1284876 0.564912 0.3499693 -0.1299754 0.564912 0.3331836 -0.1448286 0.571334 0.3094007 -0.1548572 0.568431 0.3108483 -0.1573645 0.564912 0.3119004 -0.1591867 0.564912 0.2925838 -0.1688725 0.571334 0.2662742 -0.1727207 0.568431 0.2670236 -0.1755173 0.564912 0.2675682 -0.1775497 0.564912 0.2566818 -0.1801144 0.571334 0.2199939 -0.1788137 0.568431 0.2199939 -0.1817089 0.571334 0.130587 -0.1548572 0.571334 0.04727313 0.04628038 0.571334 0.0411802 -5.065379e-17 0.571334 0.06513669 0.08940683 0.571334 0.1737135 0.1727207 0.571334 0.130587 0.1548572 0.564912 0.188573 -0.1811076 0.571334 0.1737135 -0.1727207 0.568431 0.1729641 -0.1755173 0.564912 0.1724196 -0.1775497 0.564912 0.1602135 -0.1738204 0.568431 0.1343803 -0.1602762 0.564912 0.133389 -0.1621321 0.564912 0.103626 -0.1422875 0.571334 0.0935535 -0.1264403 0.568431 0.09150623 -0.1284876 0.564912 0.09001844 -0.1299754 0.564912 0.07808538 -0.1168298 0.571334 0.06513669 -0.08940683 0.568431 0.0626293 -0.09085447 0.564912 0.06080713 -0.0919065 0.564912 0.04691106 -0.06188348 0.571334 0.04727313 -0.04628038 0.568431 0.0444765 -0.04702973 0.564912 0.04244413 -0.04757431 0.564912 0.03971017 -0.03584707 0.568431 0.03828492 -1.029471e-16 0.564912 0.03618086 -1.041392e-16 0.568431 0.0444765 0.04702973 0.564912 0.04244413 0.04757431 0.568431 0.05973785 0.08565133 0.564912 0.0578822 0.08664311 0.564912 0.07278941 0.1100821 0.568431 0.08557274 0.1222665 0.571334 0.0935535 0.1264403 0.564912 0.08401624 0.1236823 0.564912 0.0965415 0.1361864 0.568431 0.1291394 0.1573645 0.564912 0.1280874 0.1591867 0.568431 0.1729641 0.1755173 0.564912 0.1724196 0.1775497 0.561621 0.146617 0.0958685 0.561621 0.1333444 0.08406432 0.561621 0.1219475 0.07044036 0.561621 0.1614782 0.1055975 0.561621 0.1126729 0.05529144 0.561621 0.1776059 0.1130407 0.561621 0.1057215 0.03894577 0.561621 0.194651 0.1180368 0.561621 0.1012439 0.02175709 0.561621 0.2072513 0.1200523 0.561621 0.09933675 0.004097242 0.561621 0.2199939 0.1207267 0.561621 0.1000415 -0.01365122 0.561621 0.1033428 -0.03110402 0.561621 0.2512403 0.116613 0.561621 0.1091693 -0.04788371 0.561621 0.2689846 0.1103397 0.561621 0.1173948 -0.06362686 0.561621 0.2855382 0.1013847 0.561621 0.1278412 -0.07799251 0.561621 0.2997051 0.09066996 0.561621 0.1402826 -0.09066996 0.561621 0.3121465 0.07799251 0.561621 0.1544495 -0.1013847 0.561621 0.3225929 0.06362686 0.561621 0.1710031 -0.1103397 0.561621 0.3308184 0.04788371 0.561621 0.1887475 -0.116613 0.561621 0.3366449 0.03110402 0.561621 0.3399463 0.01365122 0.561621 0.2199939 -0.1207267 0.561621 0.340651 -0.004097242 0.561621 0.2327364 -0.1200523 0.561621 0.3387438 -0.02175709 0.561621 0.2453367 -0.1180368 0.561621 0.3342662 -0.03894577 0.561621 0.2623818 -0.1130407 0.561621 0.3273148 -0.05529144 0.561621 0.3180402 -0.07044036 0.561621 0.2933707 -0.0958685 0.561621 0.2785096 -0.1055975 0.561621 0.3066433 -0.08406432 0.5737324 0.2199939 -0.1305451 0.5672092 0.2517264 -0.1184275 0.5672092 0.2199939 -0.1226052 0.5737324 0.2537814 0.1260969 0.5672092 0.2199939 0.1226052 0.5672092 0.2517264 0.1184275 0.5737324 0.2199939 0.1305451 0.5781274 0.2199939 0.1398337 0.5801301 0.2587941 0.1448044 0.5801301 0.2199939 0.1499126 0.5796202 0.2199939 0.1601758 0.5737324 0.2852664 0.1130554 0.5672092 0.2812964 0.1061792 0.5766282 0.2639948 0.1642137 0.5766282 0.2199939 0.1700065 0.5801301 0.2949501 0.1298281 0.5737324 0.3123032 0.09230936 0.5672092 0.3066888 0.08669495 0.5672092 0.326173 0.06130259 0.5766282 0.3049971 0.1472299 0.5801301 0.325998 0.1060042 0.5737324 0.3330493 0.06527257 0.5766282 0.3402066 0.1202127 0.5801301 0.349822 0.07495629 0.5737324 0.3460908 0.03378757 0.5672092 0.3384214 0.03173255 0.5766282 0.3672238 0.08500325 0.5801301 0.3647983 0.03880023 0.5737324 0.350539 0 0.5672092 0.342599 2.25222e-17 0.5766282 0.3842075 0.04400092 0.5801301 0.3699064 0 0.5737324 0.3460908 -0.03378757 0.5672092 0.3384214 -0.03173255 0.5766282 0.3900004 0 0.5801301 0.3647983 -0.03880023 0.5737324 0.3330493 -0.06527257 0.5672092 0.326173 -0.06130259 0.5766282 0.3842075 -0.04400092 0.5801301 0.349822 -0.07495629 0.5737324 0.3123032 -0.09230936 0.5672092 0.3066888 -0.08669495 0.5766282 0.3672238 -0.08500325 0.5801301 0.325998 -0.1060042 0.5737324 0.2852664 -0.1130554 0.5672092 0.2812964 -0.1061792 0.5766282 0.3402066 -0.1202127 0.5801301 0.2949501 -0.1298281 0.5737324 0.2537814 -0.1260969 0.5781274 0.2199939 -0.1398337 0.5766282 0.3049971 -0.1472299 0.5801301 0.2587941 -0.1448044 0.5801301 0.2199939 -0.1499126 0.5796202 0.2199939 -0.1601758 0.5766282 0.2639948 -0.1642137 0.5766282 0.2199939 -0.1700065 0.5672092 0.1882613 -0.1184275 0.5737324 0.1862063 -0.1260969 0.5672092 0.1586913 -0.1061792 0.5801301 0.1811936 -0.1448044 0.5737324 0.1547213 -0.1130554 0.5766282 0.1759929 -0.1642137 0.5801301 0.1450376 -0.1298281 0.5737324 0.1276845 -0.09230936 0.5672092 0.1332989 -0.08669495 0.5672092 0.1138147 -0.06130259 0.5766282 0.1349906 -0.1472299 0.5801301 0.1139897 -0.1060042 0.5737324 0.1069384 -0.06527257 0.5766282 0.09978111 -0.1202127 0.5801301 0.09016575 -0.07495629 0.5737324 0.09389693 -0.03378757 0.5672092 0.1015664 -0.03173255 0.5766282 0.07276391 -0.08500325 0.5801301 0.07518942 -0.03880023 0.5737324 0.08944872 -7.396035e-17 0.5672092 0.09738869 -3.473122e-17 0.5766282 0.05578019 -0.04400092 0.5801301 0.07008128 -8.493298e-17 0.5737324 0.09389693 0.03378757 0.5672092 0.1015664 0.03173255 0.5766282 0.04998736 -9.631718e-17 0.5801301 0.07518942 0.03880023 0.5737324 0.1069384 0.06527257 0.5672092 0.1138147 0.06130259 0.5766282 0.05578019 0.04400092 0.5801301 0.09016575 0.07495629 0.5737324 0.1276845 0.09230936 0.5672092 0.1332989 0.08669495 0.5672092 0.1586913 0.1061792 0.5766282 0.07276391 0.08500325 0.5801301 0.1139897 0.1060042 0.5737324 0.1547213 0.1130554 0.5766282 0.09978111 0.1202127 0.5801301 0.1450376 0.1298281 0.5737324 0.1862063 0.1260969 0.5672092 0.1882613 0.1184275 0.5766282 0.1349906 0.1472299 0.5801301 0.1811936 0.1448044 0.5766282 0.1759929 0.1642137 0.5672092 0.2199939 0.1207267 0.5672092 0.2512402 0.116613 0.5672092 0.2803572 0.1045524 0.5672092 0.3053605 0.08536667 0.5672092 0.3245462 0.06036335 0.5672092 0.3366069 0.03124637 0.5672092 0.3407206 2.217714e-17 0.5672092 0.3366069 -0.03124637 0.5672092 0.3245462 -0.06036335 0.5672092 0.3053605 -0.08536667 0.5672092 0.2803572 -0.1045524 0.5672092 0.2512402 -0.116613 0.5672092 0.2199939 -0.1207267 0.5672092 0.1887477 -0.1166126 0.5672092 0.1596307 -0.104552 0.5672092 0.1346272 -0.08536667 0.5672092 0.1154419 -0.06036318 0.5672092 0.1033812 -0.03124621 0.5672092 0.09926716 -4.263256e-17 0.5672092 0.1033812 0.03124621 0.5672092 0.1154419 0.06036318 0.5672092 0.1346272 0.08536667 0.5672092 0.1596307 0.104552 0.5672092 0.1887477 0.1166126 0.5406448 0.3045536 -0.04032409 0.5401188 0.3072682 -0.03998388 0.5271511 0.3045536 -0.04032409 0.5238245 0.3087189 -0.03950495 0.5395708 0.3103324 -0.03868383 0.5395411 0.3105106 -0.03857149 0.5185624 0.3125779 -0.03684721 0.5391511 0.3131448 -0.0361937 0.5390245 0.3144193 -0.03418904 0.5136442 0.3149464 -0.03292817 0.539006 0.3149464 -0.03292817 0.5202833 0.3074389 -0.04258704 0.5165966 0.3120149 -0.03842008 0.5132495 0.3149612 -0.03293328 0.524527 0.3024271 -0.04142488 0.5232354 0.3005101 -0.04447202 0.5280974 0.3024758 -0.04012607 0.5231582 0.3055848 -0.04123932 0.5295814 0.2982442 -0.03833476 0.5419565 0.2982442 -0.03833476 0.5438132 0.308114 -0.04148244 0.5450552 0.3092018 -0.04520794 0.545051 0.309234 -0.04519993 0.544039 0.306586 -0.04179656 0.5459961 0.3022773 -0.04540643 0.5444499 0.3039037 -0.04188717 0.5450454 0.3001744 -0.04103262 0.5469191 0.2959081 -0.04272985 0.5433126 0.311745 -0.03984074 0.5444666 0.3139908 -0.04315525 0.5444638 0.3140144 -0.04314017 0.5433253 0.3116462 -0.03990541 0.5435591 0.3099015 -0.04084948 0.542978 0.3146646 -0.03715602 0.544068 0.3178862 -0.03966888 0.5440673 0.3178946 -0.03965845 0.5431207 0.3133166 -0.03861187 0.5429114 0.315432 -0.03606876 0.5439386 0.3197696 -0.03671905 0.5428321 0.3163546 -0.03421973 0.5439386 0.3204431 -0.03483435 0.539006 0.3198723 -0.01115952 0.5136442 0.3198723 -0.01115952 0.539006 0.3198723 0.01115952 0.5136442 0.3198723 0.01115952 0.539006 0.3149464 0.03292817 0.5136442 0.3149464 0.03292817 0.5132495 0.3198878 0.01116125 0.5133809 0.3149529 0.03293044 0.5132495 0.3149612 0.03293328 0.5133809 0.3198792 0.01116029 0.5135125 0.3198741 0.01115971 0.5135125 0.314948 0.03292873 0.5133809 0.3198792 -0.01116029 0.5132495 0.3198878 -0.01116125 0.5135125 0.3198741 -0.01115971 0.5232354 0.2199939 0.0919817 0.5211857 0.2199939 0.09624074 0.5232354 0.2221893 0.0919555 0.5232354 0.2243835 0.0918769 0.5175588 0.2199939 0.09927165 0.5200475 0.2305873 0.09691644 0.5232354 0.2265752 0.09174595 0.5130034 0.2199939 0.1005324 0.5130034 0.2460135 0.0971068 0.5134283 0.2389535 0.0986954 0.5203214 0.2985879 0.05723469 0.5232354 0.2976796 0.0492499 0.5232354 0.2961575 0.05157259 0.5130034 0.291081 0.0710871 0.5130034 0.3070574 0.05026618 0.5134283 0.2959868 0.06576723 0.5232354 0.29936 -0.04649348 0.5225182 0.2998625 -0.04966489 0.5232354 0.2987659 -0.04749314 0.5202833 0.2268349 -0.09702313 0.5211857 0.2199939 -0.09624074 0.5232354 0.2217381 -0.09196516 0.5232354 0.2211567 -0.09197435 0.5232354 0.2205753 -0.09197987 0.5232354 0.2199939 -0.0919817 0.5175588 0.2199939 -0.09927165 0.5130034 0.2199939 -0.1005324 0.5130034 0.27026 0.08706357 0.5134283 0.2602687 0.09207708 0.5134283 0.2795975 0.08091756 0.5130034 0.3171006 0.02601969 0.5130034 0.3205262 1.846749e-17 0.5130034 0.3171006 -0.02601969 0.5130034 0.3070574 -0.05026618 0.5130034 0.291081 -0.0710871 0.5132495 0.2959986 -0.06577744 0.5130034 0.27026 -0.08706357 0.5132495 0.2796068 -0.08093012 0.5130034 0.2460135 -0.0971068 0.5132495 0.2602749 -0.09209137 0.5132495 0.2389564 -0.09871072 0.5146063 0.2308948 0.09972993 0.5146063 0.2368783 0.09889291 0.5146063 0.3010924 0.05905858 0.5211857 0.3033408 0.04812037 0.5232354 0.299131 0.04688233 0.5232354 0.3005101 0.04447202 0.5225182 0.3029392 0.04433581 0.5183654 0.3055612 0.04940236 0.5183653 0.3100948 0.04054845 0.5146063 0.3068769 0.05016196 0.5146063 0.3114803 0.04117193 0.5146063 0.3125727 -0.03865297 0.5211857 0.3042383 -0.04653121 0.5232354 0.2999415 -0.04548639 0.5183654 0.3064827 -0.04777086 0.5183653 0.3001603 -0.05775552 0.5146063 0.3078125 -0.04850538 0.5146063 0.301393 -0.05864359 0.5165926 0.2327378 -0.09890337 0.5146063 0.2328148 -0.09950133 0.5254501 0.2990111 -0.04046651 0.524685 0.2944938 -0.04193378 0.5441993 0.2650516 -0.01509305 0.5340266 0.2650516 -0.01509305 0.5472668 0.2810041 -0.02803548 0.549199 0.2621348 -0.01916653 0.5490741 0.2512363 -0.02535328 0.549199 0.257663 -0.02691185 0.5490741 0.2537304 -0.02192537 0.5490741 0.2558501 -0.01825406 0.5490741 0.2575717 -0.01438011 0.5469191 0.2949561 -0.04437878 0.5462358 0.2992594 -0.04729985 0.5462333 0.2992724 -0.04731208 0.5448308 0.3041573 -0.05644824 0.5442334 0.3040239 -0.06249971 0.5439386 0.3088905 -0.05831693 0.5439386 0.3016813 -0.06804879 0.5439386 0.3149461 -0.04782832 0.5439386 0.2260495 -0.1061452 0.5439386 0.2199939 -0.1063178 0.5438582 0.2199939 -0.107774 0.5445225 0.2199939 0.1090724 0.5445225 0.2262064 0.1088953 0.5457504 0.2199939 0.1098592 0.5439386 0.2260495 0.1061452 0.5438582 0.2261324 0.1075991 0.5439386 0.2199939 0.1063178 0.5438582 0.2199939 0.107774 0.5445225 0.2323987 0.1083647 0.5457504 0.2484275 0.1061158 0.5438582 0.232251 0.1070748 0.5439386 0.2320854 0.105628 0.5445225 0.2385507 0.1074822 0.5439386 0.2400511 0.1044088 0.5438582 0.2383298 0.1062028 0.5439386 0.2387392 0.1046523 0.5439386 0.2380821 0.1047678 0.5439386 0.2393955 0.1045326 0.5445225 0.2482239 0.1053558 0.5438582 0.2478878 0.1041017 0.5439386 0.2626002 0.09740733 0.5438582 0.2631837 0.09874147 0.5457504 0.2749234 0.09514082 0.5445225 0.27453 0.09445944 0.5438582 0.2738809 0.09333504 0.5439386 0.2830479 0.0856018 0.5438582 0.2839116 0.08677425 0.5457504 0.297676 0.07768215 0.5445225 0.2971197 0.07712582 0.5439386 0.3003859 0.06957443 0.5438582 0.2962016 0.07620775 0.5438582 0.301487 0.07052736 0.5439386 0.3008209 0.0690686 0.5439386 0.3012527 0.06856004 0.5439386 0.3016813 0.06804879 0.5445225 0.3111937 0.05982783 0.5457504 0.3151347 0.05492958 0.5438582 0.3101081 0.05911567 0.5439386 0.3088905 0.05831693 0.5445225 0.3144533 0.05453619 0.5439386 0.3149461 0.04782832 0.5438582 0.3133289 0.05388701 0.5445225 0.3174062 0.04906747 0.5438582 0.3162466 0.0484834 0.5457504 0.3261096 0.02843364 0.5445225 0.3223546 0.03767038 0.5439386 0.3204431 0.03483435 0.5439386 0.319998 0.03609223 0.5438582 0.3211362 0.03722197 0.5439386 0.3197696 0.03671905 0.5439386 0.3202225 0.03546399 0.5445225 0.3253497 0.02823001 0.5439386 0.3256542 0.01180553 0.5438582 0.3240956 0.02789397 0.5438582 0.3271014 0.01196722 0.5457504 0.329853 2.01808e-17 0.5445225 0.3290662 0 0.5438582 0.3277679 0 0.5439386 0.3256542 -0.01180553 0.5438582 0.3271014 -0.01196722 0.5457504 0.3261096 -0.02843364 0.5445225 0.3253497 -0.02823001 0.5438582 0.3240956 -0.02789397 0.5438582 0.3218189 -0.03531145 0.5445225 0.3174062 -0.04906747 0.5457504 0.3151347 -0.05492958 0.5438582 0.3162466 -0.0484834 0.5445225 0.3144533 -0.05453619 0.5438582 0.3133289 -0.05388701 0.5445225 0.3111937 -0.05982783 0.5438582 0.3101081 -0.05911567 0.5445225 0.3037977 -0.06981183 0.5457504 0.297676 -0.07768215 0.5439386 0.3003859 -0.06957443 0.5439386 0.3012527 -0.06856004 0.5438582 0.3028002 -0.06898082 0.5439386 0.3008209 -0.0690686 0.5445225 0.2971197 -0.07712582 0.5439386 0.2830479 -0.0856018 0.5438582 0.2962016 -0.07620775 0.5438582 0.2839116 -0.08677425 0.5457504 0.2749234 -0.09514082 0.5445225 0.27453 -0.09445944 0.5439386 0.2626002 -0.09740733 0.5438582 0.2738809 -0.09333504 0.5438582 0.2631837 -0.09874147 0.5457504 0.2484275 -0.1061158 0.5445225 0.2482239 -0.1053558 0.5439386 0.2400511 -0.1044088 0.5438582 0.2478878 -0.1041017 0.5445225 0.2405707 -0.1071138 0.5439386 0.2393955 -0.1045326 0.5438582 0.2403258 -0.1058388 0.5439386 0.2387392 -0.1046523 0.5439386 0.2380821 -0.1047678 0.5445225 0.2323987 -0.1083647 0.5457504 0.2199939 -0.1098592 0.5439386 0.2320854 -0.105628 0.5438582 0.232251 -0.1070748 0.5445225 0.2262064 -0.1088953 0.5445225 0.2199939 -0.1090724 0.5438582 0.2261324 -0.1075991 0.5435834 0.3177698 0.03390728 0.5435834 0.3228422 -0.01149134 0.5417393 0.3206805 -0.01124982 0.5435834 0.3228422 0.01149134 0.5417393 0.3206805 0.01124982 0.5417393 0.3157147 0.03319461 0.5390245 0.3144193 0.03418904 0.5212085 0.3108937 0.03831322 0.539565 0.310367 0.03866238 0.5270591 0.3047123 0.04032294 0.5406448 0.3045536 0.04032409 0.5271508 0.3045536 0.04032409 0.5222729 0.3070306 0.04085126 0.5232354 0.2177984 -0.0919555 0.5232354 0.2156042 -0.0918769 0.5226392 0.2125815 -0.09348578 0.5232354 0.2134125 -0.09174595 0.5193523 0.208585 -0.09743322 0.5134283 0.2010342 -0.0986954 0.5146061 0.2031094 -0.09889292 0.5130034 0.1939742 -0.0971068 0.5203214 0.1413998 -0.05723469 0.5232354 0.1423081 -0.0492499 0.5232354 0.1438302 -0.05157259 0.5130034 0.1489068 -0.0710871 0.5130034 0.1329303 -0.05026618 0.5134283 0.144001 -0.06576723 0.5132495 0.1250266 -0.03293328 0.5183653 0.1298929 -0.04054845 0.5232354 0.1406277 0.04649348 0.5225182 0.1401252 0.04966489 0.5232354 0.1412218 0.04749314 0.5132495 0.1250266 0.03293328 0.5130034 0.1329303 0.05026618 0.5165926 0.1279691 0.03841512 0.5132495 0.1439892 0.06577744 0.5183653 0.1398274 0.05775552 0.5202833 0.2131528 0.09702313 0.5232354 0.2182496 0.09196516 0.5232354 0.218831 0.09197435 0.5232354 0.2194124 0.09197987 0.5165926 0.2072499 0.09890337 0.5132495 0.2010313 0.09871072 0.5134283 0.179719 -0.09207708 0.5134283 0.1603902 -0.08091756 0.5130034 0.1697277 -0.08706357 0.5132495 0.1200999 -0.01116125 0.5130034 0.1228871 -0.02601969 0.5132495 0.1200999 0.01116125 0.5130034 0.1194615 -2.84785e-17 0.5130034 0.1228871 0.02601969 0.5132495 0.1603809 0.08093012 0.5130034 0.1489068 0.0710871 0.5132495 0.1797128 0.09209137 0.5130034 0.1697277 0.08706357 0.5130034 0.1939742 0.0971068 0.5165926 0.2083963 -0.09904435 0.5165926 0.1393827 -0.05870367 0.5211857 0.1366469 -0.04812037 0.5232354 0.1408568 -0.04688233 0.5232354 0.1394776 -0.04447202 0.5225182 0.1370485 -0.04433581 0.5193523 0.1350377 -0.04904948 0.5165926 0.1336329 -0.04986052 0.5202833 0.1325488 0.04258704 0.5211857 0.1357494 0.04653121 0.5232354 0.1394776 0.04447202 0.5232354 0.1400462 0.04548639 0.5193523 0.1341228 0.04742963 0.5165926 0.1327029 0.04821389 0.5290441 0.2263147 -0.04002341 0.5287056 0.2199939 -0.03062065 0.5290435 0.2263463 -0.03996638 0.5290273 0.2244628 -0.04604956 0.5289437 0.2341592 -0.03297545 0.5246725 0.2199939 2.131628e-17 0.5289437 0.2367039 -0.03176182 0.5282231 0.2199939 -0.06150199 0.5289437 0.2391454 -0.0303522 0.5289437 0.2414688 -0.02875529 0.5289935 0.2472126 -0.02599096 0.524685 0.2209281 -0.08548577 0.5290441 0.2578156 -0.0145377 0.5290273 0.2576395 -0.02689502 0.5289944 0.2472775 -0.02597433 0.5290435 0.257782 -0.01448183 0.5290273 0.2621084 -0.01915455 0.5289437 0.2556341 -0.004220158 0.5289437 0.2558554 -0.001409619 0.524685 0.2935596 -0.04355199 0.5289944 0.2561301 0.01064112 0.5289935 0.2561121 0.01057666 0.5289437 0.2556341 0.004220158 0.5289437 0.2558554 0.001409619 0.5290552 0.2509449 0.03044404 0.5290273 0.2621084 0.01915455 0.5290028 0.2555937 0.03147466 0.5290462 0.2443629 0.03263059 0.5290462 0.2417264 0.03444271 0.5290462 0.2389558 0.0360423 0.5290462 0.2360683 0.03741949 0.5287056 0.2199939 0.03062065 0.5290541 0.2324404 0.03994437 0.524685 0.2944938 0.04193378 0.5290028 0.2294518 0.0465677 0.5243379 0.2923179 0.04859945 0.5282231 0.2199939 0.06150199 0.5243379 0.2259202 0.0869342 0.5236727 0.2264437 -0.09396104 0.5238245 0.2301441 -0.09659064 0.5280974 0.2264846 -0.09149448 0.5190921 0.2339541 -0.0984971 0.5154399 0.2368783 -0.09889292 0.5136442 0.2389535 -0.0986954 0.5136442 0.2795975 -0.08091756 0.5136442 0.2959868 -0.06576723 0.5135125 0.2959881 -0.06576837 0.5133809 0.2796017 -0.08092314 0.5133809 0.295992 -0.06577177 0.5135125 0.2795986 -0.08091896 0.5133809 0.2602715 -0.09208343 0.5135125 0.2602694 -0.09207867 0.5136442 0.2602687 -0.09207708 0.5212031 0.2986235 -0.05956958 0.5222712 0.2988911 -0.05495311 0.5270591 0.2972738 -0.05320683 0.5245049 0.2971261 -0.05073528 0.5280974 0.295985 -0.05136842 0.5241614 0.3034715 0.04146379 0.524528 0.3024235 0.04142461 0.5280974 0.3024758 0.04012607 0.5419565 0.2923179 0.04859945 0.5401237 0.2982508 0.05556423 0.5401188 0.2982581 0.05558983 0.5395413 0.2986561 0.05910404 0.5391522 0.2979192 0.06256076 0.5391511 0.297914 0.06257421 0.5390245 0.2968152 0.06468031 0.539006 0.2959868 0.06576723 0.539006 0.2795975 0.08091756 0.539006 0.2602687 0.09207708 0.539006 0.2389535 0.0986954 0.5390245 0.237598 0.09886935 0.5390506 0.2368783 0.09889292 0.5398669 0.2300721 0.09653439 0.5412819 0.2261806 0.09045413 0.5419565 0.2259202 0.0869342 0.4987534 0.2199939 0.1005324 0.4987534 0.2460134 0.09710646 0.4987534 0.2702599 0.08706325 0.4987534 0.291081 0.0710871 0.4987534 0.3070571 0.05026603 0.4987534 0.3171003 0.02601956 0.4987534 0.3205262 6.660628e-14 0.4987534 0.3171003 -0.02601956 0.4987534 0.3070571 -0.05026603 0.4987534 0.291081 -0.0710871 0.4987534 0.2702599 -0.08706325 0.4987534 0.2460134 -0.09710646 0.4987534 0.2199939 -0.1005324 0.5292127 0.280562 -0.02777179 0.546914 0.2604373 -0.0047889 0.5444438 0.2611113 -0.01007548 0.533941 0.2604373 -0.0047889 0.5340438 0.2620142 -0.01188216 0.5440764 0.2619787 -0.01182451 0.5476992 0.2622242 -0.01458342 0.543742 0.2199939 -0.03109315 0.5490741 0.2242272 -0.04001197 0.5490741 0.2263292 -0.03973339 0.5490741 0.2221135 -0.04017942 0.5490741 0.2199939 -0.04023529 0.5490741 0.2327726 -0.03815211 0.5490741 0.2358746 -0.03696865 0.5490741 0.2295835 -0.03907578 0.5490741 0.2387274 -0.03560806 0.5490741 0.2414646 -0.03402774 0.5490741 0.2440693 -0.03223745 0.5490741 0.2466452 -0.03014275 0.5403949 0.2199939 -0.02105289 0.5490741 0.2490396 -0.0278428 0.5490741 0.2586293 -0.01123298 0.5391746 0.2199939 -0.01054 0.5490741 0.2594239 -0.008009358 0.5490741 0.25995 -0.004731203 0.5490741 0.2601981 -0.001580318 0.543742 0.2199939 0.03109315 0.5490741 0.2466452 0.03014275 0.5490741 0.2440693 0.03223745 0.5490741 0.2387274 0.03560806 0.5490741 0.2358746 0.03696865 0.5490741 0.2414646 0.03402774 0.5490741 0.2295835 0.03907578 0.5490741 0.2263292 0.03973339 0.5490741 0.2327726 0.03815211 0.5490741 0.2221135 0.04017942 0.5490741 0.2199939 0.04023529 0.5490741 0.2242272 0.04001197 0.5403949 0.2199939 0.02105289 0.5490741 0.2586293 0.01123298 0.5490741 0.2575717 0.01438011 0.5490741 0.2537304 0.02192537 0.5490741 0.2512363 0.02535328 0.5490741 0.2558501 0.01825406 0.5490741 0.2490396 0.0278428 0.5391746 0.2199939 0.01054 0.5401329 0.2199939 -1.24345e-17 0.5490741 0.2601981 0.001580318 0.5490741 0.25995 0.004731203 0.5490741 0.2594239 0.008009358 0.547699 0.2537296 -0.02927906 0.5440764 0.2512266 -0.03044765 0.5441993 0.2555937 -0.03147466 0.5472668 0.2747784 -0.0388187 0.5419565 0.2923179 -0.04859945 0.5451492 0.2950681 -0.04850904 0.5412819 0.2952361 -0.05058498 0.5442033 0.2990357 -0.0530994 0.5398089 0.2986004 -0.05734316 0.5435824 0.300303 -0.05725673 0.5433083 0.3003711 -0.0595774 0.5429578 0.2993716 -0.0637363 0.5390245 0.2968152 -0.06468031 0.5445225 0.2137814 -0.1088953 0.5439386 0.2139382 -0.1061452 0.5438582 0.2138553 -0.1075991 0.5439386 0.2079023 -0.105628 0.5445225 0.207589 -0.1083647 0.5457504 0.1915602 -0.1061158 0.5438582 0.2077367 -0.1070748 0.5445225 0.201437 -0.1074822 0.5439386 0.1999367 -0.1044088 0.5438582 0.2016579 -0.1062028 0.5439386 0.2012486 -0.1046523 0.5439386 0.2019056 -0.1047678 0.5439386 0.2005922 -0.1045326 0.5445225 0.1917639 -0.1053558 0.5439386 0.1773876 -0.09740733 0.5438582 0.1920999 -0.1041017 0.5438582 0.176804 -0.09874147 0.5457504 0.1650643 -0.09514082 0.5445225 0.1654577 -0.09445944 0.5438582 0.1661068 -0.09333504 0.5439386 0.1569398 -0.0856018 0.5438582 0.1560762 -0.08677425 0.5457504 0.1423117 -0.07768215 0.5445225 0.142868 -0.07712582 0.5439386 0.1396018 -0.06957443 0.5438582 0.1437861 -0.07620775 0.5439386 0.1391668 -0.0690686 0.5438582 0.1385007 -0.07052736 0.5439386 0.138735 -0.06856004 0.5439386 0.1383064 -0.06804879 0.5445225 0.128794 -0.05982783 0.5457504 0.124853 -0.05492958 0.5439386 0.1310972 -0.05831693 0.5438582 0.1298796 -0.05911567 0.5445225 0.1255344 -0.05453619 0.5439386 0.1250416 -0.04782832 0.5438582 0.1266588 -0.05388701 0.5445225 0.1225815 -0.04906747 0.5438582 0.1237411 -0.0484834 0.5457504 0.1138781 -0.02843364 0.5445225 0.1176331 -0.03767038 0.5439386 0.1195446 -0.03483435 0.5438582 0.1188515 -0.03722197 0.5439386 0.1199897 -0.03609223 0.5439386 0.1202181 -0.03671905 0.5439386 0.1197652 -0.03546399 0.5445225 0.114638 -0.02823001 0.5439386 0.1143335 -0.01180553 0.5438582 0.1158921 -0.02789397 0.5438582 0.1128863 -0.01196722 0.5457504 0.1101347 -3.112057e-17 0.5445225 0.1109215 -5.636981e-17 0.5438582 0.1122198 -5.569881e-17 0.5439386 0.1143335 0.01180553 0.5438582 0.1128863 0.01196722 0.5457504 0.1138781 0.02843364 0.5445225 0.114638 0.02823001 0.5438582 0.1158921 0.02789397 0.5439386 0.1195446 0.03483435 0.5438582 0.1181688 0.03531145 0.5439386 0.1197652 0.03546399 0.5439386 0.1199897 0.03609223 0.5439386 0.1202181 0.03671905 0.5445225 0.1225815 0.04906747 0.5457504 0.124853 0.05492958 0.5438582 0.1237411 0.0484834 0.5439386 0.1250416 0.04782832 0.5445225 0.1255344 0.05453619 0.5438582 0.1266588 0.05388701 0.5439386 0.1310972 0.05831693 0.5445225 0.128794 0.05982783 0.5438582 0.1298796 0.05911567 0.5445225 0.13619 0.06981183 0.5457504 0.1423117 0.07768215 0.5439386 0.1396018 0.06957443 0.5439386 0.138735 0.06856004 0.5438582 0.1371875 0.06898082 0.5439386 0.1383064 0.06804879 0.5439386 0.1391668 0.0690686 0.5445225 0.142868 0.07712582 0.5439386 0.1569398 0.0856018 0.5438582 0.1437861 0.07620775 0.5438582 0.1560762 0.08677425 0.5457504 0.1650643 0.09514082 0.5445225 0.1654577 0.09445944 0.5439386 0.1773876 0.09740733 0.5438582 0.1661068 0.09333504 0.5438582 0.176804 0.09874147 0.5457504 0.1915602 0.1061158 0.5445225 0.1917639 0.1053558 0.5439386 0.1999367 0.1044088 0.5438582 0.1920999 0.1041017 0.5445225 0.199417 0.1071138 0.5439386 0.2005922 0.1045326 0.5438582 0.1996619 0.1058388 0.5439386 0.2012486 0.1046523 0.5439386 0.2019056 0.1047678 0.5445225 0.207589 0.1083647 0.5439386 0.2079023 0.105628 0.5438582 0.2077367 0.1070748 0.5445225 0.2137814 0.1088953 0.5438582 0.2138553 0.1075991 0.5439386 0.2139382 0.1061452 0.5605034 0.2199939 0.1098592 0.5605034 0.2484275 0.1061158 0.5605034 0.2749234 0.09514082 0.5605034 0.297676 0.07768215 0.5605034 0.3151347 0.05492958 0.5605034 0.3261096 0.02843364 0.5605034 0.329853 2.01808e-17 0.5605034 0.3261096 -0.02843364 0.5605034 0.3151347 -0.05492958 0.5605034 0.297676 -0.07768215 0.5605034 0.2749234 -0.09514082 0.5605034 0.2484275 -0.1061158 0.5605034 0.2199939 -0.1098592 0.549199 0.2244656 0.04607838 0.5489517 0.2199939 0.06236714 0.5469191 0.2209459 0.08710863 0.5472369 0.2199939 0.0844328 0.5462358 0.221324 0.09229588 0.5442334 0.2321052 0.104022 0.5448308 0.2267977 0.1011118 0.5462333 0.2213281 0.09231324 0.542821 0.2390381 0.1004765 0.5435834 0.2813698 0.08332363 0.5435834 0.2982464 0.06772281 0.5417393 0.2966017 0.06629941 0.5417393 0.2800798 0.08157233 0.5435834 0.2614662 0.09481497 0.5417393 0.2605946 0.09282214 0.5416411 0.2969983 0.06570923 0.543634 0.2990926 0.06680717 0.5416911 0.2973298 0.06529861 0.5436544 0.2993001 0.06657476 0.5417056 0.2974102 0.06519444 0.5436599 0.2993517 0.06651648 0.5417094 0.2974302 0.0651683 0.5436613 0.2993647 0.0665019 0.5417103 0.2974352 0.06516177 0.5436617 0.2993679 0.06649825 0.5417106 0.2974364 0.06516013 0.549199 0.2621348 0.01916653 0.549199 0.257663 0.02691185 0.5469191 0.2959081 0.04272985 0.5469191 0.2949561 0.04437878 0.5462358 0.3005895 0.04499604 0.5462333 0.3006066 0.04500116 0.5459951 0.3004633 0.04856203 0.5448308 0.3109612 0.04466355 0.5442334 0.3161352 0.04152227 0.5450552 0.3037491 0.05465242 0.545051 0.3037582 0.05468423 0.5444666 0.3043658 0.0598261 0.5444638 0.3043646 0.05985411 0.544068 0.3032943 0.06494283 0.5440673 0.3032895 0.06495531 0.5416411 0.3154019 0.03383315 0.543634 0.3173999 0.03509793 0.5416911 0.3152121 0.03432558 0.5436544 0.3173024 0.03539386 0.5417056 0.3151621 0.03444733 0.5436599 0.3172778 0.03546772 0.5417094 0.3151494 0.03447768 0.5436613 0.3172716 0.03548617 0.5417103 0.3151463 0.03448526 0.5436617 0.3172701 0.03549078 0.5417106 0.3151455 0.03448716 0.542821 0.2974872 -0.06673072 0.539006 0.2959868 -0.06576723 0.5435834 0.2395173 -0.1016301 0.5435834 0.2614662 -0.09481497 0.5417393 0.2391069 -0.09949402 0.5417393 0.2605946 -0.09282214 0.539006 0.2389535 -0.0986954 0.539006 0.2602687 -0.09207708 0.5435834 0.2813698 -0.08332363 0.5417393 0.2800798 -0.08157233 0.539006 0.2795975 -0.08091756 0.5416411 0.2383983 -0.09954227 0.5390245 0.237598 -0.09886935 0.543634 0.2383018 -0.101905 0.541691 0.2378765 -0.09962415 0.5436544 0.2379964 -0.1019686 0.5417056 0.2377458 -0.09964176 0.5436599 0.2379199 -0.1019842 0.5417094 0.2377131 -0.09964598 0.5436613 0.2379008 -0.1019881 0.5417103 0.237705 -0.09964703 0.5436617 0.237896 -0.101989 0.5417106 0.2377029 -0.09964729 0.549199 0.2244656 -0.04607838 0.5489517 0.2199939 -0.06236714 0.5472369 0.2199939 -0.0844328 0.5469191 0.2209459 -0.08710863 0.5459951 0.2218151 -0.09396957 0.5450552 0.2254466 -0.09986035 0.545051 0.2254696 -0.09988417 0.5444666 0.2296188 -0.1029813 0.5444638 0.2296437 -0.1029943 0.544068 0.2345858 -0.1046117 0.5440673 0.234599 -0.1046138 0.544553 0.3032454 0.04182208 0.5412819 0.3014228 0.03986915 0.543933 0.3072972 0.04167517 0.5434703 0.3105503 0.04053934 0.5432179 0.3124997 0.03930116 0.5429578 0.31488 0.03687503 0.5295814 0.2982442 0.03833476 0.5419565 0.2982442 0.03833476 0.5290441 0.213673 0.04002341 0.5290435 0.2136414 0.03996638 0.5290273 0.2155249 0.04604956 0.5289437 0.2058285 0.03297545 0.5289437 0.2032838 0.03176182 0.5289437 0.2008423 0.0303522 0.5289437 0.198519 0.02875529 0.5289935 0.1927751 0.02599096 0.524685 0.2190596 0.08548577 0.5290441 0.1821721 0.0145377 0.5290273 0.1823483 0.02689502 0.5289944 0.1927103 0.02597433 0.5290435 0.1822057 0.01448183 0.5290273 0.1778793 0.01915455 0.5289437 0.1843536 0.004220158 0.5289437 0.1841323 0.001409619 0.5289437 0.1841323 -0.001409619 0.524685 0.1464281 0.04355199 0.524685 0.1454939 0.04193378 0.5289944 0.1838576 -0.01064112 0.5289935 0.1838756 -0.01057666 0.5289437 0.1843536 -0.004220158 0.5290543 0.1886932 -0.03044956 0.5290273 0.1778793 -0.01915455 0.5290552 0.1890428 -0.03044401 0.5290028 0.184394 -0.03147466 0.5290462 0.1956248 -0.03263059 0.5290462 0.2000766 -0.03552331 0.5290462 0.209914 -0.03945885 0.5290462 0.2048667 -0.03781237 0.524685 0.1454939 -0.04193378 0.5243379 0.1476698 -0.04859945 0.5243379 0.2140675 -0.0869342 0.4987534 0.1939743 -0.09710646 0.4987534 0.1697278 -0.08706325 0.4987534 0.1489068 -0.0710871 0.4987534 0.1329306 -0.05026603 0.4987534 0.1228874 -0.02601956 0.4987534 0.1194615 -6.660628e-14 0.4987534 0.1228874 0.02601956 0.4987534 0.1329306 0.05026603 0.4987534 0.1489068 0.0710871 0.4987534 0.1697278 0.08706325 0.4987534 0.1939743 0.09710646 0.5236727 0.213544 0.09396104 0.5238245 0.2098436 0.09659064 0.5280974 0.2135031 0.09149448 0.5154398 0.2031094 0.09889292 0.5136442 0.2010342 0.0986954 0.5133809 0.1439957 0.06577177 0.5136442 0.1603902 0.08091756 0.5136442 0.144001 0.06576723 0.5135125 0.1439996 0.06576837 0.5133809 0.1603861 0.08092314 0.5135125 0.1603892 0.08091896 0.5136442 0.179719 0.09207708 0.5133809 0.1797162 0.09208343 0.5135125 0.1797183 0.09207867 0.5212031 0.1413642 0.05956958 0.5222712 0.1410967 0.05495311 0.5270591 0.142714 0.05320683 0.5245049 0.1428616 0.05073528 0.5280974 0.1440027 0.05136842 0.524527 0.1375607 0.04142487 0.5280974 0.1375119 0.04012607 0.5271514 0.1354341 0.04032409 0.5231583 0.134403 0.04123932 0.5238245 0.1312688 0.03950495 0.5185555 0.1274055 0.03684349 0.5136442 0.1250413 0.03292817 0.5133809 0.1201085 -0.01116029 0.5133809 0.1250348 -0.03293044 0.5135125 0.1250397 -0.03292873 0.5135125 0.1201136 -0.01115971 0.5136442 0.1250413 -0.03292817 0.5136442 0.1201154 -0.01115952 0.5133809 0.1201085 0.01116029 0.5135125 0.1201136 0.01115971 0.5136442 0.1201154 0.01115952 0.5212031 0.1290903 -0.03831048 0.5222712 0.1329545 -0.04085041 0.5270593 0.1352753 -0.04032294 0.5241615 0.1365163 -0.04146371 0.5271511 0.1354341 -0.04032409 0.5245281 0.1375642 -0.04142451 0.5280974 0.1375119 -0.04012607 0.5419565 0.1476698 -0.04859945 0.5401237 0.1417369 -0.05556423 0.5401188 0.1417296 -0.05558983 0.5395413 0.1413316 -0.05910404 0.5391522 0.1420685 -0.06256076 0.5391511 0.1420737 -0.06257421 0.5390245 0.1431726 -0.06468031 0.539006 0.144001 -0.06576723 0.539006 0.1603902 -0.08091756 0.539006 0.179719 -0.09207708 0.539006 0.2010342 -0.0986954 0.5390245 0.2023897 -0.09886935 0.5390506 0.2031094 -0.09889292 0.5397922 0.2095541 -0.0968073 0.5412819 0.2138071 -0.09045413 0.5419565 0.2140675 -0.0869342 0.5441993 0.2294518 0.0465677 0.5440764 0.2307459 0.04227216 0.546914 0.2360683 0.03741949 0.546914 0.2417264 0.03444271 0.546914 0.2443629 0.03263059 0.546914 0.2389558 0.0360423 0.5440769 0.2509449 0.03044404 0.5440764 0.2512266 0.03044765 0.5441993 0.2555937 0.03147466 0.5254469 0.2990226 0.04047178 0.5292127 0.280562 0.02777179 0.5340266 0.2650516 0.01509305 0.5305222 0.2612571 0.01337013 0.5339929 0.26081 0.009193037 0.5304935 0.2594453 0.009615957 0.5304723 0.2589928 0.007139358 0.533941 0.2604373 0.0047889 0.5314883 0.2597988 -0.004713301 0.533941 0.2606884 -0.00159959 0.5296664 0.2580477 -0.004505945 0.5314883 0.260046 0.001574339 0.533941 0.2606884 0.00159959 0.5296664 0.2582839 0.001505078 0.5314883 0.260046 -0.001574339 0.5296664 0.2582839 -0.001505078 0.5296436 0.2581798 -0.009039132 0.5305197 0.260782 -0.01265217 0.5315342 0.2597523 -0.006674455 0.531576 0.2605944 -0.01049231 0.5305186 0.2622962 -0.01464 0.5254469 0.2945578 -0.04820497 0.5295814 0.2923179 -0.04859945 0.5292127 0.274329 -0.0385677 0.5340266 0.2555937 -0.03147466 0.5305197 0.2536439 -0.02927396 0.5340392 0.2509449 -0.03044404 0.5305074 0.2495231 -0.02908584 0.5339929 0.2483633 -0.03075127 0.5304935 0.2480472 -0.02935793 0.5304723 0.2456762 -0.0302044 0.533941 0.2443629 -0.03263059 0.5296664 0.2351185 -0.03520854 0.5314883 0.2413833 -0.03389899 0.533941 0.2417264 -0.03444271 0.5296664 0.2404423 -0.03240765 0.5314883 0.2386565 -0.03547333 0.533941 0.2360683 -0.03741949 0.5314883 0.2358145 -0.03682877 0.533941 0.2389558 -0.0360423 0.5296664 0.2378355 -0.03391272 0.5296436 0.2312587 -0.03758958 0.5305197 0.2294308 -0.04164968 0.5340438 0.2307138 -0.04233175 0.5315342 0.2340928 -0.03776908 0.531576 0.2312075 -0.04040727 0.5305186 0.2284664 -0.0439549 0.5340266 0.2294518 -0.0465677 0.5292127 0.2262269 -0.06633949 0.5295814 0.2259202 -0.0869342 0.5254501 0.2244574 -0.08866416 0.5419565 0.2259202 -0.0869342 0.5408529 0.2268755 -0.09246926 0.5401188 0.229004 -0.09557371 0.5395412 0.2318483 -0.09767551 0.5391511 0.2352247 -0.09876791 0.5390506 0.2368783 -0.09889292 0.5438132 0.2999788 0.05557302 0.5438154 0.2999749 0.05555847 0.5442099 0.299016 0.05305992 0.5450449 0.2956216 0.04892389 0.5433129 0.3003728 0.05953852 0.543546 0.3003356 0.05754333 0.5429781 0.2995084 0.06340649 0.5429785 0.2995103 0.06340181 0.5431212 0.3000949 0.06151114 0.5429113 0.2989494 0.06461744 0.5442033 0.2264584 0.09500196 0.5436078 0.2292682 0.09805816 0.5433293 0.2312271 0.09930966 0.5429803 0.2351104 0.1005594 0.5451492 0.2244668 0.08927071 0.4937662 0.2199939 0.100981 0.4889392 0.2199939 -0.1023126 0.4844274 0.2470364 -0.1009242 0.4844274 0.2199939 -0.1044844 0.4937662 0.2199939 -0.100981 0.4889392 0.2464743 0.09882642 0.4844274 0.2199939 0.1044844 0.4844274 0.2470364 0.1009242 0.4889392 0.2199939 0.1023126 0.4937662 0.2461297 0.09754018 0.4889392 0.2711502 0.08860535 0.4844274 0.2722361 0.09048618 0.4937662 0.2704844 0.08745213 0.4889392 0.2923398 0.07234596 0.4844274 0.2938755 0.07388165 0.4937662 0.2913982 0.07140437 0.4889392 0.3085992 0.05115632 0.4844274 0.31048 0.05224222 0.4937662 0.307446 0.05049051 0.4889392 0.3188203 0.02648046 0.4844274 0.3209181 0.02704256 0.4937662 0.317534 0.02613581 0.4889392 0.3223065 6.779669e-14 0.4844274 0.3244783 1.919348e-17 0.4937662 0.3209749 6.691431e-14 0.4889392 0.3188203 -0.02648046 0.4844274 0.3209181 -0.02704256 0.4937662 0.317534 -0.02613581 0.4889392 0.3085992 -0.05115632 0.4844274 0.31048 -0.05224222 0.4937662 0.307446 -0.05049051 0.4889392 0.2923398 -0.07234596 0.4844274 0.2938755 -0.07388165 0.4937662 0.2913982 -0.07140437 0.4889392 0.2711502 -0.08860535 0.4844274 0.2722361 -0.09048618 0.4937662 0.2704844 -0.08745213 0.4889392 0.2464743 -0.09882642 0.4937662 0.2461297 -0.09754018 0.546914 0.2606884 -0.00159959 0.546914 0.2606884 0.00159959 0.546914 0.2604373 0.0047889 0.5473159 0.2603955 -0.01063453 0.5474297 0.2605867 -0.01191159 0.5490741 0.2157605 0.04001197 0.5490741 0.2136585 0.03973339 0.5490741 0.2178742 0.04017942 0.5490741 0.2072151 0.03815211 0.5490741 0.2041131 0.03696865 0.5490741 0.2104042 0.03907578 0.5490741 0.2012603 0.03560806 0.5490741 0.1985231 0.03402774 0.5490741 0.1959184 0.03223745 0.5490741 0.1933425 0.03014275 0.5490741 0.1909481 0.0278428 0.5490741 0.1887514 0.02535328 0.5490741 0.1862573 0.02192537 0.5490741 0.1841376 0.01825406 0.5490741 0.1824161 0.01438011 0.5490741 0.1813584 0.01123298 0.5490741 0.1805638 0.008009358 0.5490741 0.1800377 0.004731203 0.5490741 0.1797896 0.001580318 0.5484599 0.1923726 -0.02806384 0.5490741 0.1862573 -0.02192537 0.5490741 0.1887514 -0.02535328 0.5490741 0.1841376 -0.01825406 0.5490741 0.2166638 -0.04009726 0.5479575 0.2117277 -0.03775088 0.5490741 0.215006 -0.03992493 0.5490741 0.2183274 -0.04020077 0.5479575 0.2064695 -0.03620153 0.5479575 0.2014835 -0.03392379 0.5479575 0.1968698 -0.0309635 0.5490741 0.1813584 -0.01123298 0.5490741 0.1824161 -0.01438011 0.5490741 0.1797896 -0.001580318 0.5490741 0.1800377 -0.004731203 0.5490741 0.1805638 -0.008009358 0.546914 0.2360683 -0.03741949 0.5473575 0.2303012 -0.04084942 0.5440764 0.2307459 -0.04227216 0.5476558 0.2443298 -0.03258625 0.546914 0.2417264 -0.03444271 0.546914 0.2443629 -0.03263059 0.5483812 0.2442312 -0.03245424 0.5476558 0.2389301 -0.03599334 0.546914 0.2389558 -0.0360423 0.5483812 0.2388534 -0.03584751 0.5476558 0.2416969 -0.03439592 0.5483812 0.241609 -0.03425657 0.5473158 0.2494044 -0.02967157 0.5444438 0.2492782 -0.03057104 0.5474297 0.250606 -0.02919863 0.544077 0.2509449 -0.03044404 0.5476558 0.2603824 0.004782394 0.5483812 0.2602187 0.004763018 0.5476558 0.2606331 -0.001597417 0.5483812 0.2604685 -0.001590945 0.5476558 0.2606331 0.001597417 0.5483812 0.2604685 0.001590945 0.5473158 0.2603955 0.01063453 0.5444438 0.2611113 0.01007548 0.5474297 0.2605867 0.01191158 0.5440764 0.2619787 0.01182451 0.5473444 0.2501071 0.02939371 0.5483812 0.2359814 0.03721725 0.5476558 0.2416969 0.03439592 0.5483812 0.241609 0.03425657 0.5476558 0.2389301 0.03599334 0.5476558 0.2360464 0.03736865 0.5483812 0.2388534 0.03584751 0.5473575 0.2303012 0.04084942 0.5605034 0.1915602 -0.1061158 0.5605034 0.1650643 -0.09514082 0.5605034 0.1423117 -0.07768215 0.5605034 0.124853 -0.05492958 0.5605034 0.1138781 -0.02843364 0.5605034 0.1101347 -3.112057e-17 0.5605034 0.1138781 0.02843364 0.5605034 0.124853 0.05492958 0.5605034 0.1423117 0.07768215 0.5605034 0.1650643 0.09514082 0.5605034 0.1915602 0.1061158 0.5469191 0.2190418 -0.08710863 0.5462358 0.2186638 -0.09229588 0.5442334 0.2078825 -0.104022 0.5448308 0.21319 -0.1011118 0.5462333 0.2186596 -0.09231324 0.542821 0.2009496 -0.1004765 0.5435834 0.1417413 -0.06772281 0.5417393 0.143386 -0.06629941 0.5435834 0.1586179 -0.08332363 0.5417393 0.1599079 -0.08157233 0.5435834 0.1785215 -0.09481497 0.5417393 0.1793931 -0.09282214 0.5416411 0.1429895 -0.06570923 0.543634 0.1408951 -0.06680717 0.5416911 0.1426579 -0.06529861 0.5436544 0.1406876 -0.06657476 0.5417056 0.1425775 -0.06519444 0.5436599 0.140636 -0.06651648 0.5417094 0.1425575 -0.0651683 0.5436613 0.1406231 -0.0665019 0.5417103 0.1425525 -0.06516177 0.5436617 0.1406198 -0.06649825 0.5417106 0.1425513 -0.06516013 0.549199 0.1778529 -0.01916653 0.549199 0.1823247 -0.02691185 0.5469191 0.1440796 -0.04272985 0.5469191 0.1450316 -0.04437878 0.5462358 0.1393982 -0.04499604 0.5462333 0.1393811 -0.04500116 0.5459951 0.1395244 -0.04856203 0.5448308 0.1290265 -0.04466355 0.5442334 0.1238525 -0.04152227 0.5450552 0.1362386 -0.05465242 0.545051 0.1362295 -0.05468423 0.5444666 0.1356219 -0.0598261 0.5444638 0.1356231 -0.05985411 0.544068 0.1366934 -0.06494283 0.5440673 0.1366983 -0.06495531 0.542821 0.1234567 -0.03374585 0.539006 0.1250413 -0.03292817 0.5428252 0.1235436 -0.03398347 0.5390245 0.1255684 -0.03418904 0.5435834 0.1222179 0.03390728 0.5435834 0.1171455 0.01149134 0.5417393 0.124273 0.03319461 0.5417393 0.1193072 0.01124982 0.539006 0.1201154 0.01115952 0.539006 0.1250413 0.03292817 0.5435834 0.1171455 -0.01149134 0.5417393 0.1193072 -0.01124982 0.539006 0.1201154 -0.01115952 0.5436447 0.1223872 0.0347326 0.5417095 0.1246893 0.03417148 0.5390245 0.1255684 0.03418904 0.5436554 0.1226344 0.03530378 0.5417098 0.1248035 0.03440919 0.5436601 0.1226972 0.03544528 0.5417104 0.1248327 0.03446817 0.5436614 0.1227129 0.03548057 0.5417106 0.1248401 0.03448289 0.5436617 0.1227169 0.03548938 0.5417106 0.1248419 0.03448656 0.5436618 0.1227179 0.03549159 0.549199 0.1823247 0.02691185 0.549199 0.1778529 0.01916653 0.5469191 0.1450316 0.04437878 0.5469191 0.1440796 0.04272985 0.5462358 0.1407283 0.04729985 0.5462333 0.1407153 0.04731208 0.5459951 0.1377032 0.04540754 0.5448308 0.1358304 0.05644824 0.5442334 0.1359638 0.06249971 0.5450552 0.1307859 0.04520794 0.545051 0.1307538 0.04519993 0.5444666 0.1259969 0.04315525 0.5444638 0.1259733 0.04314017 0.544068 0.1221015 0.03966888 0.5440673 0.1220931 0.03965845 0.542821 0.1425005 0.06673072 0.5390245 0.1431726 0.06468031 0.539006 0.144001 0.06576723 0.539006 0.179719 0.09207708 0.539006 0.2010342 0.0986954 0.5417393 0.2008808 0.09949402 0.5435834 0.1785215 0.09481497 0.5435834 0.2004704 0.1016301 0.5417393 0.1793931 0.09282214 0.5435834 0.1586179 0.08332363 0.5417393 0.1599079 0.08157233 0.539006 0.1603902 0.08091756 0.5416411 0.2015895 0.09954227 0.5390245 0.2023897 0.09886935 0.543634 0.2016859 0.101905 0.541691 0.2021113 0.09962415 0.5436544 0.2019913 0.1019686 0.5417056 0.2022419 0.09964176 0.5436599 0.2020678 0.1019842 0.5417094 0.2022746 0.09964598 0.5436613 0.2020869 0.1019881 0.5417103 0.2022828 0.09964703 0.5436617 0.2020917 0.101989 0.5417106 0.2022848 0.09964729 0.549199 0.2155221 0.04607838 0.5469191 0.2190418 0.08710863 0.5459951 0.2181726 0.09396957 0.5450552 0.2145411 0.09986035 0.545051 0.2145181 0.09988417 0.5444666 0.2103689 0.1029813 0.5444638 0.2103441 0.1029943 0.544068 0.2054019 0.1046117 0.5440673 0.2053887 0.1046138 0.5632975 0.2199939 0.1106078 0.5632975 0.2199939 -0.1106078 0.5632975 0.2486213 0.106839 0.5653429 0.2491507 0.1088147 0.5660916 0.2498738 0.1115136 0.5660916 0.2199939 0.1154474 0.5660916 0.2777176 0.09998038 0.5653429 0.2199939 0.1126533 0.5632975 0.2752978 0.0957892 0.5653429 0.2763205 0.0975606 0.5632975 0.2982054 0.07821156 0.5653429 0.2996518 0.0796579 0.5660916 0.3016275 0.08163364 0.5632975 0.3157831 0.05530392 0.5653429 0.3175544 0.05632664 0.5660916 0.3199742 0.0577237 0.5632975 0.3268328 0.02862741 0.5653429 0.3288086 0.02915681 0.5660916 0.3315075 0.02987998 0.5660916 0.3354413 2.120734e-17 0.5632975 0.3306017 0 0.5653429 0.3326471 0 0.5632975 0.3268328 -0.02862741 0.5653429 0.3288086 -0.02915681 0.5660916 0.3315075 -0.02987998 0.5632975 0.3157831 -0.05530392 0.5653429 0.3175544 -0.05632664 0.5660916 0.3199742 -0.0577237 0.5632975 0.2982054 -0.07821156 0.5653429 0.2996518 -0.0796579 0.5660916 0.3016275 -0.08163364 0.5632975 0.2752978 -0.0957892 0.5653429 0.2763205 -0.0975606 0.5660916 0.2777176 -0.09998038 0.5632975 0.2486213 -0.106839 0.5653429 0.2199939 -0.1126533 0.5653429 0.2491507 -0.1088147 0.5660916 0.2199939 -0.1154474 0.5660916 0.2498738 -0.1115136 0.547699 0.2284824 0.04385554 0.5472668 0.2262195 0.06685418 0.5472668 0.2810041 0.02803548 0.5441993 0.2650516 0.01509305 0.5451492 0.299541 0.04076167 0.5472668 0.2747784 0.0388187 0.5476992 0.2537387 0.02928089 0.547699 0.2622181 0.01457648 0.5428799 0.2373933 -0.1006866 0.542978 0.2351511 -0.1005653 0.5431208 0.2332164 -0.1001259 0.5433129 0.2313662 -0.09937948 0.543546 0.229657 -0.09834967 0.5438132 0.228129 -0.09705548 0.544127 0.2267414 -0.09541834 0.5445425 0.2254273 -0.09307075 0.5450449 0.2245493 -0.08995746 0.5472668 0.2262195 -0.06685418 0.5441993 0.2294518 -0.0465677 0.5476992 0.2284794 -0.04386431 0.5440431 0.2099138 -0.03945664 0.5438983 0.209914 -0.03945885 0.5438983 0.2000766 -0.03552331 0.5438983 0.1956248 -0.03263059 0.5438983 0.2048667 -0.03781237 0.5439766 0.1916237 -0.03075111 0.5440665 0.1890428 -0.03044404 0.5441993 0.184394 -0.03147466 0.5254469 0.1409651 -0.04047178 0.5295814 0.1417435 -0.03833476 0.5292127 0.1594257 -0.02777179 0.5340266 0.1749361 -0.01509305 0.5305222 0.1787306 -0.01337013 0.5339929 0.1791777 -0.009193037 0.5304935 0.1805425 -0.009615957 0.5304723 0.1809949 -0.007139358 0.533941 0.1795504 -0.0047889 0.5314883 0.1801889 0.004713301 0.533941 0.1792993 0.00159959 0.533941 0.1795504 0.0047889 0.5314883 0.1799417 -0.001574339 0.533941 0.1792993 -0.00159959 0.5296664 0.1817038 -0.001505078 0.5314883 0.1799417 0.001574339 0.5296664 0.18194 0.004505945 0.5296664 0.1817038 0.001505078 0.5296436 0.1818079 0.009039132 0.5305197 0.1792057 0.01265218 0.5340438 0.1779735 0.01188216 0.5315342 0.1802354 0.006674455 0.531576 0.1793933 0.01049232 0.5305186 0.1776915 0.01464 0.5340266 0.1749361 0.01509305 0.5292127 0.1594257 0.02777179 0.5295814 0.1417435 0.03833476 0.5254501 0.1409767 0.04046651 0.5254469 0.1454299 0.04820497 0.5295814 0.1476698 0.04859945 0.5292127 0.1656587 0.0385677 0.5340266 0.184394 0.03147466 0.5305197 0.1863438 0.02927396 0.5340392 0.1890428 0.03044404 0.5305074 0.1904646 0.02908584 0.5339929 0.1916245 0.03075128 0.5304935 0.1919405 0.02935793 0.5304723 0.1943115 0.0302044 0.533941 0.1956248 0.03263059 0.5314883 0.2041732 0.03682877 0.533941 0.2010319 0.0360423 0.533941 0.2039194 0.03741949 0.5314883 0.1986044 0.03389899 0.533941 0.1982613 0.03444271 0.5296664 0.1995454 0.03240765 0.5314883 0.2013312 0.03547333 0.5296664 0.2021523 0.03391272 0.5296664 0.2048692 0.03520854 0.5296436 0.208729 0.03758958 0.5305197 0.2105569 0.04164968 0.5340438 0.2092739 0.04233175 0.5315342 0.2058949 0.03776908 0.531576 0.2087802 0.04040727 0.5305186 0.2115213 0.0439549 0.5340266 0.2105359 0.0465677 0.5292127 0.2137608 0.06633949 0.5295814 0.2140675 0.0869342 0.5254501 0.2155303 0.08866416 0.4844274 0.1929513 0.1009242 0.4889392 0.1935134 -0.09882642 0.4844274 0.1929513 -0.1009242 0.4937662 0.193858 -0.09754018 0.4889392 0.1688375 -0.08860535 0.4844274 0.1677516 -0.09048618 0.4844274 0.1461122 -0.07388165 0.4937662 0.1695033 -0.08745213 0.4889392 0.1476479 -0.07234596 0.4937662 0.1485895 -0.07140437 0.4889392 0.1313885 -0.05115632 0.4844274 0.1295077 -0.05224222 0.4937662 0.1325417 -0.05049051 0.4889392 0.1211674 -0.02648046 0.4844274 0.1190696 -0.02704256 0.4937662 0.1224537 -0.02613581 0.4889392 0.1176812 -6.781528e-14 0.4844274 0.1155094 -2.959803e-17 0.4937662 0.1190128 -6.693265e-14 0.4889392 0.1211674 0.02648046 0.4844274 0.1190696 0.02704256 0.4937662 0.1224537 0.02613581 0.4889392 0.1313885 0.05115632 0.4844274 0.1295077 0.05224222 0.4937662 0.1325417 0.05049051 0.4889392 0.1476479 0.07234596 0.4844274 0.1461122 0.07388165 0.4937662 0.1485895 0.07140437 0.4889392 0.1688375 0.08860535 0.4844274 0.1677516 0.09048618 0.4937662 0.1695033 0.08745213 0.4889392 0.1935134 0.09882642 0.4937662 0.193858 0.09754018 0.5419565 0.2140675 0.0869342 0.5401237 0.2110023 0.09555464 0.5401188 0.2109837 0.09557371 0.5395413 0.2081394 0.09767552 0.5391522 0.2047773 0.09876572 0.5391511 0.2047631 0.09876791 0.5390506 0.2031094 0.09889292 0.5398073 0.141386 0.0573529 0.5412819 0.1447517 0.05058498 0.5419565 0.1476698 0.04859945 0.5419565 0.1417435 0.03833476 0.5406448 0.1354341 0.04032409 0.5401237 0.1327453 0.03999041 0.5401188 0.1327195 0.03998388 0.5395413 0.1294771 0.03857148 0.5391522 0.126852 0.03620497 0.5391511 0.1268429 0.0361937 0.5398041 0.1310033 -0.03939223 0.5406448 0.1354341 -0.04032409 0.5412819 0.1385649 -0.03986915 0.5419565 0.1417435 -0.03833476 0.5438132 0.1400089 -0.05557302 0.5438154 0.1400128 -0.05555847 0.5442099 0.1409718 -0.05305992 0.5450449 0.1443661 -0.04892389 0.5433129 0.1396149 -0.05953852 0.543546 0.1396521 -0.05754333 0.5429781 0.1404793 -0.06340649 0.5429785 0.1404774 -0.06340181 0.5431212 0.1398928 -0.06151114 0.5429113 0.1410384 -0.06461744 0.5442033 0.2135294 -0.09500196 0.543575 0.2105166 -0.09821259 0.5433024 0.2085361 -0.09942244 0.5429803 0.2048773 -0.1005594 0.5451492 0.2155209 -0.08927071 0.4767509 0.2199939 0.1090687 0.4767509 0.2482229 0.1053523 0.4767509 0.2745282 0.0944563 0.4767509 0.2971171 0.07712325 0.4767509 0.3144502 0.05453437 0.4767509 0.3253462 0.02822907 0.4767509 0.3290626 2.00356e-17 0.4767509 0.3253462 -0.02822907 0.4767509 0.3144502 -0.05453437 0.4767509 0.2971171 -0.07712325 0.4767509 0.2745282 -0.0944563 0.4767509 0.2482229 -0.1053523 0.4767509 0.2199939 -0.1090687 0.546914 0.2039194 0.03741949 0.5473575 0.2096865 0.04084942 0.5440764 0.2092418 0.04227216 0.5483812 0.1957565 0.03245424 0.5476558 0.2010576 0.03599334 0.546914 0.2010319 0.0360423 0.5483812 0.2011344 0.03584751 0.5476558 0.1982908 0.03439592 0.546914 0.1982613 0.03444271 0.546914 0.1956248 0.03263059 0.5476558 0.1956579 0.03258625 0.5483812 0.1983788 0.03425657 0.5473444 0.1898806 0.0293937 0.5440769 0.1890428 0.03044404 0.5440764 0.1887611 0.03044765 0.546914 0.1795504 0.0047889 0.5473158 0.1795922 0.01063453 0.5444438 0.1788764 0.01007548 0.5474297 0.179401 0.01191159 0.5440764 0.178009 0.01182451 0.5476558 0.1796054 -0.004782394 0.546914 0.1792993 -0.00159959 0.546914 0.1795504 -0.0047889 0.5483812 0.179769 -0.004763018 0.5476558 0.1793546 0.001597417 0.546914 0.1792993 0.00159959 0.5483812 0.1795192 0.001590945 0.5476558 0.1793546 -0.001597417 0.5483812 0.1795192 -0.001590945 0.5473158 0.1795922 -0.01063453 0.5444438 0.1788764 -0.01007548 0.5474297 0.179401 -0.01191158 0.5440764 0.178009 -0.01182451 0.5476991 0.1862488 -0.0292808 0.5476398 0.1889695 -0.02894509 0.5465645 0.1904816 -0.02983667 0.5474253 0.2134984 -0.06374899 0.547606 0.2114212 -0.0397444 0.5660916 0.1901139 -0.1115136 0.5632975 0.1913664 -0.106839 0.5653429 0.1908371 -0.1088147 0.5660916 0.1622702 -0.09998038 0.5632975 0.1646899 -0.0957892 0.5653429 0.1636672 -0.0975606 0.5632975 0.1417823 -0.07821156 0.5653429 0.140336 -0.0796579 0.5660916 0.1383602 -0.08163364 0.5632975 0.1242047 -0.05530392 0.5653429 0.1224333 -0.05632664 0.5660916 0.1200135 -0.0577237 0.5632975 0.1131549 -0.02862741 0.5653429 0.1111791 -0.02915681 0.5660916 0.1084802 -0.02987998 0.5660916 0.1045465 -3.270358e-17 0.5632975 0.109386 -5.72308e-17 0.5653429 0.1073406 -5.828916e-17 0.5632975 0.1131549 0.02862741 0.5653429 0.1111791 0.02915681 0.5660916 0.1084802 0.02987998 0.5632975 0.1242047 0.05530392 0.5653429 0.1224333 0.05632664 0.5660916 0.1200135 0.0577237 0.5632975 0.1417823 0.07821156 0.5653429 0.140336 0.0796579 0.5660916 0.1383602 0.08163364 0.5632975 0.1646899 0.0957892 0.5653429 0.1636672 0.0975606 0.5660916 0.1622702 0.09998038 0.5632975 0.1913664 0.106839 0.5653429 0.1908371 0.1088147 0.5660916 0.1901139 0.1115136 0.5472668 0.1589836 -0.02803548 0.5441993 0.1749361 -0.01509305 0.5451492 0.1404467 -0.04076167 0.544553 0.1367423 -0.04182208 0.543933 0.1326905 -0.04167517 0.5435803 0.1302385 -0.04091495 0.5433066 0.1281963 -0.03981107 0.5429578 0.1251077 -0.03687503 0.5472668 0.1652093 -0.0388187 0.547699 0.1777696 -0.01457648 0.5429113 0.1245558 0.03606875 0.5472668 0.1652093 0.0388187 0.5441993 0.184394 0.03147466 0.5451492 0.1449196 0.04850904 0.5442033 0.140952 0.0530994 0.5435817 0.1396841 0.05726222 0.5433078 0.139617 0.05958284 0.5429578 0.1406161 0.0637363 0.5429781 0.125325 0.03715837 0.5429785 0.125328 0.03716237 0.5431212 0.1266731 0.03861397 0.5433129 0.1282425 0.03984098 0.543546 0.129989 0.04080633 0.5438132 0.1318737 0.04148246 0.5438154 0.1318883 0.0414864 0.544039 0.1334017 0.04179658 0.5444493 0.1360812 0.04188728 0.5450449 0.1398107 0.04103357 0.5472668 0.1589836 0.02803548 0.5441993 0.1749361 0.01509305 0.5476992 0.1777635 0.01458342 0.547699 0.1862581 0.02927906 0.5428799 0.2025945 0.1006866 0.5429781 0.2048395 0.1005649 0.5429785 0.2048445 0.1005642 0.5431212 0.2067742 0.1001251 0.5433129 0.2086215 0.0993795 0.543546 0.2103307 0.09834967 0.5438132 0.2118587 0.09705548 0.5438154 0.2118693 0.09704487 0.5442099 0.2135537 0.0949651 0.5450449 0.2154384 0.08995746 0.5472668 0.2137682 0.06685418 0.5441993 0.2105359 0.0465677 0.5476992 0.2115083 0.04386431 0.5660916 0.130085 0.08636259 0.5660916 0.1183861 0.07223554 0.5660916 0.1437301 0.09862019 0.5660916 0.1088867 0.05654465 0.5660916 0.1017924 0.03962982 0.5660916 0.1590263 0.1087431 0.5660916 0.175642 0.1165119 0.5660916 0.09725689 0.02185724 0.5660916 0.1932178 0.1217586 0.5660916 0.2065271 0.1239385 0.5660916 0.09537824 0.003611318 0.5660916 0.2199939 0.124668 0.5660916 0.09619709 -0.01471274 0.5660916 0.09969579 -0.03271814 0.5660916 0.2522603 0.12042 0.5660916 0.1057986 -0.05001546 0.5660916 0.2703005 0.1140673 0.5660916 0.1143734 -0.06623013 0.5660916 0.2871565 0.1050299 0.5660916 0.1252345 -0.08101094 0.5660916 0.3018407 0.09403819 0.5660916 0.138147 -0.09403819 0.5660916 0.3147532 0.08101094 0.5660916 0.1528312 -0.1050299 0.5660916 0.3256143 0.06623013 0.5660916 0.1696872 -0.1140673 0.5660916 0.3341891 0.05001546 0.5660916 0.3402919 0.03271814 0.5660916 0.1877274 -0.12042 0.5660916 0.3437906 0.01471274 0.5660916 0.2199939 -0.124668 0.5660916 0.3446095 -0.003611318 0.5660916 0.2334606 -0.1239385 0.5660916 0.3427308 -0.02185724 0.5660916 0.2467699 -0.1217586 0.5660916 0.3381953 -0.03962982 0.5660916 0.2643457 -0.1165119 0.5660916 0.331101 -0.05654465 0.5660916 0.2809614 -0.1087431 0.5660916 0.3216016 -0.07223554 0.5660916 0.2962576 -0.09862019 0.5660916 0.3099027 -0.08636259 0.4767509 0.1917648 -0.1053523 0.4767509 0.1654595 -0.0944563 0.4767509 0.1428706 -0.07712325 0.4767509 0.1255376 -0.05453437 0.4767509 0.1146415 -0.02822907 0.4767509 0.1109251 -3.089666e-17 0.4767509 0.1146415 0.02822907 0.4767509 0.1255376 0.05453437 0.4767509 0.1428706 0.07712325 0.4767509 0.1654595 0.0944563 0.4767509 0.1917648 0.1053523 0.4738857 0.2484275 -0.1061158 0.4738857 0.2199939 -0.1098592 0.4748831 0.2199939 -0.1097694 0.4758485 0.2199939 0.1095031 0.4758485 0.2483353 0.1057719 0.4738857 0.2484275 0.1061158 0.4748831 0.2484043 0.1060291 0.4738857 0.2199939 0.1098592 0.4748831 0.2199939 0.1097694 0.4758485 0.2747454 0.09483247 0.4738857 0.2749234 0.09514082 0.4748831 0.2748786 0.09506311 0.4758485 0.2974243 0.07743038 0.4738857 0.297676 0.07768215 0.4748831 0.2976125 0.07761871 0.4758485 0.3148263 0.05475155 0.4738857 0.3151347 0.05492958 0.4748831 0.315057 0.05488471 0.4758485 0.3257657 0.02834149 0.4738857 0.3261096 0.02843364 0.4748831 0.326023 0.02841042 0.4758485 0.3294969 0 0.4738857 0.329853 2.01808e-17 0.4748831 0.3297633 0 0.4738857 0.3261096 -0.02843364 0.4758485 0.3257657 -0.02834149 0.4748831 0.326023 -0.02841042 0.4758485 0.3148263 -0.05475155 0.4748831 0.315057 -0.05488471 0.4738857 0.3151347 -0.05492958 0.4738857 0.297676 -0.07768215 0.4758485 0.2974243 -0.07743038 0.4748831 0.2976125 -0.07761871 0.4758485 0.2747454 -0.09483247 0.4748831 0.2748786 -0.09506311 0.4738857 0.2749234 -0.09514082 0.4758485 0.2483353 -0.1057719 0.4758485 0.2199939 -0.1095031 0.4748831 0.2484043 -0.1060291 0.5641357 0.3296534 0.06331193 0.5641357 0.3423031 0.03277267 0.5641357 0.3095305 -0.08953659 0.5658296 0.2525134 0.1213646 0.5658296 0.2199939 0.1256459 0.5651136 0.2526987 0.1220562 0.5641357 0.2527665 0.1223093 0.5641357 0.2199939 0.1266239 0.5651136 0.2199939 0.1263618 0.5658296 0.2706951 0.1149621 0.5651136 0.2709839 0.1156171 0.5641357 0.2833058 0.1096595 0.5651136 0.2831748 0.1094325 0.5658296 0.3024828 0.09477595 0.5651136 0.3029528 0.09531596 0.5641357 0.3095305 0.08953659 0.5651136 0.3093452 0.0893513 0.5658296 0.3154965 0.08164651 0.5651136 0.3160406 0.08211171 0.5658296 0.3264428 0.06674966 0.5651136 0.3270493 0.06712999 0.5658296 0.3350849 0.05040789 0.5651136 0.3357406 0.05069511 0.5658296 0.3412356 0.03297495 0.5651136 0.3419264 0.03316283 0.5658296 0.3447617 0.01482819 0.5651136 0.3454726 0.01491268 0.5641357 0.3466177 2.326043e-17 0.5651136 0.3463557 0 0.5658296 0.3436937 -0.02202851 0.5651136 0.3443985 -0.02215402 0.5641357 0.3423031 -0.03277267 0.5651136 0.34205 -0.03270485 0.5658296 0.3391226 -0.03994061 0.5651136 0.3398013 -0.04016819 0.5641357 0.3296534 -0.06331193 0.5658296 0.3319727 -0.05698813 0.5651136 0.3326107 -0.05731283 0.5651136 0.3294264 -0.06318091 0.5658296 0.3223987 -0.07280202 0.5651136 0.3229822 -0.07321683 0.5658296 0.3106081 -0.08703996 0.5651136 0.3111244 -0.0875359 0.5658296 0.2968559 -0.09939376 0.5651136 0.2972939 -0.09996008 0.5641357 0.2833058 -0.1096595 0.5658296 0.2828168 -0.1088126 0.5651136 0.2831748 -0.1094325 0.5658296 0.2646938 -0.1174258 0.5651136 0.2649485 -0.1180948 0.5641357 0.2527665 -0.1223093 0.5651136 0.2526987 -0.1220562 0.5658296 0.2335664 -0.1249107 0.5658296 0.2199939 -0.1256459 0.5651136 0.2336437 -0.1256224 0.5651136 0.2199939 -0.1263618 0.5641357 0.2199939 -0.1266239 0.5641357 0.1103344 -0.06331193 0.5641357 0.0976846 -0.03277267 0.5641357 0.1304573 0.08953659 0.5658296 0.1874743 -0.1213646 0.5651136 0.187289 -0.1220562 0.5641357 0.1872212 -0.1223093 0.5658296 0.1692926 -0.1149621 0.5651136 0.1690038 -0.1156171 0.5641357 0.1566819 -0.1096595 0.5651136 0.1568129 -0.1094325 0.5658296 0.137505 -0.09477595 0.5651136 0.137035 -0.09531596 0.5641357 0.1304573 -0.08953659 0.5651136 0.1306425 -0.0893513 0.5658296 0.1244913 -0.08164651 0.5651136 0.1239471 -0.08211171 0.5658296 0.1135449 -0.06674966 0.5651136 0.1129384 -0.06712999 0.5658296 0.1049028 -0.05040789 0.5651136 0.1042471 -0.05069511 0.5658296 0.09875215 -0.03297495 0.5651136 0.09806135 -0.03316283 0.5658296 0.09522598 -0.01482819 0.5651136 0.09451508 -0.01491268 0.5641357 0.09337 -3.586962e-17 0.5651136 0.09363203 -2.926703e-17 0.5658296 0.09629405 0.02202851 0.5651136 0.09558923 0.02215402 0.5641357 0.0976846 0.03277267 0.5651136 0.09793771 0.03270485 0.5658296 0.1008652 0.03994061 0.5651136 0.1001864 0.04016819 0.5641357 0.1103344 0.06331193 0.5658296 0.1080151 0.05698813 0.5651136 0.107377 0.05731283 0.5651136 0.1105613 0.06318091 0.5658296 0.117589 0.07280202 0.5651136 0.1170055 0.07321683 0.5658296 0.1293796 0.08703996 0.5651136 0.1288633 0.0875359 0.5658296 0.1431318 0.09939376 0.5651136 0.1426938 0.09996008 0.5641357 0.1566819 0.1096595 0.5658296 0.1571709 0.1088126 0.5651136 0.1568129 0.1094325 0.5658296 0.1752939 0.1174258 0.5651136 0.1750392 0.1180948 0.5641357 0.1872212 0.1223093 0.5651136 0.187289 0.1220562 0.5658296 0.2064213 0.1249107 0.5651136 0.206344 0.1256224 0.4758485 0.1916524 -0.1057719 0.4738857 0.1915602 -0.1061158 0.4748831 0.1915834 -0.1060291 0.4758485 0.1652423 -0.09483247 0.4738857 0.1650643 -0.09514082 0.4748831 0.1651091 -0.09506311 0.4758485 0.1425635 -0.07743038 0.4738857 0.1423117 -0.07768215 0.4748831 0.1423752 -0.07761871 0.4758485 0.1251614 -0.05475155 0.4738857 0.124853 -0.05492958 0.4748831 0.1249307 -0.05488471 0.4758485 0.114222 -0.02834149 0.4738857 0.1138781 -0.02843364 0.4748831 0.1139647 -0.02841042 0.4758485 0.1104908 0 0.4738857 0.1101347 -3.112057e-17 0.4748831 0.1102244 0 0.4758485 0.114222 0.02834149 0.4738857 0.1138781 0.02843364 0.4748831 0.1139647 0.02841042 0.4738857 0.124853 0.05492958 0.4758485 0.1251614 0.05475155 0.4748831 0.1249307 0.05488471 0.4758485 0.1425635 0.07743038 0.4748831 0.1423752 0.07761871 0.4738857 0.1423117 0.07768215 0.4758485 0.1652423 0.09483247 0.4748831 0.1651091 0.09506311 0.4738857 0.1650643 0.09514082 0.4758485 0.1916524 0.1057719 0.4748831 0.1915834 0.1060291 0.4738857 0.1915602 0.1061158 0.4543269 0.2199939 0.1098592 0.4543269 0.2484275 0.1061158 0.4543269 0.2749234 0.09514082 0.4543269 0.297676 0.07768215 0.4543269 0.3151347 0.05492958 0.4543269 0.3261096 0.02843364 0.4543269 0.329853 2.01808e-17 0.4543269 0.3261096 -0.02843364 0.4543269 0.3151347 -0.05492958 0.4543269 0.297676 -0.07768215 0.4543269 0.2749234 -0.09514082 0.4543269 0.2484275 -0.1061158 0.4543269 0.2199939 -0.1098592 0.5635769 0.2199939 0.1266239 0.5635769 0.2527665 0.1223093 0.5635769 0.2833058 0.1096595 0.5635769 0.3095305 0.08953659 0.5635769 0.3296534 0.06331193 0.5635769 0.3423031 0.03277267 0.5635769 0.3466177 2.326043e-17 0.5635769 0.3423031 -0.03277267 0.5635769 0.3296534 -0.06331193 0.5635769 0.3095305 -0.08953659 0.5635769 0.2833058 -0.1096595 0.5635769 0.2527665 -0.1223093 0.5635769 0.2199939 -0.1266239 0.5635769 0.1872212 -0.1223093 0.5635769 0.1566819 -0.1096595 0.5635769 0.1304573 -0.08953659 0.5635769 0.1103344 -0.06331193 0.5635769 0.0976846 -0.03277267 0.5635769 0.09337 -3.586962e-17 0.5635769 0.0976846 0.03277267 0.5635769 0.1103344 0.06331193 0.5635769 0.1304573 0.08953659 0.5635769 0.1566819 0.1096595 0.5635769 0.1872212 0.1223093 0.4543269 0.1915602 -0.1061158 0.4543269 0.1650643 -0.09514082 0.4543269 0.1423117 -0.07768215 0.4543269 0.124853 -0.05492958 0.4543269 0.1138781 -0.02843364 0.4543269 0.1101347 -3.112057e-17 0.4543269 0.1138781 0.02843364 0.4543269 0.124853 0.05492958 0.4543269 0.1423117 0.07768215 0.4543269 0.1650643 0.09514082 0.4543269 0.1915602 0.1061158 0.4515328 0.2199939 0.1106078 0.4494873 0.2199939 -0.1126533 0.4487387 0.2498738 -0.1115136 0.4487387 0.2199939 -0.1154474 0.4494873 0.2491507 0.1088147 0.4487387 0.2199939 0.1154474 0.4487387 0.2498738 0.1115136 0.4494873 0.2199939 0.1126533 0.4515328 0.2486213 0.106839 0.4494873 0.2763205 0.0975606 0.4487387 0.2777176 0.09998038 0.4487387 0.3016275 0.08163364 0.4515328 0.2752978 0.0957892 0.4494873 0.2996518 0.0796579 0.4515328 0.2982054 0.07821156 0.4494873 0.3175544 0.05632664 0.4487387 0.3199742 0.0577237 0.4487387 0.3315075 0.02987998 0.4515328 0.3157831 0.05530392 0.4494873 0.3288086 0.02915681 0.4515328 0.3268328 0.02862741 0.4494873 0.3326471 0 0.4487387 0.3354413 2.120734e-17 0.4487387 0.3315075 -0.02987998 0.4515328 0.3306017 0 0.4494873 0.3288086 -0.02915681 0.4515328 0.3268328 -0.02862741 0.4494873 0.3175544 -0.05632664 0.4487387 0.3199742 -0.0577237 0.4515328 0.3157831 -0.05530392 0.4494873 0.2996518 -0.0796579 0.4487387 0.3016275 -0.08163364 0.4515328 0.2982054 -0.07821156 0.4494873 0.2763205 -0.0975606 0.4487387 0.2777176 -0.09998038 0.4515328 0.2752978 -0.0957892 0.4494873 0.2491507 -0.1088147 0.4515328 0.2199939 -0.1106078 0.4515328 0.2486213 -0.106839 0.561621 0.2199939 -0.124668 0.561621 0.2522603 -0.12042 0.5618831 0.2199939 -0.1256459 0.5625989 0.2526987 0.1220562 0.5625989 0.2199939 0.1263618 0.5618831 0.2525134 0.1213646 0.561621 0.2522603 0.12042 0.561621 0.2199939 0.124668 0.5618831 0.2199939 0.1256459 0.5625989 0.2831748 0.1094325 0.5618831 0.2828168 0.1088126 0.561621 0.2823279 0.1079656 0.5625989 0.3093452 0.0893513 0.5618831 0.3088389 0.08884509 0.561621 0.3081474 0.08815357 0.5625989 0.3294264 0.06318091 0.5618831 0.3288064 0.06282296 0.561621 0.3279595 0.06233399 0.5625989 0.34205 0.03270485 0.5618831 0.3413585 0.03251956 0.561621 0.3404139 0.03226645 0.5625989 0.3463557 0 0.5618831 0.3456398 0 0.561621 0.3446618 2.290114e-17 0.5625989 0.34205 -0.03270485 0.5618831 0.3413585 -0.03251956 0.561621 0.3404139 -0.03226645 0.5625989 0.3294264 -0.06318091 0.5618831 0.3288064 -0.06282296 0.561621 0.3279595 -0.06233399 0.5625989 0.3093452 -0.0893513 0.5618831 0.3088389 -0.08884509 0.561621 0.3081474 -0.08815357 0.5625989 0.2831748 -0.1094325 0.5618831 0.2828168 -0.1088126 0.561621 0.2823279 -0.1079656 0.5625989 0.2526987 -0.1220562 0.5625989 0.2199939 -0.1263618 0.5618831 0.2525134 -0.1213646 0.561621 0.1877274 0.12042 0.5625989 0.187289 -0.1220562 0.5618831 0.1874743 -0.1213646 0.561621 0.1877274 -0.12042 0.5625989 0.1568129 -0.1094325 0.5618831 0.1571709 -0.1088126 0.561621 0.1576599 -0.1079656 0.5625989 0.1306425 -0.0893513 0.5618831 0.1311488 -0.08884509 0.561621 0.1318403 -0.08815357 0.5625989 0.1105613 -0.06318091 0.5618831 0.1111813 -0.06282296 0.561621 0.1120282 -0.06233399 0.5625989 0.09793771 -0.03270485 0.5618831 0.09862922 -0.03251956 0.561621 0.09957384 -0.03226645 0.5625989 0.09363203 -2.836289e-17 0.5618831 0.09434794 -2.82022e-17 0.561621 0.09532587 -3.531556e-17 0.5625989 0.09793771 0.03270485 0.5618831 0.09862922 0.03251956 0.561621 0.09957384 0.03226645 0.5625989 0.1105613 0.06318091 0.5618831 0.1111813 0.06282296 0.561621 0.1120282 0.06233399 0.5625989 0.1306425 0.0893513 0.5618831 0.1311488 0.08884509 0.561621 0.1318403 0.08815357 0.561621 0.1576599 0.1079656 0.5625989 0.1568129 0.1094325 0.5618831 0.1571709 0.1088126 0.5625989 0.187289 0.1220562 0.5618831 0.1874743 0.1213646 0.4487387 0.1901139 0.1115136 0.4494873 0.1908371 -0.1088147 0.4487387 0.1901139 -0.1115136 0.4515328 0.1913664 -0.106839 0.4494873 0.1636672 -0.0975606 0.4487387 0.1622702 -0.09998038 0.4515328 0.1646899 -0.0957892 0.4494873 0.140336 -0.0796579 0.4487387 0.1383602 -0.08163364 0.4487387 0.1200135 -0.0577237 0.4515328 0.1417823 -0.07821156 0.4494873 0.1224333 -0.05632664 0.4487387 0.1084802 -0.02987998 0.4515328 0.1242047 -0.05530392 0.4494873 0.1111791 -0.02915681 0.4487387 0.1045465 -3.270358e-17 0.4515328 0.1131549 -0.02862741 0.4494873 0.1073406 -2.645336e-17 0.4515328 0.109386 -2.597305e-17 0.4494873 0.1111791 0.02915681 0.4487387 0.1084802 0.02987998 0.4487387 0.1200135 0.0577237 0.4515328 0.1131549 0.02862741 0.4494873 0.1224333 0.05632664 0.4515328 0.1242047 0.05530392 0.4494873 0.140336 0.0796579 0.4487387 0.1383602 0.08163364 0.4487387 0.1622702 0.09998038 0.4515328 0.1417823 0.07821156 0.4494873 0.1636672 0.0975606 0.4515328 0.1646899 0.0957892 0.4494873 0.1908371 0.1088147 0.4515328 0.1913664 0.106839 0.4487387 0.130085 0.08636259 0.4487387 0.1183861 0.07223554 0.4487387 0.1437301 0.09862019 0.4487387 0.1088867 0.05654465 0.4487387 0.1017924 0.03962982 0.4487387 0.1590263 0.1087431 0.4487387 0.175642 0.1165119 0.4487387 0.09725689 0.02185724 0.4487387 0.1932178 0.1217586 0.4487387 0.2065271 0.1239385 0.4487387 0.09537824 0.003611318 0.4487387 0.2199939 0.124668 0.4487387 0.09619709 -0.01471274 0.4487387 0.2522603 0.12042 0.4487387 0.09969579 -0.03271814 0.4487387 0.1057986 -0.05001546 0.4487387 0.2703005 0.1140673 0.4487387 0.1143734 -0.06623013 0.4487387 0.2871565 0.1050299 0.4487387 0.1252345 -0.08101094 0.4487387 0.3018407 0.09403819 0.4487387 0.138147 -0.09403819 0.4487387 0.3147532 0.08101094 0.4487387 0.1528312 -0.1050299 0.4487387 0.3256143 0.06623013 0.4487387 0.1696872 -0.1140673 0.4487387 0.3341891 0.05001546 0.4487387 0.3402919 0.03271814 0.4487387 0.1877274 -0.12042 0.4487387 0.3437906 0.01471274 0.4487387 0.2199939 -0.124668 0.4487387 0.3446095 -0.003611318 0.4487387 0.2334606 -0.1239385 0.4487387 0.3427308 -0.02185724 0.4487387 0.2467699 -0.1217586 0.4487387 0.3381953 -0.03962982 0.4487387 0.2643457 -0.1165119 0.4487387 0.331101 -0.05654465 0.4487387 0.2809614 -0.1087431 0.4487387 0.3216016 -0.07223554 0.4487387 0.2962576 -0.09862019 0.4487387 0.3099027 -0.08636259 0.561621 0.146391 0.0960845 0.561621 0.1330891 0.0842448 0.561621 0.1216685 0.07058143 0.561621 0.1612863 0.1058444 0.561621 0.1123762 0.05539004 0.561621 0.1774522 0.113313 0.561621 0.1054136 0.03899976 0.561621 0.194539 0.1183287 0.561621 0.1009313 0.02176531 0.561621 0.2071947 0.120357 0.561621 0.09902637 0.004059515 0.561621 0.2199939 0.1210356 0.561621 0.09973997 -0.01373408 0.561621 0.1030567 -0.03123023 0.561621 0.2513202 0.1169114 0.561621 0.1089049 -0.04805052 0.561621 0.269088 0.1106318 0.561621 0.1171577 -0.06383066 0.561621 0.2856654 0.1016704 0.561621 0.1276366 -0.0782289 0.561621 0.2998728 0.09093382 0.561621 0.1401149 -0.09093382 0.561621 0.3123511 0.0782289 0.561621 0.1543223 -0.1016704 0.561621 0.32283 0.06383066 0.561621 0.1708998 -0.1106318 0.561621 0.3310828 0.04805052 0.561621 0.336931 0.03123023 0.561621 0.1886675 -0.1169114 0.561621 0.3402477 0.01373408 0.561621 0.2199939 -0.1210356 0.561621 0.3409613 -0.004059515 0.561621 0.232793 -0.120357 0.561621 0.3390564 -0.02176531 0.561621 0.2454487 -0.1183287 0.561621 0.3345741 -0.03899976 0.561621 0.2625355 -0.113313 0.561621 0.3276115 -0.05539004 0.561621 0.3183192 -0.07058143 0.561621 0.2935967 -0.0960845 0.561621 0.2787015 -0.1058444 0.561621 0.3068986 -0.0842448 0.4506945 0.3296534 0.06331193 0.4506945 0.3423031 0.03277267 0.4506945 0.3095305 -0.08953659 0.4490007 0.2199939 -0.1256459 0.4497166 0.2526987 0.1220562 0.4506945 0.2199939 0.1266239 0.4506945 0.2527665 0.1223093 0.4497166 0.2199939 0.1263618 0.4490007 0.2525134 0.1213646 0.4490007 0.2199939 0.1256459 0.4490007 0.2706951 0.1149621 0.4506945 0.2833058 0.1096595 0.4497166 0.2831748 0.1094325 0.4490007 0.2828168 0.1088126 0.4490007 0.3024828 0.09477595 0.4506945 0.3095305 0.08953659 0.4497166 0.3093452 0.0893513 0.4490007 0.3088389 0.08884509 0.4490007 0.3154965 0.08164651 0.4497166 0.3270493 0.06712999 0.4490007 0.3264428 0.06674966 0.4490007 0.3350849 0.05040789 0.4497166 0.3419264 0.03316283 0.4490007 0.3412356 0.03297495 0.4490007 0.3447617 0.01482819 0.4506945 0.3466177 2.326043e-17 0.4497166 0.3463557 0 0.4490007 0.3456398 0 0.4490007 0.3436937 -0.02202851 0.4506945 0.3423031 -0.03277267 0.4497166 0.34205 -0.03270485 0.4490007 0.3413585 -0.03251956 0.4490007 0.3391226 -0.03994061 0.4497166 0.3326107 -0.05731283 0.4506945 0.3296534 -0.06331193 0.4490007 0.3319727 -0.05698813 0.4497166 0.3294264 -0.06318091 0.4490007 0.3288064 -0.06282296 0.4490007 0.3223987 -0.07280202 0.4497166 0.3111244 -0.0875359 0.4490007 0.3106081 -0.08703996 0.4490007 0.2968559 -0.09939376 0.4506945 0.2833058 -0.1096595 0.4497166 0.2831748 -0.1094325 0.4490007 0.2828168 -0.1088126 0.4490007 0.2646938 -0.1174258 0.4506945 0.2527665 -0.1223093 0.4497166 0.2526987 -0.1220562 0.4490007 0.2525134 -0.1213646 0.4490007 0.2335664 -0.1249107 0.4506945 0.2199939 -0.1266239 0.4497166 0.2199939 -0.1263618 0.4506945 0.1103344 -0.06331193 0.4506945 0.0976846 -0.03277267 0.4506945 0.1304573 0.08953659 0.4497166 0.187289 -0.1220562 0.4506945 0.1872212 -0.1223093 0.4490007 0.1874743 -0.1213646 0.4490007 0.1692926 -0.1149621 0.4506945 0.1566819 -0.1096595 0.4497166 0.1568129 -0.1094325 0.4490007 0.1571709 -0.1088126 0.4490007 0.137505 -0.09477595 0.4506945 0.1304573 -0.08953659 0.4497166 0.1306425 -0.0893513 0.4490007 0.1311488 -0.08884509 0.4490007 0.1244913 -0.08164651 0.4497166 0.1129384 -0.06712999 0.4490007 0.1135449 -0.06674966 0.4490007 0.1049028 -0.05040789 0.4497166 0.09806135 -0.03316283 0.4490007 0.09875215 -0.03297495 0.4490007 0.09522598 -0.01482819 0.4506945 0.09337 -3.586962e-17 0.4497166 0.09363203 -2.836289e-17 0.4490007 0.09434794 -2.82022e-17 0.4490007 0.09629405 0.02202851 0.4506945 0.0976846 0.03277267 0.4497166 0.09793771 0.03270485 0.4490007 0.09862922 0.03251956 0.4490007 0.1008652 0.03994061 0.4497166 0.107377 0.05731283 0.4506945 0.1103344 0.06331193 0.4490007 0.1080151 0.05698813 0.4497166 0.1105613 0.06318091 0.4490007 0.1111813 0.06282296 0.4490007 0.117589 0.07280202 0.4497166 0.1288633 0.0875359 0.4490007 0.1293796 0.08703996 0.4490007 0.1431318 0.09939376 0.4506945 0.1566819 0.1096595 0.4497166 0.1568129 0.1094325 0.4490007 0.1571709 0.1088126 0.4490007 0.1752939 0.1174258 0.4506945 0.1872212 0.1223093 0.4497166 0.187289 0.1220562 0.4490007 0.1874743 0.1213646 0.4490007 0.2064213 0.1249107 0.5409445 0.2513202 0.1169114 0.5409445 0.2199939 0.1210356 0.5409445 0.2805117 0.1048199 0.5409445 0.305579 0.08558511 0.5409445 0.3248138 0.06051781 0.5409445 0.3369053 0.03132633 0.5409445 0.3410295 2.223388e-17 0.5409445 0.3369053 -0.03132633 0.5409445 0.3248138 -0.06051781 0.5409445 0.305579 -0.08558511 0.5409445 0.2805117 -0.1048199 0.5409445 0.2513202 -0.1169114 0.5409445 0.2199939 -0.1210356 0.5409445 0.1886677 -0.116911 0.5409445 0.1594762 -0.1048195 0.5409445 0.1344087 -0.08558511 0.5409445 0.1151743 -0.06051764 0.5409445 0.1030828 -0.03132617 0.5409445 0.09895823 -2.332996e-13 0.5409445 0.1030828 0.03132617 0.5409445 0.1151743 0.06051764 0.5409445 0.1344087 0.08558511 0.5409445 0.1594762 0.1048195 0.5409445 0.1886677 0.116911 0.4512534 0.2199939 0.1266239 0.4512534 0.2527665 0.1223093 0.4512534 0.2833058 0.1096595 0.4512534 0.3095305 0.08953659 0.4512534 0.3296534 0.06331193 0.4512534 0.3423031 0.03277267 0.4512534 0.3466177 2.326043e-17 0.4512534 0.3423031 -0.03277267 0.4512534 0.3296534 -0.06331193 0.4512534 0.3095305 -0.08953659 0.4512534 0.2833058 -0.1096595 0.4512534 0.2527665 -0.1223093 0.4512534 0.2199939 -0.1266239 0.4512534 0.1872212 -0.1223093 0.4512534 0.1566819 -0.1096595 0.4512534 0.1304573 -0.08953659 0.4512534 0.1103344 -0.06331193 0.4512534 0.0976846 -0.03277267 0.4512534 0.09337 -3.586962e-17 0.4512534 0.0976846 0.03277267 0.4512534 0.1103344 0.06331193 0.4512534 0.1304573 0.08953659 0.4512534 0.1566819 0.1096595 0.4512534 0.1872212 0.1223093 0.532349 0.2199939 -0.1186644 0.532349 0.2507065 -0.114621 0.535056 0.2199939 -0.1199675 0.5379523 0.2512505 0.1166514 0.5379523 0.2199939 0.1207664 0.535056 0.2510437 0.1158797 0.532349 0.2507065 0.114621 0.532349 0.2199939 0.1186644 0.532349 0.279326 0.1027664 0.535056 0.2199939 0.1199675 0.5379523 0.2803771 0.1045868 0.535056 0.2799776 0.1038949 0.5379523 0.3053886 0.08539475 0.535056 0.3048237 0.0848298 0.532349 0.3039023 0.08390839 0.5379523 0.3245807 0.06038321 0.535056 0.3238887 0.05998373 0.532349 0.3227602 0.05933219 0.5379523 0.3366453 0.03125665 0.535056 0.3358735 0.03104986 0.532349 0.3346148 0.0307126 0.5379523 0.3407603 0 0.535056 0.3399613 0 0.532349 0.3386582 2.179829e-17 0.5379523 0.3366453 -0.03125665 0.535056 0.3358735 -0.03104986 0.532349 0.3346148 -0.0307126 0.5379523 0.3245807 -0.06038321 0.535056 0.3238887 -0.05998373 0.532349 0.3227602 -0.05933219 0.5379523 0.3053886 -0.08539475 0.535056 0.3048237 -0.0848298 0.532349 0.3039023 -0.08390839 0.5379523 0.2803771 -0.1045868 0.535056 0.2799776 -0.1038949 0.532349 0.279326 -0.1027664 0.5379523 0.2512505 -0.1166514 0.5379523 0.2199939 -0.1207664 0.535056 0.2510437 -0.1158797 0.532349 0.1892813 0.114621 0.5379523 0.1887372 -0.1166514 0.535056 0.188944 -0.1158797 0.532349 0.1892813 -0.114621 0.5379523 0.1596106 -0.1045868 0.535056 0.1600101 -0.1038949 0.532349 0.1606617 -0.1027664 0.5379523 0.1345991 -0.08539475 0.535056 0.1351641 -0.0848298 0.532349 0.1360855 -0.08390839 0.5379523 0.1154071 -0.06038321 0.535056 0.116099 -0.05998373 0.532349 0.1172275 -0.05933219 0.5379523 0.1033425 -0.03125665 0.535056 0.1041142 -0.03104986 0.532349 0.1053729 -0.0307126 0.5379523 0.09922743 -2.32875e-13 0.535056 0.1000264 -2.313344e-13 0.532349 0.1013295 -3.361488e-17 0.5379523 0.1033425 0.03125665 0.535056 0.1041142 0.03104986 0.532349 0.1053729 0.0307126 0.5379523 0.1154071 0.06038321 0.535056 0.116099 0.05998373 0.532349 0.1172275 0.05933219 0.5379523 0.1345991 0.08539475 0.535056 0.1351641 0.0848298 0.532349 0.1360855 0.08390839 0.5379523 0.1596106 0.1045868 0.535056 0.1600101 0.1038949 0.532349 0.1606617 0.1027664 0.5379523 0.1887372 0.1166514 0.535056 0.188944 0.1158797 0.4522313 0.2199939 0.1263618 0.4529472 0.2525134 0.1213646 0.4532093 0.2199939 0.124668 0.4532093 0.2522603 0.12042 0.4529472 0.2199939 0.1256459 0.4522313 0.2526987 0.1220562 0.4529472 0.2828168 0.1088126 0.4532093 0.2823279 0.1079656 0.4522313 0.2831748 0.1094325 0.4529472 0.3088389 0.08884509 0.4532093 0.3081474 0.08815357 0.4522313 0.3093452 0.0893513 0.4529472 0.3288064 0.06282296 0.4532093 0.3279595 0.06233399 0.4522313 0.3294264 0.06318091 0.4529472 0.3413585 0.03251956 0.4532093 0.3404139 0.03226645 0.4532093 0.3446618 2.290114e-17 0.4522313 0.34205 0.03270485 0.4529472 0.3456398 0 0.4522313 0.3463557 0 0.4529472 0.3413585 -0.03251956 0.4532093 0.3404139 -0.03226645 0.4522313 0.34205 -0.03270485 0.4529472 0.3288064 -0.06282296 0.4532093 0.3279595 -0.06233399 0.4522313 0.3294264 -0.06318091 0.4529472 0.3088389 -0.08884509 0.4532093 0.3081474 -0.08815357 0.4522313 0.3093452 -0.0893513 0.4529472 0.2828168 -0.1088126 0.4532093 0.2823279 -0.1079656 0.4522313 0.2831748 -0.1094325 0.4529472 0.2525134 -0.1213646 0.4532093 0.2522603 -0.12042 0.4532093 0.2199939 -0.124668 0.4529472 0.2199939 -0.1256459 0.4522313 0.2526987 -0.1220562 0.4522313 0.2199939 -0.1263618 0.4532093 0.1877274 0.12042 0.4529472 0.1874743 -0.1213646 0.4532093 0.1877274 -0.12042 0.4522313 0.187289 -0.1220562 0.4529472 0.1571709 -0.1088126 0.4532093 0.1576599 -0.1079656 0.4522313 0.1568129 -0.1094325 0.4529472 0.1311488 -0.08884509 0.4532093 0.1318403 -0.08815357 0.4532093 0.1120282 -0.06233399 0.4522313 0.1306425 -0.0893513 0.4529472 0.1111813 -0.06282296 0.4522313 0.1105613 -0.06318091 0.4529472 0.09862922 -0.03251956 0.4532093 0.09957384 -0.03226645 0.4522313 0.09793771 -0.03270485 0.4529472 0.09434794 -2.910122e-17 0.4532093 0.09532587 -3.531556e-17 0.4522313 0.09363203 -2.926703e-17 0.4529472 0.09862922 0.03251956 0.4532093 0.09957384 0.03226645 0.4522313 0.09793771 0.03270485 0.4529472 0.1111813 0.06282296 0.4532093 0.1120282 0.06233399 0.4522313 0.1105613 0.06318091 0.4529472 0.1311488 0.08884509 0.4532093 0.1318403 0.08815357 0.4522313 0.1306425 0.0893513 0.4529472 0.1571709 0.1088126 0.4532093 0.1576599 0.1079656 0.4522313 0.1568129 0.1094325 0.4529472 0.1874743 0.1213646 0.4522313 0.187289 0.1220562 0.5246725 0.24952 -0.1101929 0.5246725 0.2199939 -0.1140801 0.5246725 0.2770339 -0.09879624 0.5246725 0.3006606 -0.08066679 0.5246725 0.3187901 -0.05704004 0.5246725 0.3301867 -0.0295261 0.5246725 0.3340739 -2.095617e-17 0.5246725 0.3301867 0.0295261 0.5246725 0.3187901 0.05704004 0.5246725 0.3006606 0.08066679 0.5246725 0.2770339 0.09879624 0.5246725 0.24952 0.1101929 0.5246725 0.2199939 0.1140801 0.5246725 0.1904678 0.1101929 0.5246725 0.1629538 0.09879624 0.5246725 0.1393271 0.08066679 0.5246725 0.1211976 0.05704004 0.5246725 0.109801 0.0295261 0.5246725 0.1059138 3.231626e-17 0.5246725 0.109801 -0.0295261 0.5246725 0.1211976 -0.05704004 0.5246725 0.1393271 -0.08066679 0.5246725 0.1629538 -0.09879624 0.5246725 0.1904678 -0.1101929 0.4532093 0.146391 0.0960845 0.4532093 0.1330891 0.0842448 0.4532093 0.1216685 0.07058143 0.4532093 0.1612863 0.1058444 0.4532093 0.1123762 0.05539004 0.4532093 0.1774522 0.113313 0.4532093 0.1054136 0.03899976 0.4532093 0.194539 0.1183287 0.4532093 0.1009313 0.02176531 0.4532093 0.2071947 0.120357 0.4532093 0.09902637 0.004059515 0.4532093 0.2199939 0.1210356 0.4532093 0.09973997 -0.01373408 0.4532093 0.1030567 -0.03123023 0.4532093 0.2513202 0.1169114 0.4532093 0.1089049 -0.04805052 0.4532093 0.269088 0.1106318 0.4532093 0.1171577 -0.06383066 0.4532093 0.2856654 0.1016704 0.4532093 0.1276366 -0.0782289 0.4532093 0.2998728 0.09093382 0.4532093 0.1401149 -0.09093382 0.4532093 0.3123511 0.0782289 0.4532093 0.1543223 -0.1016704 0.4532093 0.32283 0.06383066 0.4532093 0.1708998 -0.1106318 0.4532093 0.3310828 0.04805052 0.4532093 0.336931 0.03123023 0.4532093 0.1886675 -0.1169114 0.4532093 0.3402477 0.01373408 0.4532093 0.2199939 -0.1210356 0.4532093 0.3409613 -0.004059515 0.4532093 0.232793 -0.120357 0.4532093 0.3390564 -0.02176531 0.4532093 0.2454487 -0.1183287 0.4532093 0.3345741 -0.03899976 0.4532093 0.2625355 -0.113313 0.4532093 0.3276115 -0.05539004 0.4532093 0.3183192 -0.07058143 0.4532093 0.2935967 -0.0960845 0.4532093 0.2787015 -0.1058444 0.4532093 0.3068986 -0.0842448 0.5160769 0.2489062 -0.1079024 0.5190692 0.2199939 -0.111978 0.5160769 0.2199939 -0.1117088 0.5190692 0.2199939 0.111978 0.5190692 0.2489759 0.1081625 0.5160769 0.2199939 0.1117088 0.5160769 0.2489062 0.1079024 0.5160769 0.2758483 0.09674268 0.5219654 0.2491827 0.1089342 0.5219654 0.2199939 0.112777 0.5190692 0.2759829 0.09697581 0.5219654 0.2763824 0.09766775 0.5190692 0.2991743 0.07918042 0.5160769 0.2989839 0.07899007 0.5219654 0.2997392 0.07974538 0.5190692 0.3169697 0.05598901 0.5160769 0.3167365 0.05585441 0.5219654 0.3176616 0.0563885 0.5190692 0.3281563 0.02898205 0.5160769 0.3278963 0.02891237 0.5219654 0.3289281 0.02918884 0.5190692 0.3319719 0 0.5160769 0.3317027 2.052058e-17 0.5219654 0.3327708 0 0.5190692 0.3281563 -0.02898205 0.5160769 0.3278963 -0.02891237 0.5219654 0.3289281 -0.02918884 0.5190692 0.3169697 -0.05598901 0.5160769 0.3167365 -0.05585441 0.5219654 0.3176616 -0.0563885 0.5190692 0.2991743 -0.07918042 0.5160769 0.2989839 -0.07899007 0.5219654 0.2997392 -0.07974538 0.5190692 0.2759829 -0.09697581 0.5160769 0.2758483 -0.09674268 0.5219654 0.2763824 -0.09766775 0.5190692 0.2489759 -0.1081625 0.5219654 0.2491827 -0.1089342 0.5219654 0.2199939 -0.112777 0.5160769 0.1910815 0.1079024 0.5190692 0.1910118 -0.1081625 0.5160769 0.1910815 -0.1079024 0.5219654 0.190805 -0.1089342 0.5190692 0.1640048 -0.09697581 0.5160769 0.1641395 -0.09674268 0.5219654 0.1636054 -0.09766775 0.5190692 0.1408134 -0.07918042 0.5160769 0.1410038 -0.07899007 0.5160769 0.1232512 -0.05585441 0.5219654 0.1402485 -0.07974538 0.5190692 0.123018 -0.05598901 0.5219654 0.1223261 -0.0563885 0.5190692 0.1118314 -0.02898205 0.5160769 0.1120914 -0.02891237 0.5219654 0.1110596 -0.02918884 0.5190692 0.1080158 0 0.5160769 0.108285 -3.164453e-17 0.5160769 0.1120914 0.02891237 0.5219654 0.1072169 0 0.5190692 0.1118314 0.02898205 0.5219654 0.1110596 0.02918884 0.5190692 0.123018 0.05598901 0.5160769 0.1232512 0.05585441 0.5219654 0.1223261 0.0563885 0.5190692 0.1408134 0.07918042 0.5160769 0.1410038 0.07899007 0.5219654 0.1402485 0.07974538 0.5190692 0.1640048 0.09697581 0.5160769 0.1641395 0.09674268 0.5219654 0.1636054 0.09766775 0.5190692 0.1910118 0.1081625 0.5219654 0.190805 0.1089342 0.4738857 0.2199939 0.1210356 0.4738857 0.2513202 0.1169114 0.4738857 0.2805117 0.1048199 0.4738857 0.305579 0.08558511 0.4738857 0.3248138 0.06051781 0.4738857 0.3369053 0.03132633 0.4738857 0.3410295 2.223388e-17 0.4738857 0.3369053 -0.03132633 0.4738857 0.3248138 -0.06051781 0.4738857 0.305579 -0.08558511 0.4738857 0.2805117 -0.1048199 0.4738857 0.2513202 -0.1169114 0.4738857 0.2199939 -0.1210356 0.4738857 0.1886677 -0.116911 0.4738857 0.1594762 -0.1048195 0.4738857 0.1344087 -0.08558511 0.4738857 0.1151743 -0.06051764 0.4738857 0.1030828 -0.03132617 0.4738857 0.09895823 -2.333564e-13 0.4738857 0.1030828 0.03132617 0.4738857 0.1151743 0.06051764 0.4738857 0.1344087 0.08558511 0.4738857 0.1594762 0.1048195 0.4738857 0.1886677 0.116911 0.4987534 0.2199939 0.1117088 0.4987534 0.2489061 0.1079021 0.4987534 0.2758481 0.09674232 0.4987534 0.2989839 0.07899007 0.4987534 0.3167362 0.05585425 0.4987534 0.3278959 0.02891223 0.4987534 0.3317027 2.333849e-13 0.4987534 0.3278959 -0.02891223 0.4987534 0.3167362 -0.05585425 0.4987534 0.2989839 -0.07899007 0.4987534 0.2758481 -0.09674232 0.4987534 0.2489061 -0.1079021 0.4987534 0.2199939 -0.1117088 0.4987534 0.1910816 -0.1079021 0.4987534 0.1641396 -0.09674232 0.4987534 0.1410038 -0.07899007 0.4987534 0.1232515 -0.05585425 0.4987534 0.1120918 -0.02891223 0.4987534 0.108285 -2.333707e-13 0.4987534 0.1120918 0.02891223 0.4987534 0.1232515 0.05585425 0.4987534 0.1410038 0.07899007 0.4987534 0.1641396 0.09674232 0.4987534 0.1910816 0.1079021 0.4824813 0.2507065 0.114621 0.4797742 0.2199939 0.1199675 0.4824813 0.2199939 0.1186644 0.476878 0.2199939 0.1207664 0.476878 0.2199939 -0.1207664 0.4797742 0.2510437 0.1158797 0.476878 0.2512505 0.1166514 0.4797742 0.2799776 0.1038949 0.4824813 0.279326 0.1027664 0.476878 0.2803771 0.1045868 0.4797742 0.3048237 0.0848298 0.4824813 0.3039023 0.08390839 0.476878 0.3053886 0.08539475 0.4797742 0.3238887 0.05998373 0.4824813 0.3227602 0.05933219 0.476878 0.3245807 0.06038321 0.4797742 0.3358735 0.03104986 0.4824813 0.3346148 0.0307126 0.476878 0.3366453 0.03125665 0.4797742 0.3399613 0 0.4824813 0.3386582 2.179829e-17 0.4824813 0.3346148 -0.0307126 0.476878 0.3407603 0 0.4797742 0.3358735 -0.03104986 0.476878 0.3366453 -0.03125665 0.4797742 0.3238887 -0.05998373 0.4824813 0.3227602 -0.05933219 0.4824813 0.3039023 -0.08390839 0.476878 0.3245807 -0.06038321 0.4797742 0.3048237 -0.0848298 0.476878 0.3053886 -0.08539475 0.4797742 0.2799776 -0.1038949 0.4824813 0.279326 -0.1027664 0.476878 0.2803771 -0.1045868 0.4797742 0.2510437 -0.1158797 0.4824813 0.2507065 -0.114621 0.4824813 0.2199939 -0.1186644 0.4797742 0.2199939 -0.1199675 0.476878 0.2512505 -0.1166514 0.4824813 0.1892813 0.114621 0.4797742 0.188944 -0.1158797 0.4824813 0.1892813 -0.114621 0.476878 0.1887372 -0.1166514 0.4797742 0.1600101 -0.1038949 0.4824813 0.1606617 -0.1027664 0.476878 0.1596106 -0.1045868 0.4797742 0.1351641 -0.0848298 0.4824813 0.1360855 -0.08390839 0.476878 0.1345991 -0.08539475 0.4797742 0.116099 -0.05998373 0.4824813 0.1172275 -0.05933219 0.476878 0.1154071 -0.06038321 0.4797742 0.1041142 -0.03104986 0.4824813 0.1053729 -0.0307126 0.476878 0.1033425 -0.03125665 0.4797742 0.1000264 -2.313062e-13 0.4824813 0.1013295 -3.361488e-17 0.476878 0.09922743 -2.328467e-13 0.4797742 0.1041142 0.03104986 0.4824813 0.1053729 0.0307126 0.476878 0.1033425 0.03125665 0.4797742 0.116099 0.05998373 0.4824813 0.1172275 0.05933219 0.476878 0.1154071 0.06038321 0.4797742 0.1351641 0.0848298 0.4824813 0.1360855 0.08390839 0.476878 0.1345991 0.08539475 0.4797742 0.1600101 0.1038949 0.4824813 0.1606617 0.1027664 0.476878 0.1596106 0.1045868 0.4797742 0.188944 0.1158797 0.476878 0.1887372 0.1166514 0.4957611 0.2199939 0.111978 0.4901578 0.24952 -0.1101929 0.4928649 0.2199939 -0.112777 0.4901578 0.2199939 -0.1140801 0.4957611 0.2199939 -0.111978 0.4928649 0.2199939 0.112777 0.4928649 0.2491827 0.1089342 0.4901578 0.2199939 0.1140801 0.4901578 0.24952 0.1101929 0.4957611 0.2489759 0.1081625 0.4928649 0.2763824 0.09766775 0.4901578 0.2770339 0.09879624 0.4957611 0.2759829 0.09697581 0.4928649 0.2997392 0.07974538 0.4901578 0.3006606 0.08066679 0.4957611 0.2991743 0.07918042 0.4928649 0.3176616 0.0563885 0.4901578 0.3187901 0.05704004 0.4957611 0.3169697 0.05598901 0.4928649 0.3289281 0.02918884 0.4901578 0.3301867 0.0295261 0.4957611 0.3281563 0.02898205 0.4928649 0.3327708 2.356727e-13 0.4901578 0.3340739 2.095617e-17 0.4957611 0.3319719 2.340031e-13 0.4928649 0.3289281 -0.02918884 0.4901578 0.3301867 -0.0295261 0.4957611 0.3281563 -0.02898205 0.4928649 0.3176616 -0.0563885 0.4901578 0.3187901 -0.05704004 0.4957611 0.3169697 -0.05598901 0.4928649 0.2997392 -0.07974538 0.4901578 0.3006606 -0.08066679 0.4957611 0.2991743 -0.07918042 0.4928649 0.2763824 -0.09766775 0.4901578 0.2770339 -0.09879624 0.4957611 0.2759829 -0.09697581 0.4928649 0.2491827 -0.1089342 0.4957611 0.2489759 -0.1081625 0.4901578 0.1904678 0.1101929 0.4928649 0.190805 -0.1089342 0.4901578 0.1904678 -0.1101929 0.4957611 0.1910118 -0.1081625 0.4928649 0.1636054 -0.09766775 0.4901578 0.1629538 -0.09879624 0.4957611 0.1640048 -0.09697581 0.4928649 0.1402485 -0.07974538 0.4901578 0.1393271 -0.08066679 0.4957611 0.1408134 -0.07918042 0.4928649 0.1223261 -0.0563885 0.4901578 0.1211976 -0.05704004 0.4957611 0.123018 -0.05598901 0.4928649 0.1110596 -0.02918884 0.4901578 0.109801 -0.0295261 0.4957611 0.1118314 -0.02898205 0.4928649 0.1072169 -2.356948e-13 0.4901578 0.1059138 -3.231626e-17 0.4957611 0.1080158 -2.34025e-13 0.4928649 0.1110596 0.02918884 0.4901578 0.109801 0.0295261 0.4957611 0.1118314 0.02898205 0.4928649 0.1223261 0.0563885 0.4901578 0.1211976 0.05704004 0.4957611 0.123018 0.05598901 0.4928649 0.1402485 0.07974538 0.4901578 0.1393271 0.08066679 0.4957611 0.1408134 0.07918042 0.4928649 0.1636054 0.09766775 0.4901578 0.1629538 0.09879624 0.4957611 0.1640048 0.09697581 0.4928649 0.190805 0.1089342 0.4957611 0.1910118 0.1081625</float_array>
          <technique_common>
            <accessor count="4943" source="#cubeverts-array0-array" stride="3">
              <param type="float" name="X"/>
              <param type="float" name="Y"/>
              <param type="float" name="Z"/>
            </accessor>
          </technique_common>
        </source>
        <source id="cubenormals-array0">
          <float_array count="29547" id="cubenormals-array0-array">1.821002e-05 0.07354131 0.9972922 0.399688 0.1196471 0.9088092 0.1895061 0.3757489 0.9071385 -0.09621821 0.2179984 0.9711945 0.03963761 0.3943088 0.9181228 0.2569448 0.5883229 0.7667174 -0.0369503 0.5863459 0.8092176 0.370741 0.7368159 0.5653791 -0.2092844 0.7328305 0.6474252 0.4035744 0.8453007 0.3501348 -0.3055654 0.8358132 0.4561206 0.3729882 0.9198984 0.1211067 -0.280248 0.9230762 0.2634222 -0.2103811 0.9758149 0.05937131 0.2997122 0.9458679 -0.1245257 0.2462793 0.9616224 -0.1209501 -0.05608289 0.967501 -0.2465696 0.4045982 0.844883 -0.3499618 0.1205927 0.9341495 -0.3358898 0.4039213 0.7257545 -0.5568913 -0.3889273 0.7992646 -0.4581611 0.4031626 0.5570948 -0.7260202 -0.3964116 0.6540185 -0.6442962 0.4013418 0.3505105 -0.8462076 -0.3910313 0.4689863 -0.7919257 0.3012529 0.1244626 -0.9453865 -0.2212357 0.291417 -0.9306616 0 0.1003057 -0.9949567 0 -0.06066957 -0.9981579 0.09224878 -0.180343 -0.9792684 -0.1562985 -0.08473371 -0.9840686 0.1296324 -0.3077444 -0.9425969 -0.1604869 -0.2456385 -0.9559841 0.1137474 -0.4420225 -0.8897626 -0.1494118 -0.3949804 -0.9064583 0.02247628 -0.6829753 -0.7300956 -0.02423622 -0.5698828 -0.8213685 -0.1672806 -0.5469246 -0.8202991 0.1297613 -0.7752003 -0.6182447 -0.2020603 -0.6914026 -0.6936382 0.1004838 -0.8595759 -0.5010312 -0.2441499 -0.8060226 -0.5391828 0.09751884 -0.9234083 -0.3712239 -0.1018239 -0.9096056 -0.4028021 -0.1469814 -0.9850244 -0.09013001 0.09429801 -0.9677754 -0.233492 -0.09892555 -0.9590891 -0.265258 0.1276558 -0.9903594 0.05377773 -0.2441332 -0.9666371 -0.07753493 -0.03898744 -0.940277 0.3381701 0.03414308 -0.9795452 0.1983061 -0.3042271 -0.9419758 0.1418717 0.1358854 -0.8738043 0.4669058 -0.2809626 -0.8923874 0.3531354 -0.1463932 -0.8347093 0.5308759 0.1349902 -0.7969751 0.5887346 0.08742157 -0.7069744 0.7018152 -0.05036151 -0.7702084 0.6358008 -0.08570509 -0.5978447 0.7970171 0.06043209 -0.7052135 0.7064148 0.1557584 -0.4673019 0.8702691 -0.3223292 -0.5452918 0.7737963 0.07410941 -0.1286173 0.9889213 -0.05041767 -0.3299522 0.9426503 -0.3153694 -0.342441 0.8850291 -3.051853e-05 -0.1231938 0.9923827 -0.2887915 0.07039978 0.9548001 -0.4633926 0.6641034 0.5867146 -0.2881516 0.09604315 -0.9527562 -0.2888026 0.07040129 0.9547967 -0.8347473 0.07187204 0.5459225 -0.5121636 0.06315819 0.8565626 -0.7052023 0.05213667 0.7070866 -0.5121644 0.06315803 0.8565621 -0.209448 0.2141536 0.9540806 -0.2890856 0.1944075 0.9373555 -0.6324816 0.593721 0.497456 -0.7055801 0.1439076 0.6938641 -0.5125682 0.1743727 0.8407544 -0.5051688 0.3887856 0.770487 -0.5125694 0.1743723 0.8407538 -0.2879451 0.3778981 0.8799322 -0.2879771 0.5618858 0.7754699 -0.7215682 0.2649484 0.6396418 -0.5430972 0.3018211 0.7835493 -0.5095194 0.3173255 0.799809 -0.3944125 0.8821819 0.2572818 -0.2722782 0.8571701 0.4371773 -0.2880034 0.5618834 0.7754619 -0.6019672 0.4685273 0.6466202 -0.7949851 0.3692924 0.4812711 -0.5084993 0.6715347 0.5389522 -0.5096382 0.4859884 0.7099888 -0.2851462 0.6694617 0.6859393 -0.8271589 0.4458392 0.3421044 -0.5103047 0.6368183 0.5779718 -0.276637 0.843541 0.4603374 -0.2880791 0.837918 0.4635773 -0.5128062 0.7234293 0.4622553 -0.7058042 0.5969478 0.3814364 -0.2880357 0.8423237 0.4555503 -0.8358617 0.5071543 0.2100705 -0.7053179 0.6369061 0.3112513 -0.5122894 0.7716038 0.3770771 -0.2889806 0.9205831 0.2627108 -0.2881043 0.9209225 0.2624832 -0.7054817 0.6719294 0.2254032 -0.5124672 0.8141207 0.2731023 -0.2881381 0.9207162 0.2631691 -0.7057902 0.6919408 0.1519151 -0.5127938 0.83854 0.1841009 -0.8277723 0.5562641 0.07323354 -0.3202123 0.9455972 0.05753297 -0.287819 0.9563972 0.0496445 -0.5118145 0.8559783 0.07312428 -0.7048725 0.7067597 0.06037688 -0.6684639 0.6702536 -0.3223603 -0.2888904 0.949878 -0.1194746 -0.8075225 0.5847906 -0.07698912 -0.5381296 0.8406571 -0.06092762 -0.5105941 0.8567675 -0.07240898 -0.2437547 0.9397969 -0.2395105 -0.5130141 0.8354678 -0.1970028 -0.2895398 0.9316167 -0.2196747 -0.5063564 0.7758952 -0.3762843 -0.705998 0.6893095 -0.1625399 -0.513017 0.8354658 -0.1970036 -0.6433869 0.5164513 -0.5650942 -0.2893494 0.9007622 -0.3238893 -0.8361277 0.50678 -0.2099154 -0.512657 0.825563 -0.235857 -0.5107734 0.8263364 -0.2372311 -0.2327405 0.8437465 -0.4836566 -0.2880735 0.8396701 -0.4603997 -0.7054024 0.6357247 -0.3134671 -0.5123806 0.7702152 -0.3797825 -0.2880817 0.8211563 -0.4926574 -0.8359358 0.435414 -0.3341048 -0.7054728 0.5904927 -0.3919521 -0.5124532 0.7154488 -0.4748944 -0.2285027 0.6935373 -0.6832222 -0.7053316 0.5343868 -0.4657661 -0.2880286 0.6951528 -0.6586366 -0.512302 0.6474099 -0.5642758 -0.288043 0.667352 -0.6867842 -0.8357201 0.3343049 -0.4356745 -0.7055039 0.4696452 -0.5307519 -0.5124846 0.5690408 -0.6430802 -0.2316063 0.4957074 -0.837038 -0.7052963 0.3964656 -0.5876837 -0.287958 0.5028112 -0.8150221 -0.5122646 0.4803069 -0.7119623 -0.288025 0.4701531 -0.8342648 -0.835215 0.2104467 -0.5080631 -0.7055494 0.3176438 -0.6334844 -0.5125327 0.3848816 -0.7675784 -0.3158278 0.2835244 -0.9054649 -0.7052407 0.2323402 -0.6698161 -0.2878981 0.2778855 -0.9164575 -0.5122043 0.2814635 -0.811434 -0.2875 0.3056606 -0.9076978 -0.2881943 0.09604679 -0.9527429 -0.511278 0.08620163 -0.8550813 -0.7043706 0.07119807 -0.7062527 -0.8078818 0.07692488 -0.5843026 -0.7059979 0.1624023 -0.6893421 -0.5130144 0.1968372 -0.8355066 -0.5112794 0.08620137 -0.8550805 -0.0876961 0.02378058 -0.9958634 -0.1895719 0.09888152 -0.9768751 -0.1432201 0.07750221 -0.9866516 -0.1155013 0.06305159 -0.9913042 -0.1231288 0.06356917 -0.9903526 -0.1446183 0.07764768 -0.9864362 -0.1102394 0.07113249 -0.9913564 -0.3394103 0.1227778 -0.9325911 -0.07913344 0.118724 -0.9897689 -0.117404 0.2344093 -0.9650226 -0.1122215 0.2703863 -0.9561891 -0.2261952 0.3727652 -0.8999344 -0.2102528 0.3719634 -0.9041222 -0.1368483 0.3462251 -0.9281167 -0.1573534 0.3580303 -0.9203554 -0.1612038 0.3368506 -0.9276556 -0.07383669 0.4076024 -0.9101694 -0.111066 0.5343344 -0.8379446 -0.1324036 0.5512492 -0.823768 -0.1388138 0.7022151 -0.6983012 -0.1574994 0.6011636 -0.7834516 -0.167956 0.6044331 -0.7787499 -0.1434261 0.6442643 -0.7512339 -0.1612041 0.6070248 -0.7781607 -0.07383522 0.6689116 -0.7396659 -0.2439822 0.7693779 -0.5903646 -0.1569202 0.7914476 -0.590751 -0.1324043 0.7788275 -0.6131042 -0.1506481 0.8759515 -0.4582731 -0.1267131 0.8219384 -0.5553027 -0.1263674 0.861331 -0.4920774 -0.1195523 0.8416323 -0.5266519 -0.0738356 0.8647413 -0.4967602 -0.3474471 0.8663213 -0.3588424 -0.1355547 0.9308867 -0.3392269 -0.1324034 0.9301683 -0.3424272 -0.1756705 0.9671384 -0.1838016 -0.1449944 0.9685402 -0.2022538 -0.1126509 0.9549372 -0.2745996 -0.1264997 0.9665551 -0.2230898 -0.1168332 0.9640412 -0.2386935 -0.07383763 0.9759253 -0.2052263 -0.3769557 0.9183073 -0.1208971 -0.1248121 0.9905388 -0.0570515 -0.116159 0.9924916 -0.03830683 -0.1895687 0.9768758 0.09888057 -0.1151842 0.9927648 0.03392164 -0.1274035 0.9899061 0.06208406 -0.1443865 0.9864392 0.0780411 -0.3394109 0.932591 0.1227775 -0.07383657 0.9915788 0.1063948 -0.1174035 0.9650226 0.2344096 -0.1122213 0.9561894 0.2703851 -0.2261939 0.8999346 0.3727655 -0.2102543 0.9041218 0.3719638 -0.1368487 0.9281165 0.3462258 -0.1573523 0.9203557 0.3580301 -0.161202 0.9276555 0.3368521 -0.07383738 0.9101696 0.4076019 -0.1110649 0.8379453 0.5343333 -0.1324044 0.8237675 0.5512496 -0.1388139 0.6983025 0.7022139 -0.1574989 0.7834516 0.6011637 -0.1679559 0.7787498 0.6044334 -0.1434262 0.7512354 0.6442625 -0.161205 0.7781605 0.6070248 -0.0738364 0.739666 0.6689113 -0.2439838 0.5903642 0.7693776 -0.1569206 0.5907508 0.7914477 -0.132403 0.6131054 0.7788268 -0.1506479 0.4582734 0.8759514 -0.1267141 0.5553032 0.821938 -0.1263671 0.4920778 0.8613308 -0.1195526 0.5266496 0.8416337 -0.07383806 0.4967593 0.8647417 -0.3474479 0.3588421 0.8663211 -0.1324026 0.3424275 0.9301683 -0.1355546 0.3392266 0.9308869 -0.1756712 0.183802 0.9671382 -0.1449948 0.2022543 0.96854 -0.1126509 0.2745994 0.9549372 -0.1264997 0.2230908 0.9665549 -0.116833 0.2386947 0.9640409 -0.07383727 0.2052273 0.9759251 -0.3769566 0.1208973 0.9183069 -0.1433775 0.06181483 0.9877357 -0.1226964 0.06226841 0.9904889 -0.1154752 0.06653275 0.9910797 -0.1222438 0.06194578 0.9905651 -0.09926957 0.03728062 0.9943619 -0.08771411 0.01244043 0.9960679 -0.08769611 -0.02378062 0.9958634 -0.1895719 -0.09888156 0.9768751 -0.1432201 -0.07750226 0.9866516 -0.1231287 -0.06356916 0.9903526 -0.1446184 -0.07764773 0.9864362 -0.1155013 -0.06305159 0.9913042 -0.1102392 -0.07113249 0.9913564 -0.3394102 -0.1227779 0.9325912 -0.07913323 -0.118724 0.9897689 -0.1174041 -0.2344092 0.9650226 -0.1122217 -0.2703863 0.9561891 -0.2261944 -0.3727652 0.8999346 -0.2102528 -0.3719634 0.9041222 -0.1368486 -0.3462253 0.9281167 -0.1573534 -0.3580303 0.9203554 -0.1612033 -0.336851 0.9276556 -0.07383614 -0.4076028 0.9101692 -0.1110652 -0.5343338 0.8379451 -0.1324033 -0.5512489 0.8237681 -0.1388138 -0.7022151 0.6983012 -0.1679558 -0.6044332 0.7787499 -0.1434262 -0.6442627 0.7512352 -0.1612041 -0.6070248 0.7781607 -0.157499 -0.6011636 0.7834516 -0.07383567 -0.6689114 0.7396661 -0.2439824 -0.7693779 0.5903645 -0.1569203 -0.7914476 0.590751 -0.132403 -0.7788268 0.6131053 -0.1506478 -0.8759516 0.4582728 -0.1267134 -0.8219382 0.5553029 -0.1195522 -0.8416332 0.5266505 -0.126367 -0.8613311 0.4920773 -0.07383642 -0.8647418 0.4967593 -0.3474469 -0.8663214 0.3588421 -0.1324034 -0.9301684 0.3424267 -0.1355545 -0.9308868 0.3392266 -0.1756711 -0.9671382 0.1838022 -0.144994 -0.96854 0.2022549 -0.1126511 -0.9549369 0.2746 -0.1168333 -0.9640409 0.2386947 -0.126501 -0.9665551 0.2230891 -0.0738363 -0.9759254 0.2052263 -0.3769569 -0.9183067 0.1208974 -0.1248116 -0.9905389 0.05705136 -0.116159 -0.9924916 0.0383078 -0.1895706 -0.9768753 -0.09888121 -0.1151841 -0.9927648 -0.03392177 -0.1274035 -0.989906 -0.0620844 -0.1443852 -0.9864393 -0.07804028 -0.3394112 -0.9325908 -0.1227779 -0.07383601 -0.9915787 -0.1063956 -0.1174042 -0.9650224 -0.2344097 -0.1122217 -0.9561889 -0.2703869 -0.226193 -0.8999348 -0.3727652 -0.210254 -0.9041219 -0.3719636 -0.1368483 -0.9281168 -0.3462249 -0.1573537 -0.9203554 -0.3580303 -0.1612035 -0.9276558 -0.3368506 -0.07383572 -0.9101693 -0.4076029 -0.1110645 -0.8379458 -0.5343327 -0.1324035 -0.8237684 -0.5512486 -0.1388133 -0.698301 -0.7022156 -0.167956 -0.7787497 -0.6044333 -0.1434257 -0.7512342 -0.6442641 -0.1612038 -0.7781604 -0.6070253 -0.1574989 -0.7834516 -0.6011636 -0.07383623 -0.7396663 -0.668911 -0.2439816 -0.5903645 -0.7693781 -0.1324034 -0.6131054 -0.7788268 -0.1569206 -0.5907511 -0.7914475 -0.1506479 -0.4582734 -0.8759514 -0.1267135 -0.5553027 -0.8219383 -0.1263667 -0.4920784 -0.8613305 -0.1195522 -0.5266497 -0.8416337 -0.07383794 -0.4967595 -0.8647416 -0.347448 -0.358842 -0.8663211 -0.1324024 -0.3424275 -0.9301683 -0.1355545 -0.3392264 -0.9308869 -0.1756709 -0.1838022 -0.9671383 -0.1449948 -0.2022543 -0.96854 -0.1126509 -0.2745994 -0.9549372 -0.1265001 -0.2230903 -0.966555 -0.116833 -0.238695 -0.9640408 -0.07383689 -0.2052273 -0.9759251 -0.3769567 -0.1208973 -0.9183069 -0.1433775 -0.06181483 -0.9877357 -0.1226964 -0.06226845 -0.9904889 -0.1154752 -0.06653275 -0.9910797 -0.1222437 -0.06194578 -0.9905651 -0.09926952 -0.03728062 -0.9943619 -0.08771411 -0.01244047 -0.996068 -0.4811663 -0.4863088 -0.7293715 -0.5539694 -0.8254145 0.1086679 -0.4902736 -0.7354326 0.4677293 -0.5501176 -0.3195743 0.7715198 -0.2874871 -0.118001 0.9504877 -0.5089991 -0.1275108 0.8512701 -0.6980816 -0.1508523 0.6999469 -0.5301818 -0.110671 0.8406302 -0.2885486 -0.0821372 -0.9539357 -0.2885063 -0.08214398 -0.9539478 -0.8271759 -0.07334827 -0.5571355 -0.5117925 -0.07369941 -0.8559421 -0.7048541 -0.06085242 -0.7067374 -0.5117913 -0.07369968 -0.8559428 -0.3424261 -0.2338241 -0.9099839 -0.28793 -0.2647019 -0.9203419 -0.5128039 -0.1846623 -0.8384104 -0.7058026 -0.1523768 -0.6918266 -0.2877074 -0.2039394 -0.9357527 -0.814936 -0.2217848 -0.5354353 -0.5129602 -0.2508258 -0.8209496 -0.7059478 -0.2069528 -0.6773539 -0.2885983 -0.3824707 -0.8777398 -0.2886705 -0.3824524 -0.8777241 -0.2576447 -0.8033712 -0.5368556 -0.7654011 -0.2570724 -0.5899786 -0.511987 -0.3431315 -0.7874835 -0.5119863 -0.3431318 -0.7874838 -0.5048168 -0.5564483 -0.6599435 -0.2849625 -0.4599518 -0.840976 -0.8310523 -0.3385895 -0.4412587 -0.510428 -0.4602356 -0.7263928 -0.3067318 -0.6719358 -0.6741052 -0.2879834 -0.681929 -0.672338 -0.7057217 -0.4753454 -0.5253605 -0.5127178 -0.5760303 -0.6366392 -0.2878697 -0.669926 -0.6843464 -0.5127468 -0.6356893 -0.5770527 -0.70575 -0.5245662 -0.4761798 -0.8299041 -0.4426167 -0.3396317 -0.1701227 -0.8190594 -0.5479051 -0.2884905 -0.7868851 -0.5455135 -0.511898 -0.7059873 -0.4894305 -0.5118981 -0.7059873 -0.4894305 -0.704953 -0.5828841 -0.4040884 -0.505376 -0.818885 -0.2720708 -0.6345189 -0.7704186 0.06197556 -0.2886419 -0.8754412 -0.3876707 -0.8228769 -0.5249665 -0.2174483 -0.5106412 -0.7706691 -0.3812017 -0.5273269 -0.7587642 -0.3823651 -0.7058683 -0.6761624 -0.2110792 -0.2877361 -0.9318848 -0.220904 -0.512873 -0.8194636 -0.2558139 -0.3516179 -0.9022714 -0.2495419 -0.2874684 -0.9103916 -0.297572 -0.8118706 -0.5788426 -0.07620605 -0.5129849 -0.8359808 -0.1948914 -0.7059729 -0.6897433 -0.1607992 -0.2880888 -0.952996 -0.09382701 -0.5113654 -0.8552284 -0.08420133 -0.1331675 -0.9879206 -0.07924242 -0.7044535 -0.7063349 -0.06954208 -0.5063831 -0.8468965 0.1623038 -0.5113651 -0.8552286 -0.08420138 -0.6438809 -0.6456005 0.4106303 -0.2830967 -0.9483951 0.1428386 -0.6982487 -0.7148987 0.03699408 -0.509452 -0.8541687 0.1041847 -0.2876548 -0.8905422 0.3524051 -0.2922615 -0.8894175 0.3514539 -0.2572191 -0.5344256 0.8051258 -0.7741827 -0.5847809 0.2422242 -0.5107054 -0.7995933 0.3159598 -0.7038325 -0.6606572 0.2610591 -0.5107051 -0.7995934 0.3159599 -0.5047176 -0.6591669 0.5574576 -0.289086 -0.7382627 0.6094239 -0.2840287 -0.8671224 0.4091778 -0.8353322 -0.4361425 0.3346639 -0.5107412 -0.7424678 0.4334572 -0.2891015 -0.6763406 0.6774834 -0.2891038 -0.7382557 0.6094239 -0.5127518 -0.6620924 0.5465521 -0.5127528 -0.6620921 0.5465515 -0.5083723 -0.5369945 0.6731973 -0.7694771 -0.4925374 0.4065857 -0.5975854 -0.5664826 0.5674407 -0.2891048 -0.6763393 0.6774832 -0.7958813 -0.3685761 0.4803379 -0.5085965 -0.6701471 0.5405854 -0.1384367 -0.5704859 0.8095561 -0.2879117 -0.5641951 0.7738157 -0.7041529 -0.4183185 0.5737406 -0.5110433 -0.506399 0.6945465 -0.5110458 -0.5063983 0.6945451 -0.5050035 -0.2682405 0.820377 -0.6311014 0.0721518 0.7723374 -0.2157486 -0.3523545 0.9106584 -0.5093755 -0.3380312 0.7913731 -0.4812019 0.1273974 0.867303 -0.6982286 -0.3255735 0.6375569 -0.4807165 0.5828097 0.6551677 -0.8551058 0.06767175 0.5140182 -0.9559701 0.03830472 0.2909533 -0.8551058 0.06767176 0.5140181 -0.9987467 0.006533191 0.04962461 -0.9805015 -0.02564987 -0.1948305 -0.985121 0.05195344 0.1638218 -0.8551056 0.1984037 0.4789889 -0.8551057 0.1984036 0.4789887 -0.7699952 -0.08328225 -0.6325911 -0.9024907 -0.05621877 -0.4270248 -0.7699947 -0.08328211 -0.6325915 -0.9467964 -0.007651479 -0.3217422 -0.9848992 0.06625354 0.1599501 -0.9487256 -0.1209667 -0.2920392 -0.9848992 0.06625348 0.15995 -0.8551057 0.3156147 0.411317 -0.9848992 0.105394 0.1373522 -0.8551058 0.3156145 0.4113168 -0.9487255 -0.1209667 -0.2920394 -0.769995 -0.2441711 -0.5894813 -0.7699949 -0.3884203 -0.5061992 -0.7699953 -0.2441711 -0.5894809 -0.9848992 0.105394 0.1373521 -0.8551052 0.4113176 0.315615 -0.8551056 0.4113169 0.3156148 -0.7699952 -0.5061991 -0.3884197 -0.9487255 -0.1924303 -0.2507801 -0.9487255 -0.1924301 -0.25078 -0.7699952 -0.3884199 -0.506199 -0.9848992 0.1373521 0.105394 -0.9848993 0.1373521 0.105394 -0.8551062 0.4789879 0.1984036 -0.8551052 0.4789898 0.1984039 -0.9487256 -0.2507797 -0.1924302 -0.9487253 -0.2507803 -0.1924302 -0.7699951 -0.5061991 -0.3884197 -0.9848992 0.1599499 0.06625339 -0.9848992 0.15995 0.06625338 -0.8551058 0.5140182 0.06767175 -0.9848992 0.1716474 0.02259788 -0.8551062 0.5140173 0.06767185 -0.9487255 -0.2920392 -0.1209668 -0.7699954 -0.5894807 -0.2441711 -0.9487253 -0.2920396 -0.1209667 -0.7699952 -0.5894809 -0.2441714 -0.9848993 0.1716474 0.02259784 -0.8551062 0.5140174 -0.06767165 -0.8551058 0.5140181 -0.06767195 -0.9487255 -0.3133972 -0.04125947 -0.7699951 -0.6325912 -0.08328228 -0.9487255 -0.313397 -0.04125955 -0.7699955 -0.6325908 -0.08328205 -0.9848993 0.1716474 -0.02259784 -0.9487255 -0.313397 0.04125955 -0.9848992 0.1716474 -0.02259788 -0.8551052 0.4789895 -0.1984042 -0.8551062 0.4789881 -0.1984031 -0.9487255 -0.3133972 0.04125947 -0.7699952 -0.6325912 0.08328211 -0.7699955 -0.6325907 0.08328222 -0.7699954 -0.5894807 0.2441711 -0.9848992 0.1599499 -0.06625337 -0.9848992 0.15995 -0.0662534 -0.8551056 0.411317 -0.3156146 -0.9848993 0.1373521 -0.105394 -0.8551052 0.4113176 -0.3156153 -0.9487254 -0.2920396 0.1209669 -0.9487256 -0.2920393 0.1209665 -0.7699952 -0.5894809 0.2441714 -0.9848992 0.1373521 -0.105394 -0.8551058 0.3156146 -0.4113169 -0.8551056 0.3156146 -0.411317 -0.7699952 -0.5061991 0.3884197 -0.7699952 -0.5061991 0.3884197 -0.9487255 -0.2507799 0.1924299 -0.9487255 -0.2507801 0.1924304 -0.9848992 0.105394 -0.1373521 -0.9848992 0.105394 -0.1373522 -0.8551057 0.1984037 -0.4789887 -0.8551058 0.06767175 -0.5140182 -0.8551058 0.06767175 -0.5140181 -0.9559701 0.03830472 -0.2909533 -0.8551056 0.1984037 -0.4789888 -0.7699949 -0.3884203 0.5061992 -0.7699952 -0.3884199 0.506199 -0.9487254 -0.1924303 0.2507801 -0.9487255 -0.1924302 0.2507799 -0.9987467 0.006533191 -0.04962461 -0.9805015 -0.02564987 0.1948305 -0.9848992 0.06625351 -0.15995 -0.985121 0.05195344 -0.1638218 -0.9848992 0.06625351 -0.1599501 -0.9467964 -0.007651479 0.3217422 -0.9024907 -0.05621877 0.4270248 -0.7699947 -0.08328211 0.6325915 -0.7699953 -0.2441709 0.589481 -0.7699952 -0.08328225 0.6325911 -0.9487255 -0.1209667 0.2920394 -0.9487256 -0.1209667 0.2920392 -0.769995 -0.2441712 0.5894812 1 0 0 1 0 0 1 0 0 1 0 0 1 0 0 1 0 0 1 0 0 1 0 0 1 0 0 1 0 0 1 0 0 1 -0 0 1 0 0 1 0 0 1 0 0 1 -0 0 1 0 0 1 0 0 1 0 0 1 0 0 1 0 0 1 0 0 1 0 0 1 0 0 1 0 0 1 0 0 1 0 0 1 0 0 1 0 0 1 0 0 1 0 0 1 -0 0 1 0 0 1 0 0 1 0 0 1 -0 0 1 0 0 1 0 0 1 0 0 1 0 0 1 0 0 1 0 0 1 0 0 1 0 0 1 0 0 1 -0 0 1 0 0 1 -0 0 1 0 0 1 0 0 1 0 0 1 0 0 1 -0 0 1 0 0 1 -0 0 1 0 0 1 0 0 1 0 0 1 -0 0 1 0 0 1 0 0 1 0 0 1 -0 0 1 0 0 1 0 0 1 0 0 1 0 0 1 -0 0 1 0 0 1 0 0 1 0 0 1 0 0 1 0 0 1 -0 0 1 -0 0 1 0 0 1 0 0 1 0 0 1 0 0 1 0 0 1 -0 0 1 -0 0 1 0 0 1 -0 0 1 0 0 1 0 0 1 0 0 1 -0 0 1 0 0 1 -0 0 1 -0 0 1 0 0 1 0 0 1 0 0 1 0 0 1 0 0 1 -0 0 1 0 0 1 0 0 1 0 0 1 0 0 1 -0 0 1 -0 0 1 0 0 1 0 0 1 -0 0 1 -0 0 1 0 0 1 -0 0 1 0 0 1 0 0 1 0 0 1 0 0 1 0 0 1 -0 0 1 0 0 1 -0 0 1 -0 0 1 0 0 1 0 0 1 0 0 1 0 0 1 0 0 1 0 0 1 -0 0 1 0 0 1 -0 0 1 0 0 1 0 0 1 0 0 1 -0 -0 1 -0 0 1 0 0 1 0 0 1 0 0 1 0 0 1 0 0 1 0 0 1 -0 0 1 0 0 1 0 0 1 0 0 1 0 0 1 0 0 1 -0 -0 1 0 0 1 0 0 1 0 0 1 0 0 1 0 0 1 0 0 1 0 0 1 0 0 1 -0 0 1 0 0 1 0 0 1 0 0 1 0 0 1 0 0 1 0 0 1 0 0 1 0 -0 1 0 0 1 0 0 1 0 0 1 0 0 1 0 0 1 0 0 0.3745809 0.9271942 0 -0 0 1 7.017325e-06 1.736988e-05 1 -1.357344e-05 -8.995959e-06 1 0 0 1 -0.374581 -0.9271942 -0 0.3745811 0.8818134 -0.2865207 -1.998113e-06 0.3090146 0.9510573 2.083529e-06 0.3090211 0.9510552 -2.267534e-06 0.3090168 0.9510566 -0.3745824 -0.8818104 0.2865283 0.3745817 0.7501144 -0.5449927 -1.850482e-06 0.5877813 0.8090199 2.439465e-06 0.5877893 0.8090141 -2.409451e-06 0.5877851 0.8090171 -0.3745797 -0.7501206 0.5449855 0.374581 0.5449896 -0.7501169 -1.78486e-06 0.8090154 0.5877875 1.684184e-06 0.8090193 0.5877821 -2.100385e-06 0.8090169 0.5877854 -0.3745802 -0.5449888 0.7501179 0.3745811 0.2865189 -0.881814 -2.752744e-06 0.9510548 0.3090223 2.621773e-06 0.9510583 0.3090115 -3.342956e-06 0.9510563 0.3090175 -0.3745812 -0.2865176 0.8818144 0.374581 0 -0.9271942 -0 1 0 7.017336e-06 1 -1.73699e-05 -1.357344e-05 1 8.995964e-06 0 1 0 -0.3745813 0 0.9271941 0.3745809 -0.2865189 -0.881814 -1.555187e-06 0.9510581 -0.3090122 1.484514e-06 0.9510551 -0.3090214 -2.239151e-06 0.9510563 -0.3090177 -0.3745812 0.2865188 0.8818139 0.374581 -0.5449883 -0.7501178 -1.601122e-06 0.8090211 -0.5877797 1.649459e-06 0.8090144 -0.5877888 -2.437835e-06 0.8090169 -0.5877853 -0.3745808 0.5449852 0.7501202 0.3745808 -0.7501146 -0.5449929 -1.817668e-06 0.5877886 -0.8090145 2.352651e-06 0.5877811 -0.80902 -2.333761e-06 0.5877851 -0.8090171 -0.3745796 0.7501069 0.5450044 0.3745806 -0.8818136 -0.2865207 -1.112251e-06 0.3090219 -0.951055 1.01572e-06 0.3090143 -0.9510574 -1.715632e-06 0.309017 -0.9510565 -0.3745824 0.8818135 0.2865187 0.3745814 -0.9271941 0 0 0 -1 7.017348e-06 -1.73699e-05 -1 -1.357344e-05 8.995959e-06 -1 0 0 -1 -0.3745824 0.9271936 0 0.374581 -0.8818146 0.2865171 -2.126078e-06 -0.3090156 -0.951057 2.083529e-06 -0.3090211 -0.9510552 -2.267534e-06 -0.3090168 -0.9510566 -0.374581 0.881814 -0.2865189 0.374581 -0.7501155 0.5449916 -1.725802e-06 -0.5877804 -0.8090205 1.649459e-06 -0.5877888 -0.8090144 -2.437835e-06 -0.5877853 -0.8090169 -0.3745802 0.7501179 -0.5449888 0.3745809 -0.5449916 0.7501155 -1.679865e-06 -0.8090139 -0.5877895 1.727591e-06 -0.8090194 -0.5877817 -2.305378e-06 -0.809017 -0.5877852 -0.3745808 0.5449911 -0.7501159 0.3745809 -0.2865186 0.8818141 -1.817665e-06 -0.9510552 -0.3090211 1.519239e-06 -0.9510578 -0.3090131 -2.336916e-06 -0.9510566 -0.309017 -0.3745814 0.2865183 -0.8818141 0.3745809 0 0.9271942 -7.44687e-07 -1 -1.84331e-06 7.017336e-06 -1 1.73699e-05 -1.292096e-05 -1 -8.160479e-06 -6.081275e-07 -1 0 -0.3745814 0 -0.927194 0.3745809 0.2865183 0.8818143 -1.653616e-06 -0.9510578 0.3090129 1.805724e-06 -0.9510552 0.309021 -2.166615e-06 -0.9510565 0.3090171 -0.3745813 -0.2865188 -0.881814 0.3745809 0.5449903 0.7501165 -1.942341e-06 -0.8090194 0.587782 1.831768e-06 -0.8090146 0.5877887 -2.396837e-06 -0.8090172 0.5877851 -0.3745817 -0.5449874 -0.7501181 0.3745808 0.7501156 0.5449916 -2.480424e-06 -0.5877878 0.8090152 2.352651e-06 -0.5877811 0.80902 -2.806822e-06 -0.5877855 0.8090168 -0.3745808 -0.7501166 -0.5449902 0.3745811 0.8818135 0.2865206 -9.810154e-07 -0.3090229 0.9510546 8.768176e-07 -0.3090141 0.9510574 -1.747168e-06 -0.3090168 0.9510566 -0.374581 -0.8818141 -0.2865189 -0.8551058 -0.06767175 -0.5140182 -0.9559701 -0.03830473 -0.2909533 -0.8551058 -0.06767177 -0.5140181 -0.9987466 -0.006533193 -0.04962461 -0.9805015 0.02564988 0.1948305 -0.9851209 -0.05195346 -0.1638218 -0.8551055 -0.1984039 -0.478989 -0.8551059 -0.1984036 -0.4789885 -0.9848992 -0.06625351 -0.1599501 -0.9024906 0.0562188 0.4270248 -0.7699949 0.08328215 0.6325915 -0.7699952 0.08328228 0.632591 -0.9467964 0.007651482 0.3217422 -0.9848992 -0.06625351 -0.15995 -0.9487256 0.1209667 0.2920392 -0.8551058 -0.3156144 -0.4113169 -0.8551059 -0.4113168 -0.3156145 -0.8551056 -0.3156148 -0.4113171 -0.9487255 0.1209667 0.2920394 -0.7699952 0.2441709 0.5894811 -0.7699952 0.244171 0.589481 -0.9848992 -0.1053941 -0.1373522 -0.9848992 -0.1053941 -0.1373522 -0.8551057 -0.411317 -0.3156147 -0.769995 0.3884201 0.506199 -0.9487255 0.1924302 0.2507799 -0.9487255 0.1924302 0.2507799 -0.7699952 0.38842 0.5061988 -0.9848992 -0.1373522 -0.1053941 -0.9487255 0.2507799 0.1924302 -0.9848992 -0.1373522 -0.1053941 -0.8551057 -0.4789887 -0.1984036 -0.8551057 -0.4789889 -0.1984036 -0.769995 0.5061991 0.3884202 -0.7699952 0.506199 0.38842 -0.7699952 0.5894811 0.2441711 -0.9487255 0.2507799 0.1924301 -0.9848992 -0.15995 -0.06625345 -0.9848992 -0.15995 -0.06625345 -0.8551057 -0.5140183 -0.06767178 -0.9848992 -0.1716475 -0.02259783 -0.8551057 -0.5140182 -0.06767179 -0.9487255 0.2920394 0.1209666 -0.7699949 0.5894815 0.2441712 -0.9487255 0.2920393 0.1209666 -0.9848992 -0.1716475 -0.02259782 -0.8551057 -0.5140182 0.06767176 -0.8551057 -0.5140183 0.0676718 -0.7699949 0.6325914 0.08328228 -0.7699952 0.6325912 0.08328215 -0.9487255 0.3133969 0.04125948 -0.9487255 0.3133968 0.04125949 -0.9848992 -0.1716475 0.02259782 -0.9848993 -0.1716475 0.02259783 -0.8551057 -0.4789888 0.1984037 -0.9848992 -0.15995 0.06625346 -0.8551058 -0.4789887 0.1984036 -0.9487255 0.3133969 -0.04125949 -0.9487255 0.3133968 -0.04125947 -0.7699952 0.6325912 -0.08328225 -0.7699949 0.6325915 -0.08328217 -0.7699949 0.5894814 -0.2441713 -0.9487255 0.2920394 -0.1209666 -0.9848992 -0.15995 0.06625345 -0.8551059 -0.4113168 0.3156145 -0.8551058 -0.3156144 0.4113169 -0.8551057 -0.4113169 0.3156147 -0.9487255 0.2920393 -0.1209666 -0.7699952 0.5894811 -0.244171 -0.9848992 -0.1373522 0.1053941 -0.9848992 -0.1373522 0.1053941 -0.8551055 -0.1984039 0.478989 -0.8551055 -0.3156148 0.4113172 -0.769995 0.5061991 -0.3884201 -0.769995 0.3884201 -0.506199 -0.9487255 0.2507799 -0.1924302 -0.9487255 0.2507799 -0.1924302 -0.7699951 0.5061989 -0.38842 -0.9848992 -0.1053941 0.1373522 -0.9848992 -0.1053941 0.1373522 -0.8551058 -0.06767174 0.5140181 -0.8551058 -0.06767178 0.5140181 -0.9559701 -0.03830473 0.2909533 -0.8551058 -0.1984036 0.4789885 -0.7699952 0.38842 -0.5061988 -0.9487255 0.1924302 -0.2507799 -0.9487255 0.1924302 -0.2507799 -0.9987466 -0.006533193 0.04962461 -0.9805015 0.02564988 -0.1948305 -0.9848992 -0.06625351 0.15995 -0.9848992 -0.06625351 0.1599501 -0.9851209 -0.05195346 0.1638218 -0.9487255 0.1209667 -0.2920392 -0.9024906 0.0562188 -0.4270248 -0.7699949 0.08328215 -0.6325915 -0.7699953 0.2441709 -0.589481 -0.7699952 0.08328228 -0.632591 -0.7699952 0.244171 -0.5894811 -0.9467964 0.007651482 -0.3217422 -0.9487255 0.1209667 -0.2920394 -1 0 0 -1 -0 0 -1 0 0 -1 -0 0 -1 0 -0 -1 0 0 -1 0 0 -1 -0 0 -1 -0 0 -1 0 0 -1 0 -0 -1 0 0 -1 0 0 -1 -0 0 -1 -0 0 -1 0 0 -1 0 -0 -1 0 -0 -1 0 0 -1 -0 -0 -1 0 0 -1 -0 0 -1 0 -0 -1 0 -0 -1 -0 -0 -1 0 0 -1 0 0 -1 -0 -0 -1 -0 -0 -1 0 0 -1 -0 -0 -1 0 0 -1 0 0 -1 -0 -0 -1 -0 -0 -1 -0 -0 -1 0 0 -1 0 0 -1 0 0 -1 -0 -0 -1 -0 0 -1 -0 -0 -1 0 0 -1 0 0 -1 0 -0 -1 0 -0 -1 -0 -0 -1 -0 0 -1 0 0 -1 0 0 -1 0 0 -1 0 -0 -1 0 -0 -1 -0 0 -1 0 0 -1 0 0 -1 0 0 -1 0 -0 -1 0 -0 -1 -0 0 -1 0 0 -1 0 0 -1 0 -0 -1 0 0 -1 0 -0 -1 0 0 0 -0.05283573 -0.9986032 0.2915684 -0.1248549 -0.9483666 0.1437341 -0.1562778 -0.977199 0.2830856 -0.3670294 -0.886088 -0.0898674 -0.280089 -0.9557583 0.05363977 -0.4183896 -0.9066824 0.3017468 -0.5803859 -0.7563735 -0.04223379 -0.5471975 -0.8359374 -0.03685103 -0.6640732 -0.7467589 0.2857899 -0.7602644 -0.5833714 0.04523221 -0.7661957 -0.6410134 -0.08760098 -0.8495528 -0.5201791 0.233708 -0.8982944 -0.3720856 0.1697642 -0.9068633 -0.3857189 0.260331 -0.9572592 -0.1260256 -0.0988844 -0.962949 -0.2509008 0.1130872 -0.9878361 -0.1067284 0.2967852 -0.9467745 0.1246452 -0.07102397 -0.9966912 0.03952347 0.003484198 -0.9825793 0.1858114 0.2981109 -0.8818719 0.3652833 -0.003432938 -0.9446798 0.3279758 -0.06720471 -0.8843341 0.4619922 0.2644804 -0.7651029 0.5870841 0.1032988 -0.8044748 0.5849355 0.228031 -0.592723 0.7724515 -0.09813523 -0.7103112 0.6970133 0.1807526 -0.5933284 0.7844042 0.2915675 -0.3660558 0.8837373 -0.09796312 -0.4735499 0.8753021 -1.42116e-05 -0.3333326 0.9428093 -1.706137e-05 -0.130528 0.9914446 0 -0.1305263 0.9914448 0.2915682 0.1248549 0.9483666 0 0.05283577 0.9986032 0.1437341 0.1562778 0.977199 0.2830869 0.3670293 0.8860876 -0.08986714 0.2800889 0.9557585 0.05364166 0.4183896 0.9066823 0.3017489 0.5803855 0.7563731 -0.04223134 0.5471975 0.8359375 -0.03684902 0.6640732 0.746759 0.2857895 0.7602643 0.5833716 0.04523446 0.7661958 0.6410132 -0.08760225 0.8495526 0.520179 0.2337083 0.8982944 0.3720855 0.1697627 0.9068635 0.3857191 0.2603296 0.9572597 0.1260254 -0.09888501 0.962949 0.2509002 0.1130927 0.9878355 0.1067292 0.2967864 0.9467742 -0.124645 -0.07101998 0.9966916 -0.03952391 0.003482685 0.9825792 -0.1858117 0.298112 0.8818716 -0.365283 -0.003434396 0.9446801 -0.3279752 -0.06720404 0.8843341 -0.4619922 0.2644808 0.7651026 -0.5870842 0.1032999 0.8044745 -0.5849357 0.2280321 0.5927228 -0.7724513 -0.09813412 0.7103112 -0.6970134 0.1807532 0.5933282 -0.7844042 0.2915688 0.3660556 -0.8837368 -0.0979619 0.4735501 -0.8753021 -1.319435e-05 0.3333326 -0.9428093 -1.655584e-05 0.130528 -0.9914446 0 0.1305263 -0.9914448 0 -0.1305279 -0.9914446 9.703552e-06 -0.1305262 -0.9914448 -0.1752343 -0.3767619 -0.9095842 7.567038e-06 -0.3333209 -0.9428135 0.05733693 -0.4750231 -0.8781034 -0.135556 -0.6031423 -0.7860305 -0.1065608 -0.5997899 -0.7930301 -0.1580613 -0.7833806 -0.6011084 0.05749339 -0.7125412 -0.6992707 -0.06064291 -0.8072833 -0.5870401 -0.1793812 -0.9088936 -0.3764767 0.03934149 -0.8856282 -0.4627255 0.00192761 -0.9446674 -0.3280241 -0.1785651 -0.9755106 -0.1284279 -0.001951552 -0.982574 -0.1858613 0.04149424 -0.9983521 -0.0396401 -0.1555658 -0.9793746 0.1289366 -0.06619657 -0.9920385 0.1071329 -0.1389136 -0.9149219 0.3789737 0.05791909 -0.96608 0.2516644 -0.1002083 -0.9156082 0.3893841 -0.171517 -0.7815971 0.5997399 0.05130472 -0.8517344 0.5214558 -0.02652399 -0.7667432 0.6414056 -0.1817238 -0.5986252 0.7801438 0.02158969 -0.6644072 0.7470589 0.02461219 -0.5475621 0.836403 -0.1698709 -0.3771215 0.9104522 -0.03125114 -0.4188339 0.9075249 0.05258665 -0.2808856 0.9582995 -0.0844044 -0.1573907 0.9839228 -0.1752333 -0.1285066 0.9761042 0 -0.05284864 0.9986026 -0 0.130528 0.9914447 1.013675e-05 0.1305262 0.9914448 -0.175233 0.3767622 0.9095843 8.477171e-06 0.3333211 0.9428133 0.05733739 0.4750227 0.8781035 -0.135556 0.6031423 0.7860305 -0.1065608 0.5997899 0.7930301 -0.1580628 0.7833803 0.6011086 0.05749259 0.7125408 0.6992713 -0.06064154 0.8072836 0.5870399 -0.1793792 0.9088942 0.3764763 0.03934322 0.8856285 0.4627248 0.001925073 0.9446672 0.3280249 -0.1785662 0.9755102 0.1284284 -0.001954235 0.982574 0.1858613 0.04149528 0.9983521 0.03963967 -0.1555689 0.9793741 -0.128937 -0.0661946 0.9920388 -0.1071321 -0.138915 0.9149219 -0.378973 0.05791587 0.96608 -0.2516649 -0.100207 0.9156082 -0.3893841 -0.1715167 0.7815969 -0.5997402 0.05130591 0.8517344 -0.5214558 -0.02652398 0.7667431 -0.6414059 -0.1817222 0.5986254 -0.780144 0.02158987 0.6644068 -0.7470592 0.02461372 0.5475621 -0.836403 -0.1698713 0.3771216 -0.9104521 -0.03124974 0.4188345 -0.9075247 0.05258665 0.2808856 -0.9582995 -0.08440459 0.1573905 -0.9839228 -0.1752329 0.1285066 -0.9761043 0 0.0528487 -0.9986024 -1 0 0 -1 0 0 -1 0 0 -1 0 0 -1 0 0 -1 0 0 -1 0 0 -1 0 0 -1 0 0 -1 0 0 -1 0 0 -1 0 0 -1 0 0 -1 0 0 -1 0 0 -1 0 0 -1 0 0 -1 0 0 -1 0 0 -1 0 0 -1 0 0 -1 0 0 -1 0 0 -1 0 0 -1 0 0 -1 0 0 -1 0 0 -1 0 0 -1 0 0 -1 0 0 -1 0 0 -1 0 0 -1 0 0 -1 0 0 -1 0 0 -1 0 0 -1 0 0 -1 0 0 -1 0 0 -1 0 0 -1 0 0 -1 0 0 -1 0 0 -1 0 0 -1 0 0 -1 0 0 -1 0 0 -1 0 0 -1 0 0 -1 0 0 -1 0 0 -1 0 0 -1 0 0 -1 0 0 -1 0 0 -1 0 0 -1 0 0 -1 0 0 -1 0 0 -1 0 0 -1 0 0 -1 0 0 -1 0 0 -1 0 0 -1 0 0 -1 0 0 -1 0 0 -1 0 0 -1 0 0 -1 0 0 -1 0 0 -1 0 0 -1 0 0 -1 0 0 -1 0 0 -1 0 0 -1 0 0 -1 0 0 -1 0 0 -1 0 0 -1 0 0 -1 0 0 -1 0 0 -1 0 0 -1 0 0 -1 0 0 -1 0 0 -1 0 0 -1 0 0 -1 0 0 -1 0 0 -1 0 0 -1 0 0 -1 0 0 -1 0 0 -1 0 0 -1 0 0 -1 0 0 -1 0 0 -1 0 0 -1 0 0 -1 0 0 -1 0 0 -1 0 0 -1 0 0 -1 0 0 -1 0 0 -1 0 0 -1 0 0 -1 0 0 -1 0 0 -1 0 0 -1 0 0 -1 0 0 -1 0 0 -1 0 0 -1 0 0 -1 0 0 -1 0 0 -1 0 0 -1 0 0 -1 0 0 -1 0 0 -1 0 0 -1 0 0 -1 0 0 -1 0 0 -1 0 0 -1 0 0 -1 0 0 -1 0 0 -1 0 0 -1 0 0 -1 0 0 -1 0 0 -1 0 0 -1 0 0 -1 0 0 -1 0 0 -1 0 0 -1 0 0 -1 0 0 -1 0 0 -1 0 0 -1 0 0 -1 0 0 -1 0 0 -1 0 0 -1 0 0 -1 0 0 1 0 0 1 0 0 1 0 -0 1 -0 0 1 0 0 1 0 0 1 0 -0 1 -0 0 1 0 0 1 0 0 1 0 -0 1 -0 0 1 0 -0 1 0 0 1 0 0 1 0 0 1 0 -0 1 0 0 1 0 0 1 0 -0 1 0 -0 1 0 0 1 0 -0 1 0 0 1 0 -0 1 0 -0 1 0 0 1 0 0 1 0 -0 1 0 -0 1 0 0 1 0 0 1 0 -0 1 0 -0 1 0 -0 1 0 0 1 -0 0 1 0 0 1 0 -0 1 0 0 1 -0 0 1 0 0 1 0 -0 1 0 0 1 -0 0 1 0 0 1 0 -0 1 0 0 0.3745806 0.5449905 0.7501164 0.3745801 0.5449917 0.7501158 0.3745807 0.5449905 0.7501165 -2.373587e-07 -0.8090169 0.5877852 -1.695419e-07 -0.8090172 0.5877851 -0.3745808 -0.5449913 -0.7501158 -0.3745798 -0.5449914 -0.7501162 -0.3745804 -0.5449896 -0.7501172 -0.04697925 -0.5645233 0.824079 -0.04195685 -0.572696 0.8186933 -0.03767777 -0.5947685 0.8030136 -0.07655048 -0.6218514 0.779385 -0.06301902 -0.6287779 0.7750271 -0.036842 -0.5956465 0.8024014 -0.04818504 -0.6536096 0.7552964 -0.02987915 -0.6181487 0.7854931 -0.07360358 -0.6770674 0.732231 -0.07136197 -0.6763235 0.7331398 -0.03577626 -0.7046928 0.7086099 -0.03805434 -0.7096319 0.7035441 -0.04277341 -0.7137291 0.6991146 -0.04278486 -0.7228329 0.689697 0.374581 0.7501169 0.5449896 0.3745807 0.7501157 0.5449916 0.3745804 0.7501159 0.5449912 -2.034502e-07 -0.5877854 0.8090169 -2.119273e-07 -0.5877854 0.8090169 -0.3745813 -0.7501156 -0.5449912 -0.3745792 -0.7501163 -0.5449916 -0.3745805 -0.7501135 -0.5449947 -0.04697924 -0.2822382 0.9581934 -0.0419553 -0.2916781 0.955596 -0.03767657 -0.3175136 0.9475049 -0.07654973 -0.350573 0.9334017 -0.06302069 -0.3585057 0.9313979 -0.03684411 -0.3185337 0.9471952 -0.04818543 -0.3882217 0.9203054 -0.02987955 -0.3451662 0.9380658 -0.07360382 -0.4176576 0.9056183 -0.07136067 -0.4166687 0.9062532 -0.03577605 -0.4512309 0.8916898 -0.03805426 -0.4574936 0.8883983 -0.04277292 -0.4627586 0.8854519 -0.04278434 -0.474326 0.879309 0.3745806 0.8818142 0.2865189 0.3745805 0.8818142 0.2865191 0.3745794 0.8818154 0.2865168 -2.204045e-07 -0.3090168 0.9510566 -2.161659e-07 -0.3090168 0.9510566 -0.3745807 -0.8818142 -0.2865188 -0.3745805 -0.8818146 -0.286518 -0.3745815 -0.8818157 -0.2865132 -0.05271561 -0.01867382 0.998435 -0.0387402 -0.01868012 0.9990747 -0.06262557 -0.02567478 0.9977068 -0.04801635 -0.0531841 0.9974297 -0.02475918 -0.008748502 0.9996552 -0.06397621 -0.07695194 0.9949801 -0.03233665 -0.02319907 0.9992077 -0.03636694 -0.02623163 0.9989941 -0.05398944 -0.08480567 0.9949337 -0.03140716 -0.04371596 0.9985502 -0.06488669 -0.1280193 0.9896469 -0.05158773 -0.1163697 0.9918653 -0.03577487 -0.1535969 0.9874858 -0.03805383 -0.160572 0.9862903 -0.04277306 -0.1664905 0.9851149 -0.04278366 -0.1793882 0.9828476 -0.0527218 0.0106699 0.9985523 -0.03542945 0.03203789 0.9988586 -0.03656041 0.05337311 0.9979051 -0.0399446 0.02849657 0.9987954 -0.03872953 0.02999752 0.9987994 -0.03769716 0.02664616 0.9989339 -0.02907155 0.0159877 0.9994495 -0.02475978 0.005329856 0.9996792 0.3745793 0.9271949 0 0.3745801 0.9271947 1.961911e-06 0.3745807 0.9271942 0 0 0 1 -0 0 1 -0.3745807 -0.9271943 0 -0.3745801 -0.9271945 -2.77322e-06 -0.3745793 -0.9271949 -0 -0.04697903 0.3348756 0.9410905 -0.04195642 0.3257142 0.9445368 -0.03767766 0.300057 0.9531769 -0.0765518 0.2650208 0.9611992 -0.06301711 0.2574221 0.964242 -0.0368423 0.2990462 0.9535272 -0.0481837 0.2268652 0.9727336 -0.02987847 0.2721368 0.9617946 -0.07360225 0.1944169 0.9781538 -0.07136067 0.1955894 0.9780861 -0.03577683 0.1590689 0.986619 -0.03805419 0.1520691 0.9876369 -0.04277277 0.1460779 0.988348 -0.04278494 0.1331063 0.9901779 0.3745816 0.8818138 -0.2865188 0.3745805 0.8818154 -0.2865152 0.3745811 0.8818156 -0.2865138 5.933966e-07 0.3090168 0.9510566 4.28094e-07 0.3090173 0.9510564 -0.3745809 -0.881813 0.2865223 -0.3745814 -0.8818133 0.2865206 -0.374579 -0.8818181 0.2865092 -0.04697929 0.6092984 0.7915481 -0.04195587 0.6016492 0.7976578 -0.03767715 0.5799178 0.8138033 -0.07654975 0.5490766 0.8322589 -0.06301807 0.5427915 0.8374999 -0.0368427 0.5790656 0.814448 -0.04818398 0.5163533 0.8550191 -0.02987971 0.5560308 0.8306245 -0.07360653 0.4871673 0.8702012 -0.07135908 0.4882644 0.8697734 -0.03577664 0.4561622 0.8891772 -0.03805527 0.4498194 0.8923084 -0.04277014 0.4443454 0.894834 -0.0427841 0.4325769 0.9005813 0.3745814 0.7501138 -0.5449935 0.3745802 0.7501151 -0.5449927 0.3745807 0.7501156 -0.5449916 2.88221e-07 0.5877851 0.8090171 2.966981e-07 0.5877852 0.8090171 -0.3745808 -0.7501158 0.5449913 -0.3745804 -0.750116 0.5449913 -0.3745807 -0.7501164 0.5449906 -0.04697962 0.8240786 0.5645241 -0.04195768 0.8186933 0.572696 -0.0376788 0.8030143 0.5947675 -0.0765519 0.7793854 0.6218507 -0.06301902 0.7750271 0.6287779 -0.036842 0.8024014 0.5956465 -0.04818504 0.7552965 0.6536096 -0.02987915 0.7854931 0.6181487 -0.07360461 0.732231 0.6770673 -0.07136134 0.7331405 0.6763229 -0.03577341 0.708613 0.7046899 -0.03805377 0.7035426 0.7096334 -0.04277629 0.6991098 0.7137335 -0.0427822 0.6897018 0.7228285 0.3745811 0.544988 -0.750118 0.3745809 0.544992 -0.7501153 0.3745802 0.5449908 -0.7501165 -6.951216e-07 0.8090169 0.5877854 -7.035987e-07 0.8090169 0.5877854 -0.3745813 -0.5449878 0.750118 -0.3745797 -0.5449914 0.7501162 -0.3745802 -0.5449926 0.7501152 -0.04697932 0.9581934 0.282238 -0.04195519 0.9555959 0.2916783 -0.03767651 0.9475049 0.3175136 -0.07654973 0.9334017 0.350573 -0.06302387 0.9313985 0.3585039 -0.03684381 0.9471951 0.318534 -0.04818811 0.9203057 0.3882208 -0.02987941 0.9380659 0.3451658 -0.07360125 0.905619 0.4176568 -0.07136654 0.9062514 0.4166715 -0.03577639 0.8916898 0.4512309 -0.03805295 0.8883995 0.4574914 -0.04277249 0.8854525 0.4627573 -0.0427831 0.8793103 0.4743239 0.3745809 0.2865188 -0.8818141 0.3745807 0.2865199 -0.8818139 0.3745793 0.2865171 -0.8818154 4.238547e-08 0.9510563 0.3090175 3.814691e-08 0.9510563 0.3090175 -0.3745795 -0.2865178 0.881815 -0.3745806 -0.2865211 0.8818135 -0.3745814 -0.2865173 0.8818144 -0.04697735 0.9985125 -0.02767325 -0.04195556 0.9989592 -0.01789693 -0.03767568 0.9992478 0.009181622 -0.07654538 0.9960511 0.04497793 -0.06301938 0.9965965 0.05313975 -0.03684377 0.9992685 0.01024679 -0.04818329 0.9952297 0.08483084 -0.02988051 0.9988159 0.03839165 -0.07360384 0.9903576 0.117364 -0.07135665 0.9906563 0.1162252 -0.03577347 0.9874858 0.1535974 -0.03805306 0.9862902 0.1605729 -0.04277106 0.9851151 0.1664899 -0.04278266 0.9828476 0.1793882 0.37458 0 -0.9271947 0.3745806 1.500285e-06 -0.9271944 0.3745809 0 -0.9271942 0 1 0 -0 1 0 -0.3745809 0 0.9271942 -0.3745806 -1.876001e-06 0.9271944 -0.3745801 0 0.9271946 -0.04697865 0.9410907 -0.334875 -0.04195773 0.9445359 -0.3257168 -0.03767804 0.9531779 -0.3000539 -0.07654876 0.9611993 -0.2650208 -0.06302233 0.9642405 -0.2574267 -0.03684308 0.9535279 -0.2990436 -0.04818569 0.9727339 -0.2268632 -0.02988048 0.961794 -0.2721389 -0.07360318 0.9781535 -0.1944181 -0.07135936 0.9780857 -0.1955917 -0.03577533 0.9866191 -0.1590688 -0.03805338 0.9876372 -0.1520682 -0.04277114 0.9883481 -0.146078 -0.04278393 0.9901779 -0.1331062 0.3745805 -0.2865189 -0.8818142 0.3745802 -0.2865178 -0.8818147 0.3745798 -0.2865188 -0.8818146 -3.390837e-08 0.9510563 -0.3090175 4.492862e-07 0.9510568 -0.309016 -0.3745797 0.2865201 0.8818142 -0.3745806 0.286517 0.8818148 -0.3745812 0.2865196 0.8818137 -0.04697979 0.7915472 -0.6092997 -0.04195483 0.7976587 -0.6016481 -0.03767632 0.8138033 -0.5799178 -0.0765499 0.8322594 -0.5490758 -0.06301625 0.8375011 -0.5427899 -0.03684372 0.8144467 -0.5790675 -0.04818289 0.8550195 -0.5163527 -0.02987915 0.8306267 -0.5560275 -0.0735993 0.8702011 -0.4871686 -0.0713596 0.8697748 -0.4882619 -0.03577721 0.8891759 -0.4561647 -0.03805321 0.8923051 -0.4498261 -0.04276856 0.894831 -0.4443516 -0.04278623 0.9005854 -0.4325683 0.3745814 -0.5449912 -0.7501155 0.374579 -0.5449934 -0.7501152 0.3745808 -0.5449895 -0.7501171 -3.56038e-07 0.8090168 -0.5877855 -2.797441e-07 0.8090169 -0.5877854 -0.37458 0.5449881 0.7501185 -0.3745801 0.5449914 0.7501161 -0.3745806 0.5449901 0.7501168 -0.04697963 0.5645241 -0.8240786 -0.04195646 0.5726981 -0.818692 -0.03767812 0.5947667 -0.8030148 -0.07655291 0.621851 -0.779385 -0.0630196 0.6287785 -0.7750266 -0.03684263 0.5956444 -0.8024029 -0.04818602 0.6536096 -0.7552964 -0.02987915 0.6181487 -0.7854931 -0.0736011 0.677067 -0.7322317 -0.07136424 0.6763247 -0.7331386 -0.03577909 0.7046959 -0.7086068 -0.03805275 0.7096305 -0.7035456 -0.04277511 0.7137306 -0.699113 -0.0427832 0.7228314 -0.6896987 0.3745809 -0.7501153 -0.544992 0.3745807 -0.7501149 -0.5449926 0.3745807 -0.750115 -0.5449926 -2.88221e-07 0.5877851 -0.8090171 -2.966981e-07 0.5877852 -0.8090171 -0.3745813 0.7501156 0.5449912 -0.3745797 0.7501162 0.5449914 -0.3745807 0.750114 0.5449939 -0.04697912 0.2822379 -0.9581935 -0.041955 0.2916781 -0.955596 -0.03767629 0.3175134 -0.947505 -0.07654973 0.350573 -0.9334017 -0.06301919 0.3585066 -0.9313976 -0.03684362 0.3185337 -0.9471952 -0.0481847 0.3882208 -0.9203058 -0.02987927 0.3451653 -0.9380662 -0.07360343 0.4176581 -0.9056181 -0.07136146 0.4166695 -0.9062527 -0.03577673 0.4512309 -0.8916898 -0.0380546 0.4574932 -0.8883985 -0.0427736 0.4627586 -0.8854518 -0.04278556 0.4743285 -0.8793076 0.3745806 -0.8818141 -0.2865193 0.3745805 -0.8818142 -0.2865189 0.3745805 -0.8818143 -0.2865191 -2.204045e-07 0.3090168 -0.9510566 -2.161659e-07 0.3090168 -0.9510566 -0.3745809 0.8818138 0.2865197 -0.3745807 0.881813 0.2865224 -0.3745805 0.8818133 0.2865218 -0.05271561 0.01867378 -0.998435 -0.0387402 0.01868008 -0.9990747 -0.06262559 0.02567474 -0.9977068 -0.04801635 0.0531841 -0.9974297 -0.02475918 0.008748461 -0.9996551 -0.06397621 0.07695194 -0.9949801 -0.03233665 0.02319902 -0.9992077 -0.03636701 0.02623163 -0.9989941 -0.05398944 0.08480567 -0.9949337 -0.03140716 0.04371596 -0.9985502 -0.06488669 0.1280193 -0.9896469 -0.05158773 0.1163697 -0.9918653 -0.03577487 0.1535969 -0.9874858 -0.03805383 0.160572 -0.9862903 -0.04277306 0.1664905 -0.9851149 -0.04278366 0.1793882 -0.9828476 -0.0527218 -0.0106699 -0.9985523 -0.03542934 -0.03203801 -0.9988586 -0.03656044 -0.05337291 -0.9979051 -0.03994459 -0.02849663 -0.9987954 -0.03872953 -0.02999758 -0.9987994 -0.03769708 -0.02664616 -0.9989339 -0.0290715 -0.0159877 -0.9994495 -0.02475978 -0.005329896 -0.9996792 0.3745815 -0.9271939 0 0.3745793 -0.9271949 0 0.3745807 -0.9271944 -3.115976e-06 0 0 -1 0 0 -1 -0.3745793 0.9271949 0 -0.3745815 0.927194 0 -0.3745806 0.9271944 4.404525e-06 -0.04697922 -0.3348759 -0.9410904 -0.04195642 -0.3257142 -0.9445368 -0.03767766 -0.300057 -0.9531769 -0.0765518 -0.2650208 -0.9611992 -0.06301711 -0.2574221 -0.964242 -0.0368423 -0.2990462 -0.9535272 -0.04818394 -0.2268658 -0.9727333 -0.02987828 -0.2721361 -0.9617949 -0.07360242 -0.1944171 -0.9781536 -0.07136123 -0.1955894 -0.9780861 -0.03577659 -0.1590689 -0.986619 -0.03805408 -0.152069 -0.987637 -0.04277255 -0.1460779 -0.988348 -0.04278481 -0.1331063 -0.9901779 0.3745798 -0.8818144 0.2865194 0.3745808 -0.8818141 0.2865188 0.3745805 -0.8818145 0.2865179 2.204045e-07 -0.3090168 -0.9510566 2.161659e-07 -0.3090168 -0.9510566 -0.3745817 0.8818129 -0.2865217 -0.3745797 0.8818147 -0.286519 -0.3745805 0.8818151 -0.2865163 -0.04697933 -0.6092989 -0.7915477 -0.04195601 -0.6016499 -0.7976573 -0.03767704 -0.5799173 -0.8138037 -0.07654858 -0.5490769 -0.8322589 -0.06301642 -0.5427917 -0.8375 -0.03684378 -0.5790663 -0.8144476 -0.04818213 -0.5163527 -0.8550195 -0.02987997 -0.5560288 -0.8306258 -0.07360361 -0.4871674 -0.8702014 -0.07135724 -0.4882639 -0.8697738 -0.03577586 -0.4561647 -0.889176 -0.03805464 -0.4498217 -0.8923073 -0.04276937 -0.4443479 -0.8948328 -0.04278541 -0.4325721 -0.9005836 0.3745809 -0.7501157 0.5449913 0.3745797 -0.750116 0.5449918 0.3745804 -0.7501168 0.5449901 2.034502e-07 -0.5877854 -0.8090169 2.119273e-07 -0.5877854 -0.8090169 -0.3745812 0.7501156 -0.5449912 -0.3745795 0.7501163 -0.5449916 -0.3745805 0.750118 -0.5449885 -0.04697897 -0.8240795 -0.5645228 -0.04195591 -0.818693 -0.5726966 -0.03767706 -0.803014 -0.594768 -0.07655048 -0.779385 -0.6218514 -0.06301902 -0.7750271 -0.6287779 -0.03684257 -0.8024027 -0.5956446 -0.04818414 -0.7552952 -0.6536111 -0.02987888 -0.7854924 -0.6181496 -0.07360349 -0.732231 -0.6770674 -0.07135838 -0.7331412 -0.6763223 -0.03577509 -0.7086115 -0.7046914 -0.03805408 -0.703544 -0.7096322 -0.04277454 -0.699113 -0.7137306 -0.04278447 -0.6896971 -0.7228329 0.3745809 -0.5449909 0.7501159 0.3745796 -0.5449901 0.7501172 0.3745806 -0.5449919 0.7501155 1.186793e-07 -0.8090171 -0.5877852 1.017251e-07 -0.8090171 -0.5877852 -0.374581 0.5449913 -0.7501158 -0.3745799 0.544991 -0.7501165 -0.3745807 0.5449927 -0.7501149 -0.04697929 -0.9581932 -0.2822385 -0.04195614 -0.9555962 -0.291677 -0.03767722 -0.9475049 -0.3175135 -0.07654986 -0.9334019 -0.3505726 -0.06301922 -0.9313979 -0.3585062 -0.03684295 -0.9471946 -0.3185359 -0.04818461 -0.9203058 -0.3882208 -0.02987922 -0.9380662 -0.3451651 -0.07360319 -0.9056183 -0.4176576 -0.07136098 -0.906253 -0.4166691 -0.03577567 -0.8916906 -0.4512297 -0.03805445 -0.8883988 -0.4574926 -0.04277176 -0.8854532 -0.4627562 -0.04278587 -0.879307 -0.4743297 0.3745798 -0.2865187 0.8818146 0.374581 -0.2865188 0.8818141 0.3745806 -0.2865203 0.8818138 0 -0.9510565 -0.3090169 -8.477094e-09 -0.9510565 -0.3090169 -0.374581 0.2865183 -0.8818142 -0.37458 0.2865192 -0.8818144 -0.3745805 0.2865208 -0.8818136 -0.04697905 -0.9985124 0.02767311 -0.04195642 -0.9989592 0.01789515 -0.03767736 -0.9992478 -0.009178259 -0.07655008 -0.9960508 -0.04497737 -0.06301948 -0.9965964 -0.05314196 -0.03684282 -0.9992685 -0.01024679 -0.04818472 -0.9952297 -0.08483021 -0.0298792 -0.9988159 -0.03839307 -0.07360323 -0.9903576 -0.1173643 -0.07136036 -0.9906558 -0.1162276 -0.03577634 -0.9874854 -0.1535989 -0.03805413 -0.9862905 -0.1605712 -0.04277232 -0.9851152 -0.1664884 -0.0427849 -0.982847 -0.1793911 0.374581 0 0.9271943 0.37458 0 0.9271946 0.3745806 -1.384877e-06 0.9271944 0 -1 0 0 -1 0 -0.3745801 0 -0.9271945 -0.374581 -0 -0.9271942 -0.3745807 1.79444e-06 -0.9271944 -0.04697932 -0.9410902 0.3348762 -0.04195634 -0.9445368 0.3257142 -0.0376773 -0.9531775 0.3000552 -0.07654981 -0.9611993 0.2650205 -0.06301972 -0.9642413 0.2574244 -0.03684286 -0.9535273 0.2990455 -0.0481848 -0.9727337 0.2268644 -0.0298794 -0.9617943 0.2721376 -0.07360326 -0.9781536 0.1944173 -0.07136029 -0.9780859 0.1955905 -0.03577609 -0.9866191 0.1590688 -0.03805413 -0.9876372 0.1520682 -0.04277189 -0.9883481 0.146078 -0.04278505 -0.990178 0.1331047 0.3745799 0.2865187 0.8818145 0.3745808 0.2865188 0.8818141 0.3745804 0.2865174 0.8818147 8.477094e-09 -0.9510565 0.3090169 -1.271564e-08 -0.9510565 0.309017 -0.3745815 -0.2865212 -0.881813 -0.37458 -0.2865189 -0.8818145 -0.3745805 -0.2865169 -0.8818148 -0.04697893 -0.7915477 0.609299 -0.04195619 -0.7976566 0.6016508 -0.03767712 -0.8138034 0.5799177 -0.07654977 -0.8322591 0.5490764 -0.0630194 -0.8374995 0.542792 -0.03684283 -0.814448 0.5790656 -0.0481846 -0.8550197 0.5163522 -0.02987929 -0.8306257 0.5560289 -0.07360337 -0.8702012 0.4871679 -0.07136012 -0.8697742 0.4882628 -0.03577653 -0.889176 0.4561647 -0.03805432 -0.8923072 0.4498221 -0.04277151 -0.894834 0.4443454 -0.04278554 -0.9005842 0.4325708 0.9898761 0.01852613 -0.1407199 0.7581396 0.08511519 -0.6465135 0.9898762 0.01852605 0.1407193 0.9898762 0.01852611 0.1407199 0.9102498 0.0540456 0.4105173 0.758136 0.08511574 0.6465176 0.7581397 0.08511507 0.6465134 0.9102495 0.05404564 0.4105176 0.9898757 0.05431689 0.1311326 0.9898762 0.05431563 0.1311294 0.7581343 0.2495473 0.6024604 0.7581322 0.3969739 0.5173465 0.9102523 0.1584517 0.382536 0.7581356 0.2495467 0.602459 0.9102501 0.1584534 0.3825405 0.9898764 0.08640314 0.1126027 0.9898756 0.08640637 0.1126071 0.9102541 0.2520576 0.3284882 0.9102502 0.2520629 0.3284948 0.7581288 0.3969762 0.5173496 0.9898763 0.1126032 0.08640347 0.9898764 0.1126025 0.08640289 0.7581384 0.5173405 0.3969696 0.9102495 0.328496 0.2520638 0.7581262 0.517352 0.396978 0.9102501 0.3284949 0.2520629 0.989876 0.131131 0.05431619 0.9898762 0.1311291 0.05431537 0.758151 0.6024424 0.2495399 0.7581518 0.6464996 0.08511278 0.9102511 0.3825384 0.1584523 0.7581383 0.6024562 0.2495453 0.9102494 0.382542 0.1584539 0.9898764 0.1407182 0.01852588 0.9102515 0.4105136 0.05404523 0.989876 0.140721 0.0185263 0.7581397 0.6465135 -0.08511462 0.9102476 0.4105219 0.05404614 0.7581397 0.6465135 0.08511497 0.9898759 0.140721 -0.01852624 0.9898764 0.1407182 -0.01852593 0.7581518 0.6464995 -0.08511312 0.9102477 0.4105218 -0.05404613 0.9102514 0.4105136 -0.05404523 0.9898763 0.1311291 -0.05431539 0.989876 0.1311309 -0.0543161 0.9102495 0.3825419 -0.1584538 0.7581382 0.6024561 -0.2495456 0.7581509 0.6024426 -0.2495396 0.9102512 0.3825383 -0.1584524 0.9898763 0.1126025 -0.08640292 0.9898762 0.1126031 -0.08640341 0.9102493 0.3284965 -0.2520641 0.7581259 0.517352 -0.3969785 0.9102502 0.3284948 -0.2520629 0.7581389 0.5173403 -0.3969691 0.9898755 0.08640654 -0.1126072 0.9898763 0.08640315 -0.1126029 0.7581288 0.3969762 -0.5173496 0.9102539 0.2520577 -0.3284883 0.7581322 0.3969739 -0.5173465 0.9102505 0.2520626 -0.3284944 0.9102522 0.1584518 -0.3825363 0.9898762 0.05431559 -0.1311295 0.9898758 0.05431693 -0.1311326 0.9898762 0.01852604 -0.1407193 0.91025 0.1584535 -0.3825407 0.9102497 0.05404561 -0.4105174 0.7581337 0.2495475 -0.602461 0.9102496 0.05404564 -0.4105176 0.7581357 0.2495467 -0.6024589 0.7581361 0.08511563 -0.6465177 0.7581397 -0.08511523 0.6465135 0.9898762 -0.01852612 -0.1407198 0.9898762 -0.01852606 -0.1407193 0.9102498 -0.05404564 -0.4105174 0.7581396 -0.08511514 -0.6465136 0.7581361 -0.08511578 -0.6465176 0.9102497 -0.05404566 -0.4105176 0.9898761 -0.0543159 -0.1311302 0.9898761 -0.08640396 -0.1126038 0.9898762 -0.05431563 -0.1311295 0.7581382 -0.2495456 -0.6024562 0.9102491 -0.1584543 -0.3825426 0.7581351 -0.249547 -0.6024594 0.9102502 -0.1584535 -0.3825403 0.910249 -0.2520645 -0.328497 0.9898763 -0.08640309 -0.1126028 0.7581414 -0.3969672 -0.517338 0.9102477 -0.2520663 -0.3284992 0.7581389 -0.3969691 -0.5173402 0.9898763 -0.1126032 -0.08640347 0.9898764 -0.1126025 -0.08640289 0.7581425 -0.5173368 -0.3969665 0.9102479 -0.3284989 -0.252066 0.9102471 -0.3285003 -0.2520671 0.758142 -0.5173373 -0.3969669 0.9898762 -0.1311295 -0.0543156 0.9898762 -0.1311291 -0.05431544 0.7581367 -0.6024579 -0.2495461 0.9102476 -0.3825456 -0.1584556 0.7581427 -0.6024514 -0.2495436 0.9102492 -0.3825423 -0.1584541 0.9898761 -0.1407199 -0.01852613 0.9898762 -0.1407193 -0.01852604 0.9102494 -0.4105181 -0.05404571 0.7581396 -0.6465135 -0.08511522 0.7581363 -0.6465172 -0.08511561 0.9102498 -0.4105174 -0.05404564 0.9898762 -0.1407193 0.01852605 0.9898762 -0.1311295 0.0543156 0.9898762 -0.1407199 0.01852612 0.7581364 -0.6465172 0.08511572 0.7581396 -0.6465136 0.08511514 0.9102498 -0.4105174 0.05404564 0.9102494 -0.4105182 0.05404573 0.9898763 -0.1126032 0.08640347 0.9898762 -0.131129 0.0543154 0.9102476 -0.3825457 0.1584556 0.7581431 -0.6024511 0.2495432 0.7581363 -0.6024582 0.2495464 0.9102491 -0.3825425 0.1584543 0.9898764 -0.1126025 0.08640292 0.9102477 -0.3284991 0.2520662 0.7581424 -0.5173371 0.3969667 0.758142 -0.5173373 0.3969669 0.9102469 -0.3285005 0.2520673 0.9102474 -0.2520665 0.3284996 0.9898761 -0.08640396 0.1126038 0.9898763 -0.08640315 0.1126028 0.7581415 -0.3969673 0.5173379 0.9102489 -0.2520646 0.3284971 0.7581384 -0.3969693 0.5173407 0.989876 -0.05431595 0.1311303 0.9898762 -0.05431562 0.1311295 0.9898762 -0.01852606 0.1407193 0.9898762 -0.01852612 0.1407198 0.9102492 -0.1584543 0.3825424 0.9102501 -0.1584536 0.3825406 0.7581377 -0.2495459 0.6024567 0.9102498 -0.05404564 0.4105174 0.9102497 -0.05404566 0.4105176 0.7581357 -0.2495467 0.6024589 0.758136 -0.08511566 0.6465176 -1 0 0 -1 0 0 -1 0 -0 -1 0 -0 0.03856929 -0.7138513 0.6992343 0.04029452 -0.7045717 0.7084879 0.03865197 -0.7229548 0.6898134 0.03899308 -0.7225831 0.6901835 0.05546137 -0.751763 0.657097 0.07763743 -0.7397411 0.6683977 0.05058797 -0.7724096 0.6331068 0.03404423 -0.8145289 0.5791231 0.0303556 -0.7979916 0.6019036 0.06417669 -0.7914667 0.6078337 0.04551554 -0.8301355 0.5557008 0.07619707 -0.7864791 0.6128986 0.0404992 -0.8199205 0.5710431 0.04595472 -0.8305079 0.555108 0.2767131 0.7774276 0.5648329 0.2767127 0.7774301 0.5648298 0.2767133 0.7774279 0.5648324 1 0 -0 1 0 0 1 0 0 1 0 0 -0.2767133 -0.7774264 -0.5648346 -0.2767133 -0.7774264 -0.5648345 -0.2767129 -0.7774272 -0.5648336 0.03856951 -0.4628378 0.8856035 0.04029468 -0.4511531 0.8915364 0.03865243 -0.4744059 0.8794572 0.03899325 -0.4739385 0.8796942 0.05546181 -0.5119146 0.8572441 0.0776378 -0.496989 0.8642768 0.05058849 -0.5389636 0.8408086 0.03404499 -0.5957056 0.802481 0.03035615 -0.5729367 0.8190374 0.06417599 -0.5648996 0.8226603 0.04551491 -0.6177839 0.7850295 0.07619846 -0.5585896 0.8259366 0.04049896 -0.6033289 0.7964635 0.04595444 -0.6183217 0.7845805 -1 0 0 -1 0 0 -1 0 -0 -1 0 -0 0.2767125 0.9139197 0.2969528 0.2767124 0.9139224 0.2969444 0.2767134 0.9139205 0.2969495 1 0 -0 1 0 0 1 0 0 1 0 0 -0.2767134 -0.9139204 -0.2969499 -0.2767134 -0.9139204 -0.2969499 -0.276713 -0.9139209 -0.2969487 0.03856862 -0.1665191 0.9852837 0.04029411 -0.1535705 0.9873158 0.03865278 -0.1794184 0.9830132 0.03899238 -0.1789026 0.9830938 0.05546402 -0.2219555 0.9734781 0.07763719 -0.2055893 0.9755539 0.05058996 -0.252764 0.9662044 0.03404296 -0.3185654 0.9472893 0.03035487 -0.2918006 0.9559974 0.06417762 -0.283033 0.9569606 0.04551626 -0.3449625 0.9375122 0.07619616 -0.2760219 0.9581263 0.04049943 -0.3276786 0.9439209 0.04595495 -0.3456114 0.9372518 -1 0 0 -1 0 -0 -1 0 -0 -1 0 -0 0.02475918 -0.008748502 0.9996552 0.03636694 -0.02623163 0.9989941 0.03873153 -0.02801087 0.998857 0.05272063 -0.0125664 0.9985302 0.03853555 -0.04370506 0.998301 0.04093194 -0.0313269 0.9986708 0.02873328 -0.03773292 0.9988747 0.03905667 -0.06283957 0.9972591 0.2767132 0.9609525 0 0.2767134 0.9609525 1.200751e-06 0.2767137 0.9609524 0 1 0 0 1 0 0 1 0 -0 1 0 0 -0.2767137 -0.9609524 0 -0.2767134 -0.9609525 -7.425706e-07 -0.2767132 -0.9609525 -0 0.03856995 0.1461029 0.9885172 0.04029489 0.1590415 0.9864492 0.03865189 0.1331287 0.9903448 0.03899375 0.1336477 0.9902616 0.04849267 0.08976089 0.9947821 0.06011301 0.1185493 0.9911269 0.02475978 0.005329855 0.9996792 0.02907155 0.0159877 0.9994495 0.03769716 0.02664616 0.9989339 0.0501242 0.05818311 0.9970468 0.06326394 0.07122108 0.9954523 0.05631222 0.02654808 0.9980602 0.03874617 0.005358953 0.9992348 0.06018401 0.02376345 0.9979044 0.05272404 0.005375233 0.9985947 0.03198399 0.02194245 0.9992475 -1 -0 0 -1 -0 0 -1 0 0 -1 -0 -0 0.03857002 0.4444215 0.8949872 0.04029437 0.4560837 0.8890242 0.03865521 0.4326498 0.9007331 0.03899388 0.4331132 0.9004957 0.05546352 0.3926293 0.9180229 0.07763866 0.4070912 0.9100819 0.05059035 0.3634349 0.930245 0.0340453 0.2990758 0.9536218 0.03035679 0.3258511 0.9449336 0.06417322 0.3335038 0.940562 0.04551612 0.2719762 0.9612269 0.07620126 0.3398663 0.9373816 0.04049899 0.2897271 0.956252 0.04595489 0.271298 0.9613977 0.2767135 0.9139209 -0.2969483 0.2767126 0.9139198 -0.2969525 0.2767134 0.913921 -0.296948 1 0 0 1 -0 0 1 0 0 1 0 -0 -0.2767121 -0.9139208 0.29695 -0.2767129 -0.91392 0.2969516 -0.2767148 -0.9139215 0.2969451 -1 0 -0 -1 0 -0 -1 -0 0 -1 0 -0 0.2767131 0.7774265 -0.5648345 0.2767149 0.7774307 -0.5648278 0.2767133 0.777426 -0.5648351 1 0 0 1 -0 0 1 0 0 1 0 -0 -0.2767132 -0.7774255 0.5648356 -0.2767133 -0.7774255 0.5648357 -0.2767132 -0.7774253 0.564836 0.03856915 0.6992297 0.7138559 0.04029582 0.708491 0.7045686 0.03865614 0.6898179 0.7229502 0.03899273 0.690183 0.7225835 0.05546265 0.6570976 0.7517623 0.07763692 0.6683974 0.7397414 0.05058941 0.6331081 0.7724084 0.03404423 0.5791231 0.8145289 0.03035586 0.6019019 0.7979928 0.06417579 0.6078323 0.7914679 0.04551494 0.5557026 0.8301343 0.07619994 0.6128988 0.7864786 0.0404992 0.5710431 0.8199205 0.04595497 0.5551087 0.8305073 -1 0 -0 -1 0 -0 -1 -0 0 -1 -0 -0 0.2767133 0.5648322 -0.777428 0.2767131 0.5648339 -0.7774268 0.276713 0.5648334 -0.7774273 1 0 0 1 0 0 1 0 0 1 0 0 -0.2767133 -0.564833 0.7774274 -0.276713 -0.5648337 0.7774271 -0.2767138 -0.5648358 0.7774252 0.03856856 0.8856042 0.4628366 0.04029354 0.8915364 0.4511532 0.03865305 0.8794584 0.4744037 0.03899236 0.8796942 0.4739384 0.05546181 0.8572441 0.5119146 0.0776374 0.8642766 0.4969893 0.05058817 0.8408074 0.5389654 0.03404667 0.802481 0.5957056 0.03035783 0.8190373 0.5729366 0.06417476 0.8226599 0.5649002 0.0455157 0.7850295 0.6177839 0.07619688 0.8259362 0.5585905 0.04049917 0.7964648 0.6033271 0.04595602 0.7845796 0.6183226 -1 0 0 -1 0 0 -1 0 0 -1 0 0 1 0 0 1 0 0 1 0 0 1 0 0 -0.2767134 -0.2969499 0.9139204 -0.276713 -0.2969509 0.9139202 -0.2767128 -0.2969504 0.9139204 0.03856869 0.9852837 0.1665184 0.04029404 0.9873158 0.153571 0.0386515 0.9830133 0.1794184 0.0389924 0.9830942 0.1789006 0.05546383 0.9734775 0.2219577 0.07764006 0.9755537 0.2055893 0.05059056 0.9662051 0.2527615 0.0340413 0.9472893 0.3185656 0.03035322 0.9559973 0.2918008 0.04551613 0.9375124 0.344962 0.06418128 0.9569604 0.2830328 0.07619948 0.9581261 0.2760218 0.04050071 0.9439192 0.327683 0.04595435 0.9372522 0.3456103 0.2767131 0.296952 -0.9139197 0.276713 0.2969498 -0.9139205 0.2767133 0.2969513 -0.9139199 -1 0 0 -1 0 0 -1 0 0 -1 0 0 0.2767129 0 -0.9609527 0.2767131 1.500939e-06 -0.9609526 0.2767136 0 -0.9609525 1 0 0 1 0 0 1 0 0 1 0 0 -0.2767136 0 0.9609525 -0.2767132 -6.806875e-07 0.9609525 -0.276713 0 0.9609526 0.03856998 0.9885172 -0.1461031 0.04029489 0.9864493 -0.1590414 0.03865348 0.9903448 -0.1331286 0.03899386 0.9902618 -0.1336454 0.05546081 0.9944207 -0.0897309 0.07763442 0.9913375 -0.1059378 0.05058667 0.9970235 -0.0581818 0.0340431 0.9993678 0.01024781 0.0303542 0.9993788 -0.01790444 0.06417868 0.9975855 -0.02653794 0.04551465 0.9982265 0.038369 0.07619442 0.996528 -0.03356456 0.04049904 0.9989803 0.01995515 0.04595518 0.9981792 0.03906951 -1 0 0 -1 0 0 -1 0 0 -1 0 0 1 0 0 1 0 -0 1 0 0 1 0 0 -0.276714 0.2969524 0.9139194 -0.276713 0.2969503 0.9139204 -0.2767129 0.2969504 0.9139203 0.03856956 0.8949841 -0.4444276 0.04029337 0.8890229 -0.4560862 0.03865075 0.9007372 -0.4326413 0.03899374 0.900497 -0.4331107 0.05546268 0.918022 -0.3926314 0.07763468 0.9100822 -0.4070914 0.05058879 0.9302461 -0.3634323 0.03404666 0.9536226 -0.2990732 0.03035738 0.9449327 -0.3258536 0.04551448 0.9612264 -0.2719783 0.06417178 0.9405617 -0.3335051 0.07619713 0.937382 -0.3398661 0.04049753 0.9562517 -0.2897286 0.04595519 0.9613979 -0.2712972 0.2767132 -0.2969502 -0.9139203 0.2767126 -0.2969541 -0.9139193 0.2767133 -0.2969505 -0.9139202 -1 0 0 -1 0 0 -1 0 0 -1 0 0 0.038569 0.7138529 -0.6992328 0.04029396 0.7045747 -0.7084849 0.03865231 0.7229533 -0.689815 0.03899267 0.7225824 -0.6901842 0.05546236 0.7517636 -0.6570963 0.07763911 0.7397413 -0.6683972 0.05058956 0.7724077 -0.633109 0.03404392 0.8145276 -0.579125 0.03035605 0.7979937 -0.6019008 0.06417513 0.7914686 -0.6078313 0.04551685 0.8301364 -0.5556992 0.07620137 0.7864786 -0.6128988 0.04049974 0.8199198 -0.571044 0.04595422 0.8305072 -0.555109 0.2767138 -0.5648351 -0.7774257 0.2767131 -0.5648369 -0.7774248 0.2767136 -0.5648344 -0.7774264 1 0 0 1 0 0 1 0 0 1 0 -0 -0.2767129 0.564832 0.7774283 -0.2767136 0.5648332 0.7774272 -0.2767139 0.5648322 0.7774278 -1 0 0 -1 0 0 -1 0 0 -1 0 0 1 0 -0 1 0 -0 1 0 0 1 0 -0 -0.2767132 0.7774255 0.5648356 -0.2767133 0.7774256 0.5648355 -0.2767117 0.7774292 0.5648313 0.03856904 0.4628378 -0.8856035 0.04029422 0.4511532 -0.8915364 0.03865088 0.4744085 -0.8794559 0.03899283 0.4739396 -0.8796936 0.05546269 0.511914 -0.8572444 0.07763665 0.4969898 -0.8642764 0.05058942 0.538963 -0.8408089 0.03404329 0.5957036 -0.8024825 0.03035516 0.5729387 -0.8190359 0.04551522 0.6177839 -0.7850295 0.06417684 0.5648995 -0.8226603 0.07619981 0.5585894 -0.8259367 0.04049947 0.6033295 -0.796463 0.04595521 0.6183221 -0.7845801 0.2767147 -0.7774307 -0.5648279 0.2767113 -0.7774346 -0.5648242 0.2767133 -0.7774279 -0.5648324 -1 0 0 -1 0 0 -1 0 0 -1 0 -0 0.03856862 0.1665191 -0.9852837 0.04029411 0.1535705 -0.9873158 0.03865278 0.1794184 -0.9830132 0.03899238 0.1789026 -0.9830938 0.05546402 0.2219555 -0.9734781 0.07763719 0.2055893 -0.9755539 0.05058986 0.2527647 -0.9662043 0.03404247 0.3185654 -0.9472893 0.03035443 0.2918006 -0.9559974 0.06417885 0.2830323 -0.9569607 0.04551599 0.3449616 -0.9375125 0.07619563 0.2760222 -0.9581262 0.04049978 0.3276798 -0.9439204 0.04595506 0.345611 -0.9372519 0.2767137 -0.9139208 -0.2969483 0.2767146 -0.9139166 -0.2969604 0.2767129 -0.91392 -0.2969514 1 0 -0 1 0 -0 1 0 0 1 0 -0 -0.2767134 0.9139204 0.2969499 -0.2767129 0.9139201 0.2969511 -0.2767132 0.9139197 0.2969521 -1 0 0 -1 0 0 -1 0 0 -1 0 -0 0.02475918 0.008748461 -0.9996551 0.03636701 0.02623163 -0.9989941 0.03873153 0.0280108 -0.998857 0.05272063 0.0125664 -0.9985302 0.0385356 0.04370506 -0.998301 0.04093198 0.03132688 -0.9986708 0.02873328 0.03773292 -0.9988747 0.03905672 0.06283937 -0.9972591 0.2767137 -0.9609524 0 0.2767132 -0.9609526 0 0.2767134 -0.9609525 -1.200751e-06 1 0 0 1 0 0 1 0 0 1 0 -0 -0.2767132 0.9609525 0 -0.2767137 0.9609524 0 -0.2767134 0.9609525 7.425706e-07 0.03856995 -0.1461029 -0.9885172 0.04029489 -0.1590415 -0.9864492 0.03865189 -0.1331287 -0.9903448 0.03899375 -0.1336477 -0.9902616 0.04849267 -0.08976089 -0.9947821 0.06011301 -0.1185493 -0.9911269 0.02475978 -0.005329895 -0.9996792 0.0290715 -0.0159877 -0.9994495 0.03769708 -0.02664616 -0.9989339 0.0501242 -0.05818311 -0.9970468 0.06326394 -0.07122108 -0.9954523 0.05631222 -0.02654808 -0.9980602 0.03874617 -0.005358992 -0.9992347 0.06018395 -0.02376349 -0.9979044 0.05272403 -0.005375274 -0.9985947 0.03198403 -0.02194253 -0.9992475 -1 0 0 -1 0 -0 -1 0 0 -1 -0 0 0.2767148 -0.9139191 0.2969526 0.2767126 -0.9139198 0.2969525 0.2767134 -0.913921 0.296948 1 0 0 1 -0 -0 1 0 -0 1 0 -0 -0.2767134 0.9139204 -0.2969499 -0.2767134 0.9139204 -0.2969498 -0.2767127 0.9139199 -0.2969521 0.03856993 -0.4444239 -0.8949859 0.04029428 -0.4560862 -0.8890229 0.03865242 -0.4326451 -0.9007354 0.03899391 -0.4331123 -0.9004961 0.05546233 -0.3926293 -0.9180229 0.07763745 -0.4070913 -0.9100819 0.05058909 -0.363434 -0.9302453 0.03404485 -0.2990758 -0.9536218 0.03035629 -0.3258511 -0.9449336 0.06417511 -0.3335054 -0.9405614 0.04551633 -0.2719755 -0.9612272 0.07619959 -0.339866 -0.9373819 0.04049931 -0.289726 -0.9562524 0.04595442 -0.2712983 -0.9613976 -1 0 -0 -1 0 0 -1 0 0 -1 0 0 1 0 0 1 0 0 1 0 -0 1 -0 -0 -0.2767138 0.777427 -0.5648335 -0.2767133 0.7774277 -0.5648326 -0.276713 0.7774271 -0.5648336 0.03856935 -0.6992328 -0.7138529 0.04029517 -0.7084895 -0.7045701 0.03865257 -0.6898134 -0.7229547 0.03899309 -0.6901829 -0.7225837 0.05546279 -0.6570984 -0.7517618 0.07763635 -0.6683977 -0.7397412 0.05058914 -0.6331069 -0.7724094 0.03404411 -0.5791238 -0.8145285 0.03035575 -0.6019027 -0.7979923 0.04551587 -0.5557006 -0.8301356 0.06417617 -0.6078329 -0.7914674 0.07619844 -0.6128986 -0.7864789 0.04049939 -0.5710434 -0.8199202 0.0459546 -0.5551085 -0.8305075 0.2767131 -0.7774287 0.5648313 0.2767128 -0.7774269 0.5648339 0.2767133 -0.7774283 0.5648317 -1 0 -0 -1 0 0 -1 0 0 -1 0 0 0.03856963 -0.8856047 -0.4628353 0.04029463 -0.891537 -0.4511519 0.03865066 -0.8794553 -0.4744097 0.03899352 -0.8796936 -0.4739395 0.05546255 -0.8572444 -0.5119141 0.07763712 -0.8642766 -0.4969895 0.050589 -0.840808 -0.5389645 0.03404393 -0.8024824 -0.5957038 0.03035541 -0.819037 -0.5729371 0.06417682 -0.8226607 -0.5648988 0.04551562 -0.7850289 -0.6177848 0.07619786 -0.8259367 -0.5585897 0.04049932 -0.7964635 -0.6033288 0.04595495 -0.78458 -0.6183223 0.2767126 -0.5648357 0.7774257 0.2767129 -0.5648318 0.7774284 0.2767133 -0.5648336 0.777427 1 0 0 1 0 0 1 0 0 1 0 0 -0.2767136 0.5648338 -0.7774268 -0.2767133 0.5648345 -0.7774264 -0.2767128 0.5648333 -0.7774274 -1 0 0 -1 0 0 -1 0 0 -1 0 0 1 0 0 1 0 0 1 0 0 1 0 0 -0.2767134 0.2969501 -0.9139203 -0.2767131 0.2969507 -0.9139202 -0.276713 0.2969501 -0.9139205 0.03856964 -0.985284 -0.1665169 0.04029459 -0.9873155 -0.1535725 0.03865217 -0.9830127 -0.1794214 0.03899348 -0.9830937 -0.1789029 0.0554619 -0.9734781 -0.221956 0.0776367 -0.9755542 -0.2055886 0.05058835 -0.9662052 -0.2527615 0.03404409 -0.9472886 -0.3185675 0.03035559 -0.9559977 -0.2917995 0.0455157 -0.9375126 -0.3449614 0.0641767 -0.9569601 -0.2830346 0.07619756 -0.9581262 -0.2760221 0.0404993 -0.9439207 -0.3276789 0.04595468 -0.937252 -0.3456107 0.2767132 -0.2969502 0.9139203 0.2767134 -0.2969518 0.9139198 0.2767132 -0.2969504 0.9139203 -1 0 0 -1 0 0 -1 0 0 -1 0 0 0.2767135 0 0.9609525 0.2767128 0 0.9609526 0.2767131 -1.500938e-06 0.9609526 1 0 0 1 0 0 1 0 0 1 0 0 -0.276713 0 -0.9609526 -0.2767135 -0 -0.9609525 -0.2767133 6.806895e-07 -0.9609526 0.03856948 -0.9885172 0.1461031 0.04029439 -0.9864493 0.1590414 0.03865156 -0.9903451 0.1331272 0.03899333 -0.9902617 0.133646 0.05546193 -0.9944208 0.08972838 0.07763689 -0.9913375 0.1059363 0.05058838 -0.9970233 0.05818306 0.03404444 -0.9993678 -0.01024781 0.03035577 -0.9993788 0.01790266 0.06417609 -0.9975857 0.02653509 0.04551554 -0.9982265 -0.03837042 0.07619716 -0.9965278 0.03356483 0.04049897 -0.9989803 -0.01995305 0.04595457 -0.9981793 -0.03906855 -1 0 -0 -1 0 -0 -1 0 -0 -1 0 -0 1 0 0 1 0 -0 1 0 0 1 0 0 -0.2767135 -0.296951 -0.9139199 -0.2767132 -0.2969503 -0.9139203 -0.2767132 -0.2969501 -0.9139204 0.03856957 -0.8949871 0.4444214 0.04029428 -0.8890229 0.4560862 0.03865086 -0.9007361 0.4326438 0.03899345 -0.9004959 0.4331127 0.05546242 -0.9180228 0.3926299 0.07763708 -0.9100819 0.4070915 0.05058879 -0.9302461 0.3634323 0.03404457 -0.953622 0.2990752 0.03035593 -0.9449336 0.3258511 0.04551534 -0.9612268 0.2719769 0.06417584 -0.9405606 0.3335072 0.07619713 -0.937382 0.3398661 0.04049887 -0.9562526 0.2897256 0.04595469 -0.9613978 0.271298 0.2767134 0.2969513 0.9139199 0.2767131 0.2969508 0.9139202 0.2767131 0.2969503 0.9139203 -1 0 0 -1 0 0 -1 0 -0 -1 0 0 0.2767135 0.5648329 0.7774275 0.2767127 0.5648347 0.7774263 0.2767133 0.5648323 0.777428 1 0 0 1 0 -0 1 0 0 1 0 0 -0.2767133 -0.5648331 -0.7774273 -0.2767133 -0.564833 -0.7774274 -0.2767134 -0.5648327 -0.7774276 0.7480801 0.08661835 -0.6579311 0.8566915 -0.06732927 -0.5114162 0.9586398 -0.03715069 -0.2821873 0.8566917 -0.06732914 -0.5114158 0.9993994 -0.004523026 -0.03435573 0.9760354 0.02840406 0.2157499 0.9871529 -0.04796237 -0.1524097 0.74808 0.08661837 0.6579313 0.74808 0.2539521 0.6130944 0.8902355 0.05945482 0.4516036 0.7480801 0.08661839 0.6579311 0.9388862 0.01389998 0.3439469 0.8566919 -0.197399 -0.4765634 0.8566915 -0.1973993 -0.4765638 0.9869583 -0.06160279 -0.1487222 0.9869584 -0.06160279 -0.1487222 0.9406562 0.1298679 0.3135287 0.9406561 0.1298679 0.313529 0.7480806 0.2539516 0.6130939 0.9869584 -0.09799588 -0.1277107 0.8566921 -0.3140161 -0.409234 0.8566919 -0.3140165 -0.4092343 0.9869583 -0.09799588 -0.1277108 0.7480807 0.4039788 0.5264754 0.7480807 0.4039789 0.5264754 0.9406561 0.2065899 0.2692333 0.9406561 0.2065901 0.2692335 0.8566917 -0.4092345 -0.3140166 0.8566918 -0.4765636 -0.197399 0.8566923 -0.4092335 -0.3140161 0.9869583 -0.1277107 -0.09799588 0.9869583 -0.1277108 -0.09799591 0.9406561 0.2692334 0.20659 0.748081 0.5264751 0.4039786 0.7480803 0.5264757 0.4039793 0.9406561 0.2692334 0.20659 0.8566914 -0.4765643 -0.1973994 0.9869584 -0.1487222 -0.06160278 0.9869583 -0.1487222 -0.06160277 0.7480791 0.6130953 0.2539525 0.7480803 0.6130942 0.2539515 0.9406561 0.313529 0.1298678 0.9406563 0.3135286 0.1298678 0.856691 -0.5114169 -0.06732927 0.8566913 -0.5114164 -0.06732932 0.9869584 -0.1595985 -0.02101156 0.9869584 -0.1595986 -0.02101154 0.7480813 0.65793 0.08661761 0.7480812 0.65793 -0.08661761 0.9406563 0.3364576 0.04429569 0.748079 0.6579323 0.08661885 0.9406561 0.3364581 0.0442955 0.8566913 -0.5114165 0.06732922 0.8566911 -0.5114169 0.06732937 0.9869584 -0.1595985 0.02101152 0.9869583 -0.1595986 0.02101157 0.9406563 0.3364576 -0.04429545 0.9406561 0.336458 -0.04429575 0.748079 0.6579323 -0.08661885 0.8566913 -0.4765643 0.1973994 0.8566918 -0.4765637 0.197399 0.9869583 -0.1487222 0.06160277 0.9869584 -0.1487222 0.06160277 0.7480803 0.6130939 -0.253952 0.7480791 0.6130954 -0.253952 0.9406563 0.3135287 -0.1298676 0.9406561 0.3135289 -0.1298679 0.8566924 -0.4092337 0.3140159 0.8566917 -0.4092343 0.3140167 0.9869583 -0.1277107 0.0979959 0.9869583 -0.1277108 0.09799591 0.748081 0.526475 -0.4039788 0.9406561 0.2692334 -0.20659 0.9406561 0.2692333 -0.20659 0.7480803 0.5264758 -0.4039791 0.8566919 -0.3140163 0.4092343 0.8566922 -0.3140162 0.4092339 0.9869583 -0.09799588 0.1277108 0.9869583 -0.09799588 0.1277107 0.7480807 0.4039789 -0.5264755 0.7480807 0.4039788 -0.5264754 0.9406561 0.20659 -0.2692335 0.9406562 0.20659 -0.2692333 0.8566916 -0.1973992 0.4765639 0.8566917 -0.06732915 0.5114158 0.8566915 -0.06732926 0.5114162 0.9586398 -0.03715069 0.2821873 0.8566918 -0.1973991 0.4765634 0.9993994 -0.004523026 0.03435573 0.9760354 0.02840406 -0.2157499 0.9869584 -0.06160279 0.1487222 0.9869583 -0.06160279 0.1487222 0.9871529 -0.04796237 0.1524097 0.74808 0.08661839 -0.6579313 0.74808 0.2539521 -0.6130944 0.8902355 0.05945482 -0.4516036 0.7480806 0.2539516 -0.6130939 0.9406561 0.1298679 -0.313529 0.9388862 0.01389998 -0.3439468 0.9406561 0.1298679 -0.3135287 0.8566915 0.06732929 0.5114162 0.9586397 0.0371507 0.2821873 0.8566918 0.06732913 0.5114157 0.8566918 0.1973991 0.4765636 0.9871529 0.04796239 0.1524097 0.9993994 0.004523028 0.03435573 0.9760354 -0.02840407 -0.2157499 0.74808 -0.0866184 -0.6579312 0.8902355 -0.05945484 -0.4516036 0.7480801 -0.08661842 -0.6579311 0.9388862 -0.01389999 -0.3439469 0.8566918 0.1973991 0.4765634 0.9869583 0.06160279 0.1487222 0.9869584 0.06160279 0.1487222 0.7480805 -0.2539518 -0.6130938 0.9406562 -0.1298678 -0.3135288 0.74808 -0.2539518 -0.6130945 0.9406561 -0.129868 -0.313529 0.8566916 0.3140167 0.4092346 0.8566918 0.3140164 0.4092343 0.9869583 0.09799583 0.1277107 0.9406561 -0.20659 -0.2692335 0.9869583 0.09799584 0.1277107 0.9406562 -0.20659 -0.2692332 0.7480798 -0.4039793 -0.5264763 0.7480807 -0.403979 -0.5264754 0.8566917 0.4092344 0.3140167 0.8566917 0.4092346 0.3140167 0.9869584 0.1277107 0.09799587 0.9869583 0.1277107 0.09799583 0.74808 -0.526476 -0.4039793 0.9406562 -0.2692331 -0.2065899 0.7480798 -0.5264761 -0.4039795 0.9406561 -0.2692333 -0.2065899 0.8566917 0.4765636 0.1973991 0.9869583 0.1487222 0.06160277 0.8566918 0.4765635 0.1973991 0.9869584 0.1487222 0.06160278 0.7480805 -0.6130939 -0.2539516 0.7480801 -0.6130944 -0.253952 0.9406561 -0.3135288 -0.1298679 0.9406561 -0.3135288 -0.1298679 0.8566917 0.5114158 0.06732917 0.8566917 0.5114158 -0.06732917 0.8566917 0.5114158 0.06732918 0.9869583 0.1595986 0.02101155 0.9869584 0.1595986 0.02101154 0.9406562 -0.3364578 -0.0442955 0.7480801 -0.6579312 -0.08661839 0.7480801 -0.6579312 0.08661839 0.9406561 -0.3364579 -0.04429549 0.7480805 -0.6579309 -0.08661821 0.8566917 0.5114157 -0.06732917 0.9869584 0.1595986 -0.02101153 0.9406561 -0.3364579 0.04429549 0.9869583 0.1595986 -0.02101156 0.7480805 -0.6579309 0.08661821 0.9406561 -0.3364579 0.0442955 0.8566917 0.4765636 -0.1973991 0.9869583 0.1487222 -0.06160277 0.8566918 0.4765636 -0.1973991 0.9869584 0.1487222 -0.06160277 0.74808 -0.6130944 0.2539518 0.7480805 -0.6130939 0.2539518 0.9406561 -0.3135289 0.1298679 0.9406561 -0.3135288 0.1298679 0.8566916 0.4092346 -0.3140168 0.8566917 0.4092344 -0.3140166 0.9869583 0.1277107 -0.09799585 0.9869583 0.1277107 -0.09799585 0.7480798 -0.5264762 0.4039794 0.74808 -0.526476 0.4039794 0.9406561 -0.2692333 0.20659 0.9406562 -0.2692332 0.2065898 0.8566919 0.3140165 -0.4092343 0.8566916 0.3140166 -0.4092346 0.9869583 0.09799584 -0.1277107 0.9869583 0.09799584 -0.1277107 0.7480806 -0.4039787 0.5264755 0.7480806 -0.2539518 0.6130937 0.7480799 -0.4039796 0.5264761 0.9406562 -0.20659 0.2692332 0.9406561 -0.20659 0.2692335 0.8566915 0.06732929 -0.5114162 0.9586397 0.0371507 -0.2821873 0.8566918 0.1973991 -0.4765636 0.8566917 0.06732913 -0.5114158 0.8566918 0.1973991 -0.4765634 0.9993994 0.004523028 -0.03435573 0.9760354 -0.02840407 0.2157499 0.9869584 0.06160279 -0.1487222 0.9406561 -0.129868 0.313529 0.9869583 0.06160279 -0.1487222 0.9871529 0.04796239 -0.1524097 0.8902355 -0.05945485 0.4516036 0.9388862 -0.01389999 0.3439469 0.7480801 -0.08661842 0.6579311 0.74808 -0.0866184 0.6579312 0.9406562 -0.1298678 0.3135288 0.74808 -0.2539518 0.6130945 1 0 0 1 0 0 1 0 -0 1 0 -0 1 0 0 1 0 0 1 0 0 1 0 0 1 0 -0 1 0 0 1 0 0 1 0 0 1 0 0 1 0 0 1 0 0 1 0 -0 1 0 0 1 0 0 1 0 0 1 0 -0 1 0 0 1 0 0 1 0 -0 1 0 -0 1 0 0 1 0 0 1 0 0 1 0 0 1 0 -0 1 0 0 1 0 0 1 0 0 1 0 0 1 0 -0 1 0 0 1 0 0 1 0 0 1 0 0 1 0 0 1 0 0 1 0 0 1 0 -0 1 0 0 1 0 0 1 0 0 1 0 0 1 0 0 1 0 0 1 0 0 1 0 0 1 0 -0 1 0 0 1 0 0 1 0 0 1 0 0 1 0 -0 1 0 0 1 0 0 1 0 0 1 0 0 1 0 -0 1 0 0 1 0 0 1 0 0 1 0 0 1 0 0 1 0 0 1 0 0 1 0 0 1 0 0 1 0 0 1 0 0 1 0 0 1 0 0 1 0 0 1 0 0 1 0 -0 1 0 0 1 0 0 1 0 0 1 0 -0 1 0 0 1 0 0 1 0 0 1 0 0 1 0 0 1 0 0 1 0 0 1 0 0 1 0 -0 1 0 0 1 0 0 1 0 0 1 0 -0 1 0 0 1 0 0 1 0 0 1 0 -0 1 0 0 1 0 0 1 0 0 1 0 0 1 0 -0 1 0 0 1 0 0 1 0 0 1 0 0 1 0 0 1 0 0 1 0 -0 1 0 -0 1 0 -0 1 0 -0 1 0 0 1 0 0 1 0 0 1 0 0 1 0 0 1 0 -0 1 0 0 1 0 -0 1 0 0 1 0 0 1 0 0 1 0 0 1 0 0 1 0 0 1 0 0 1 0 -0 1 0 -0 1 0 -0 1 0 0 1 0 0 1 0 0 1 0 0 1 0 0 1 0 -0 1 0 0 1 0 -0 1 0 0 1 0 0 1 0 -0 1 0 0 1 0 0 1 0 0 1 0 0 1 0 0 1 0 0 1 0 0 1 0 0 -8.477092e-08 -0.5877854 0.8090169 -8.477092e-08 -0.5877854 0.8090169 -8.477095e-09 -0.3090168 0.9510566 -1.271564e-08 -0.3090167 0.9510566 0 0 1 -0 0 1 -1.78019e-07 0.3090168 0.9510566 -6.357816e-08 0.3090165 0.9510567 3.051756e-07 0.587786 0.8090165 3.051756e-07 0.587786 0.8090165 -5.764423e-07 0.8090169 0.5877854 -5.764423e-07 0.8090169 0.5877854 -2.6279e-07 0.9510568 0.309016 4.323317e-07 0.9510563 0.3090175 0 1 0 -0 1 0 2.6279e-07 0.9510568 -0.309016 -4.323317e-07 0.9510563 -0.3090175 -4.069004e-07 0.8090169 -0.5877854 -4.153775e-07 0.8090169 -0.5877854 0 0.5877851 -0.8090171 -1.695418e-08 0.5877852 -0.8090171 1.78019e-07 0.3090168 -0.9510566 1.737804e-07 0.3090168 -0.9510566 0 0 -1 0 0 -1 8.477095e-09 -0.3090168 -0.9510566 1.271564e-08 -0.3090167 -0.9510566 1.695419e-07 -0.5877855 -0.8090168 1.610648e-07 -0.5877855 -0.8090168 1.695419e-08 -0.8090172 -0.5877851 1.695419e-08 -0.8090172 -0.5877851 1.695419e-08 -0.9510565 -0.3090169 2.119273e-08 -0.9510565 -0.3090169 0 -1 0 0 -1 0 -1.695419e-08 -0.9510565 0.3090169 -2.119273e-08 -0.9510565 0.3090169 3.390837e-08 -0.8090171 0.5877852 3.390837e-08 -0.8090171 0.5877852 0.28493 -0.1251155 -0.9503478 0.2849297 -0.1251155 -0.9503479 0.7027752 -0.09285787 -0.7053258 0.5086887 -0.1123767 -0.8535849 0.7027771 -0.09285777 -0.7053239 0.508693 -0.1123761 -0.8535825 0.284928 -0.3668209 -0.8855837 0.2849307 -0.3668205 -0.885583 0.7027758 -0.2722453 -0.6572585 0.5086924 -0.3294706 -0.7954125 0.5086926 -0.3294706 -0.7954125 0.7027761 -0.2722452 -0.6572582 0.2849298 -0.5835274 -0.7604674 0.2849291 -0.5835276 -0.7604676 0.7027729 -0.4330814 -0.564403 0.5086938 -0.5241116 -0.6830356 0.7027752 -0.4330802 -0.5644011 0.5086902 -0.5241131 -0.6830371 0.2849315 -0.7604671 -0.5835271 0.2849318 -0.8855828 -0.3668202 0.2849304 -0.7604674 -0.5835273 0.702777 -0.5643998 -0.433079 0.5086862 -0.6830391 -0.5241144 0.5086901 -0.6830372 -0.5241132 0.7027721 -0.5644032 -0.4330822 0.2849243 -0.9503495 -0.1251158 0.2849251 -0.8855844 -0.3668214 0.5086864 -0.7954158 -0.3294723 0.7027747 -0.6572595 -0.2722456 0.5086964 -0.7954105 -0.3294693 0.7027769 -0.6572576 -0.2722446 0.2849249 -0.9503493 0.1251158 0.284925 -0.9503493 -0.1251157 0.7027771 -0.7053239 -0.0928576 0.5086929 -0.8535825 -0.1123761 0.5086972 -0.8535799 -0.1123761 0.7027748 -0.7053262 -0.09285811 0.2849242 -0.9503495 0.1251158 0.7027747 -0.7053263 0.09285791 0.7027746 -0.6572595 0.2722456 0.7027771 -0.7053239 0.09285779 0.5086929 -0.8535825 0.1123764 0.5086972 -0.8535799 0.1123758 0.284932 -0.8855827 0.3668202 0.284925 -0.8855844 0.3668214 0.5086967 -0.7954101 0.3294699 0.5086865 -0.795416 0.3294716 0.7027769 -0.6572576 0.2722446 0.2849297 -0.7604675 0.5835274 0.2849304 -0.5835273 0.7604674 0.2849316 -0.7604671 0.583527 0.7027769 -0.5643996 0.4330793 0.5086898 -0.6830374 0.5241132 0.7027721 -0.5644035 0.4330819 0.5086867 -0.6830387 0.5241144 0.2849287 -0.5835277 0.7604676 0.5086934 -0.524112 0.6830357 0.7027729 -0.4330815 0.5644029 0.7027752 -0.43308 0.5644012 0.5086901 -0.524113 0.6830374 0.284931 -0.3668205 0.8855829 0.2849297 -0.1251155 0.9503479 0.28493 -0.1251155 0.9503478 0.2849281 -0.3668207 0.8855837 0.7027761 -0.2722452 0.6572583 0.7027752 -0.09285786 0.7053257 0.7027758 -0.2722453 0.6572584 0.508693 -0.1123761 0.8535825 0.5086922 -0.3294707 0.7954127 0.5086887 -0.1123767 0.8535849 0.7027771 -0.09285777 0.7053239 0.5086926 -0.3294706 0.7954124 0.28493 0.1251156 -0.9503478 0.7027771 0.09285763 -0.705324 0.28493 0.1251156 0.9503478 0.5086888 0.1123765 0.8535849 0.2849289 0.1251156 0.9503481 0.7027748 0.09285792 0.7053261 0.7027771 0.09285781 0.7053239 0.508693 0.1123764 0.8535824 0.2849262 0.3668211 0.8855842 0.2849288 0.3668207 0.8855835 0.702777 0.272245 0.6572574 0.5086911 0.3294709 0.7954133 0.702775 0.2722455 0.6572592 0.5086925 0.3294705 0.7954125 0.2849306 0.5835271 0.7604675 0.2849304 0.7604674 0.5835271 0.2849259 0.5835281 0.7604683 0.7027755 0.4330799 0.5644009 0.7027756 0.5644008 0.43308 0.5086898 0.5241132 0.6830373 0.7027769 0.4330792 0.5643997 0.5086913 0.5241126 0.6830367 0.2849313 0.7604672 0.5835269 0.50869 0.6830373 0.524113 0.7027758 0.5644006 0.4330799 0.5086885 0.683038 0.5241136 0.2849311 0.8855829 0.3668205 0.2849306 0.9503477 0.1251156 0.2849318 0.8855827 0.3668204 0.7027754 0.6572588 0.2722455 0.7027756 0.6572586 0.2722454 0.5086901 0.7954137 0.3294712 0.5086883 0.7954148 0.3294715 0.28493 0.9503478 -0.1251156 0.28493 0.9503478 0.1251157 0.50869 0.8535842 0.1123765 0.7027757 0.7053252 0.09285783 0.7027757 0.7053254 -0.09285785 0.7027755 0.7053255 0.0928579 0.5086898 0.8535843 0.1123765 0.2849309 0.8855829 -0.3668205 0.2849306 0.9503476 -0.1251156 0.5086898 0.8535843 -0.1123765 0.7027755 0.7053255 -0.0928579 0.5086901 0.8535842 -0.1123765 0.2849317 0.8855827 -0.3668204 0.5086883 0.7954147 -0.3294716 0.7027756 0.6572586 -0.2722454 0.7027754 0.6572589 -0.2722455 0.50869 0.7954139 -0.3294711 0.2849306 0.7604674 -0.5835271 0.2849315 0.7604672 -0.5835269 0.5086902 0.6830373 -0.5241129 0.7027756 0.5644008 -0.43308 0.5086883 0.6830381 -0.5241137 0.7027758 0.5644006 -0.4330799 0.2849304 0.5835273 -0.7604673 0.2849254 0.583528 -0.7604687 0.7027755 0.43308 -0.5644007 0.5086908 0.5241128 -0.6830368 0.7027769 0.4330791 -0.5643997 0.5086901 0.5241131 -0.6830373 0.508691 0.3294709 -0.7954134 0.2849261 0.366821 -0.8855842 0.2849288 0.3668208 -0.8855835 0.284929 0.1251156 -0.9503481 0.5086887 0.1123768 -0.8535849 0.7027769 0.2722448 -0.6572574 0.702775 0.2722457 -0.6572592 0.5086929 0.1123762 -0.8535826 0.5086925 0.3294705 -0.7954125 0.7027747 0.09285811 -0.7053262 0 0.1305263 -0.9914448 0 0.1305263 -0.9914448 0 0.3826833 -0.9238796 0 0.6087614 -0.7933533 0 0.3826833 -0.9238796 0 0.6087614 -0.7933533 0 0.7933532 -0.6087616 0 0.7933532 -0.6087616 0 0.9238796 -0.3826833 0 0.9238796 -0.3826833 1.112931e-15 0.9914449 -0.130526 -1.112931e-15 0.9914449 0.130526 0 0.9914449 -0.130526 0 0.9914449 0.130526 0 0.9238796 0.3826833 0 0.9238796 0.3826833 0 0.7933532 0.6087616 0 0.7933532 0.6087616 0 0.6087614 0.7933533 0 0.3826833 0.9238796 0 0.6087614 0.7933533 0 0.3826833 0.9238796 0 0.1305263 0.9914448 0 0.1305263 0.9914448 0 -0.1305263 0.9914448 0 -0.1305263 0.9914448 0 -0.3826833 0.9238796 0 -0.3826833 0.9238796 0 -0.6087615 0.7933533 0 -0.6087615 0.7933533 0 -0.7933533 0.6087614 0 -0.9238796 0.3826834 0 -0.7933533 0.6087614 0 -0.9238796 0.3826834 1.112933e-15 -0.9914448 0.1305262 -1.112933e-15 -0.9914448 -0.1305262 0 -0.9914448 0.1305262 -0 -0.9914448 -0.1305262 -0 -0.9238796 -0.3826834 0 -0.9238796 -0.3826834 -0 -0.7933533 -0.6087614 0 -0.7933533 -0.6087614 -0 -0.6087615 -0.7933533 0 -0.6087615 -0.7933533 -0 -0.3826833 -0.9238796 0 -0.3826833 -0.9238796 -0 -0.1305263 -0.9914448 0 -0.1305263 -0.9914448 0.141504 -0.1292126 0.9814686 0.09196861 -0.1483978 0.984642 0.04269747 -0.1304071 0.9905407 0.09241553 -0.1480632 0.9846506 0.09220976 -0.606168 0.7899732 0.09220991 -0.3810531 0.9199434 0.09220997 -0.3810532 0.9199434 0.09221005 -0.6061678 0.7899734 0.09221011 -0.7899732 0.606168 0.09221005 -0.7899732 0.606168 0.09220977 -0.9872209 0.12997 0.09220979 -0.9199435 0.3810529 0.09221011 -0.9199436 0.3810526 0.09221011 -0.9872209 -0.12997 0.09221011 -0.9872209 0.1299704 0.09220978 -0.9872209 -0.1299704 0.09221011 -0.9199435 -0.3810529 0.09220979 -0.9199436 -0.3810526 0.09221004 -0.606168 -0.7899732 0.09221004 -0.7899732 -0.606168 0.09221011 -0.7899732 -0.606168 0.09220976 -0.6061678 -0.7899734 0.09220996 -0.3810531 -0.9199434 0.0922099 -0.3810532 -0.9199434 0.141504 -0.1292127 -0.9814686 0.09241553 -0.1480632 -0.9846506 0.09196859 -0.1483978 -0.984642 0.04269748 -0.1304071 -0.9905407 0.141504 0.1292127 -0.9814686 0.09196859 0.1483979 -0.984642 0.04269746 0.1304071 -0.9905407 0.09241557 0.1480632 -0.9846506 0.09221011 0.3810531 -0.9199434 0.09221008 0.3810531 -0.9199434 0.09221004 0.7899733 -0.6061679 0.09221003 0.6061678 -0.7899734 0.09221011 0.6061679 -0.7899733 0.09221001 0.7899733 -0.6061679 0.09220992 0.9872209 -0.1299701 0.09220991 0.9199434 -0.3810531 0.09220998 0.9199435 -0.381053 0.09220996 0.9872209 0.1299701 0.09220996 0.9872209 -0.1299701 0.09220992 0.9872209 0.1299701 0.09220998 0.9199434 0.3810531 0.09220992 0.9199435 0.381053 0.09221007 0.7899733 0.6061679 0.09220999 0.7899733 0.6061679 0.09221013 0.6061678 0.7899734 0.09221005 0.6061679 0.7899733 0.09221008 0.3810531 0.9199434 0.09221011 0.3810531 0.9199434 0.141504 0.1292127 0.9814686 0.09241557 0.1480632 0.9846506 0.0919686 0.1483979 0.984642 0.04269749 0.1304071 0.9905407 -1 0 -0 -1 0 0 -1 0 -0 -1 0 0 -1 0 0 -1 0 0 -1 -0 0 -1 0 0 -1 0 -0 -1 0 -0 -1 0 -0 -1 0 0 -1 -0 0 -1 0 -0 -1 0 0 -1 0 0 -1 0 -0 -1 0 -0 -1 0 0 -1 0 -0 -1 0 0 -1 0 0 -1 0 0 -1 0 -0 -1 0 -0 -1 0 -0 -1 -0 0 -1 0 0 -1 0 -0 -1 0 0 -1 0 0 -1 0 -0 -1 0 -0 -1 0 -0 -1 0 0 -1 0 -0 -1 0 -0 -1 0 -0 -1 0 0 -1 0 -0 -1 0 -0 -1 -0 0 -1 0 -0 -1 -0 -0 -1 0 0 -1 0 0 -1 0 0 -1 -0 -0 -1 0 -0 -1 0 0 -1 -0 0 -1 0 -0 -1 0 0 -1 0 -0 -1 -0 -0 -1 -0 0 -1 0 0 -1 0 -0 -1 0 0 -1 -0 -0 -1 -0 -0 -1 0 -0 -1 0 0 -1 -0 -0 -1 0 0 -1 0 0 -1 0 0 -1 0 0 -1 -0 -0 -1 -0 -0 -1 -0 -0 -1 0 -0 -1 0 0 -1 0 -0 -1 0 0 -1 0 0 -1 -0 0 -1 0 0 -1 -0 -0 -1 -0 -0 -1 -0 -0 -1 0 0 -1 0 0 -1 -0 -0 -1 0 -0 -1 0 -0 -1 0 0 -1 0 0 -1 0 0 -1 -0 -0 -1 -0 0 -1 0 -0 -1 0 -0 -1 -0 0 -1 -0 -0 -1 0 0 -1 -0 -0 -1 0 -0 -1 0 0 -1 0 0 -1 0 0 -1 0 0 -1 -0 -0 -1 0 0 -1 -0 -0 -1 0 -0 -1 0 0 -1 0 0 -1 0 0 -1 0 0 -1 0 -0 -1 -0 0 -1 0 0 -1 -0 0 -1 -0 0 -1 0 0 -1 0 0 -1 0 -0 -1 0 0 -1 0 0 -1 0 0 -1 0 -0 -1 0 0 -1 -0 0 -1 0 -0 -1 -0 0 -1 0 0 -1 -0 0 -1 0 0 -1 0 0 -1 0 0 -1 0 -0 -1 -0 0 -1 0 0 -1 -0 0 -1 0 0 -1 0 0 -1 -0 0 -1 0 0 -1 0 0 -1 0 -0 -1 0 0 -1 0 0 -1 0 0 -1 0 0 -1 0 0 -1 0 0 -1 0 0 -1 0 0 -1 0 0 -0.04269739 -0.1304071 0.9905407 -0.09196861 -0.1483979 0.984642 -0.1415042 -0.1292126 0.9814686 -0.09241553 -0.1480632 0.9846506 -0.09220991 -0.3810532 0.9199434 -0.09220996 -0.3810531 0.9199434 -0.09221005 -0.7899732 0.606168 -0.09221005 -0.6061678 0.7899734 -0.09220976 -0.606168 0.7899732 -0.09221011 -0.7899732 0.606168 -0.09220979 -0.9199436 0.3810526 -0.09221011 -0.9199435 0.3810529 -0.09221011 -0.9872209 0.1299704 -0.09220977 -0.9872209 0.12997 -0.09220978 -0.9872209 -0.1299704 -0.09221011 -0.9872209 -0.12997 -0.0922101 -0.9199436 -0.3810526 -0.09220979 -0.9199435 -0.3810529 -0.09221002 -0.7899732 -0.606168 -0.09221011 -0.7899732 -0.606168 -0.09220976 -0.6061678 -0.7899734 -0.09221004 -0.606168 -0.7899732 -0.09220995 -0.3810532 -0.9199434 -0.0922099 -0.3810531 -0.9199434 -0.0426974 -0.1304071 -0.9905407 -0.09241725 -0.1482265 -0.9846259 -0.09197543 -0.1479084 -0.984715 -0.1415043 -0.1292126 -0.9814686 -0.04269739 0.1304071 -0.9905407 -0.09197542 0.1479084 -0.984715 -0.1415042 0.1292127 -0.9814686 -0.09241729 0.1482265 -0.9846258 -0.09221011 0.3810531 -0.9199434 -0.09221008 0.3810531 -0.9199434 -0.09221005 0.6061679 -0.7899733 -0.09221011 0.6061678 -0.7899734 -0.09221001 0.7899733 -0.6061679 -0.09221004 0.7899733 -0.6061679 -0.09220994 0.9199435 -0.381053 -0.09220997 0.9199434 -0.3810531 -0.09220996 0.9872209 -0.1299701 -0.09220992 0.9872209 -0.1299701 -0.09220992 0.9872209 0.1299701 -0.09220996 0.9872209 0.1299701 -0.09220998 0.9199435 0.381053 -0.09220992 0.9199434 0.3810531 -0.09221005 0.7899733 0.6061679 -0.09220999 0.7899733 0.6061679 -0.09221013 0.6061679 0.7899733 -0.09221004 0.6061678 0.7899734 -0.09221008 0.3810531 0.9199434 -0.09221011 0.3810531 0.9199434 -0.04269742 0.1304071 0.9905407 -0.09241728 0.1482265 0.9846258 -0.09197542 0.1479084 0.984715 -0.1415042 0.1292127 0.9814686 1.073068e-07 -0.9510565 0.3090169 1.13227e-07 -0.9510565 0.3090169 2.114939e-07 -0.9510565 0.3090169 -0.2767141 -0.2969506 -0.9139199 0.08771252 -0.0138268 0.9960499 0.1019742 -0.0414122 0.9939247 0.1302965 -0.06876075 0.9890879 0.07492383 -0.2134264 0.9740819 0.1199964 -0.06216685 0.990826 0.1154861 -0.0651026 0.9911734 0.1434005 -0.05917451 0.9878941 0.4080871 -0.1191629 0.9051327 0.1165204 -0.2394768 0.9638848 0.131914 -0.2129635 0.9681143 0.1727026 -0.1834331 0.9677428 0.1137954 -0.2825668 0.9524739 0.07492234 -0.5039886 0.8604546 0.1361497 -0.3369953 0.9316102 0.1245332 -0.3505499 0.9282275 0.3826236 -0.3535629 0.8535762 0.1195557 -0.5271457 0.8413226 0.1254666 -0.4927165 0.8610972 0.1529321 -0.4556745 0.8769107 0.1304989 -0.5619026 0.8168449 0.07492254 -0.7452164 0.6626003 0.1551417 -0.588482 0.7934861 0.1245334 -0.6202304 0.7744712 0.1430048 -0.752435 0.6429551 0.1389477 -0.6949522 0.7055033 0.274978 -0.585294 0.76277 0.1820616 -0.7803434 0.5982623 0.07492232 -0.9134976 0.3998861 0.1245333 -0.8291991 0.5449041 0.1569968 -0.783515 0.6012123 0.1655953 -0.7795395 0.6040666 0.115632 -0.8358725 0.5366064 0.1559285 -0.9206775 0.3578258 0.2153541 -0.9024803 0.3730308 0.1301048 -0.9347671 0.3305801 0.1117385 -0.9584679 0.2624001 0.1468627 -0.9242718 0.3523535 0.2212073 -0.9009922 0.3732032 0.07492267 -0.9923594 0.0980279 0.116813 -0.96456 0.2365983 0.1431179 -0.9866509 0.07769941 0.1938977 -0.9758514 0.1005872 0.1136632 -0.9931896 0.02559354 0.1277509 -0.9898353 0.06249651 0.3588919 -0.9253939 0.1218304 0.07492287 -0.9740822 -0.2134257 0.1245335 -0.9911226 -0.04655425 0.1187412 -0.991484 -0.0534793 0.131914 -0.9681141 -0.212964 0.1727031 -0.9677427 -0.1834331 0.1137956 -0.9524738 -0.2825673 0.4080874 -0.9051326 -0.119163 0.1165206 -0.9638847 -0.2394769 0.07492251 -0.860455 -0.5039879 0.1361496 -0.9316102 -0.3369952 0.1245335 -0.9282277 -0.3505495 0.3826233 -0.8535764 -0.3535629 0.1195556 -0.8413232 -0.527145 0.1254664 -0.8610976 -0.4927162 0.1529316 -0.8769109 -0.4556745 0.1304991 -0.8168446 -0.561903 0.0749226 -0.6626002 -0.7452165 0.1551416 -0.793486 -0.588482 0.1245334 -0.7744712 -0.6202304 0.2749778 -0.76277 -0.5852941 0.1430053 -0.6429538 -0.7524361 0.138948 -0.7055036 -0.694952 0.1820617 -0.5982621 -0.7803435 0.07492141 -0.399886 -0.9134977 0.124533 -0.5449038 -0.8291992 0.1569969 -0.6012123 -0.783515 0.1655953 -0.6040666 -0.7795394 0.115632 -0.5366064 -0.8358724 0.1468622 -0.3523532 -0.924272 0.221207 -0.3732032 -0.9009922 0.1559282 -0.3578257 -0.9206775 0.2153548 -0.3730309 -0.9024801 0.1301051 -0.3305808 -0.9347668 0.1117383 -0.2623996 -0.958468 0.07919871 -0.1117555 -0.9905747 0.1168128 -0.2365984 -0.96456 0.1154432 -0.06690437 -0.9910583 0.1220662 -0.06340823 -0.9904944 0.08769893 -0.02238056 -0.9958956 0.1155037 -0.06273321 -0.9913241 0.1430973 -0.07773256 -0.9866513 0.358892 -0.1218304 -0.9253939 0.1432174 -0.07774406 -0.9866329 0.1938958 -0.1005868 -0.9758518 0.2767145 0.5648316 0.7774281 -3.136552e-07 -0.8090172 0.5877849 1.455824e-07 -0.8090168 0.5877854 -1.409959e-08 -0.8090169 0.5877854 -0.2767139 -0.5648342 -0.7774262 0.2767142 0.7774306 0.5648283 -1.485735e-07 -0.5877858 0.8090166 6.470329e-07 -0.5877851 0.8090172 -3.806889e-07 -0.5877854 0.8090169 -0.2767141 -0.7774259 -0.5648347 0.2767141 0.9139167 0.2969606 8.254092e-08 -0.3090164 0.9510567 -2.102858e-07 -0.3090168 0.9510566 -1.550955e-07 -0.3090168 0.9510566 -0.2767145 -0.9139188 -0.2969538 0.2767132 0.9609525 0 9.360978e-07 3.250812e-06 1 -2.612242e-06 -9.736108e-07 1 -0 0 1 -0.276714 -0.9609523 0 0.08771252 0.01382676 -0.9960499 0.1019742 0.0414122 -0.9939247 0.1302966 0.06876075 -0.9890879 0.07492391 0.2134261 -0.9740819 0.1199964 0.0621668 -0.990826 0.1154861 0.06510255 -0.9911733 0.1434005 0.05917447 -0.9878941 0.4080872 0.1191629 -0.9051326 0.1165206 0.2394766 -0.9638848 0.131914 0.2129635 -0.9681143 0.1727026 0.1834331 -0.9677428 0.1137956 0.2825671 -0.9524738 0.07492234 0.5039886 -0.8604546 0.1361497 0.3369953 -0.9316102 0.1245332 0.3505499 -0.9282275 0.3826241 0.3535629 -0.853576 0.125467 0.492716 -0.8610976 0.1529317 0.455675 -0.8769105 0.119556 0.5271459 -0.8413224 0.1304992 0.5619028 -0.8168446 0.07492031 0.7452163 -0.6626007 0.124533 0.6202307 -0.774471 0.1551417 0.5884818 -0.7934862 0.1430062 0.7524364 -0.6429532 0.1389489 0.6949525 -0.7055028 0.2749795 0.5852938 -0.7627696 0.1820593 0.7803435 -0.5982629 0.07492159 0.913498 -0.3998852 0.1245336 0.829199 -0.544904 0.1655954 0.7795396 -0.6040663 0.1569975 0.7835149 -0.6012123 0.1156322 0.8358726 -0.5366063 0.1559279 0.9206777 -0.3578256 0.2153561 0.9024796 -0.3730312 0.221207 0.9009921 -0.3732035 0.1301045 0.9347669 -0.3305806 0.1117381 0.9584677 -0.2624006 0.1468616 0.9242722 -0.3523529 0.07492575 0.9923593 -0.09802651 0.1168129 0.9645603 -0.2365972 0.1431171 0.9866511 -0.07769882 0.1938958 0.9758518 -0.1005868 0.1136633 0.9931896 -0.02559341 0.1277512 0.9898353 -0.06249697 0.3588904 0.9253945 -0.1218301 0.07492562 0.9740818 0.2134262 0.1245334 0.9911226 0.04655451 0.1187412 0.9914839 0.05347931 0.1319137 0.9681144 0.212963 0.1727021 0.967743 0.1834326 0.1137953 0.9524734 0.2825689 0.4080861 0.9051332 0.1191627 0.1165205 0.963885 0.2394756 0.07492509 0.8604541 0.503989 0.1361488 0.9316103 0.3369952 0.1245328 0.9282277 0.3505493 0.3826244 0.8535758 0.353563 0.1195554 0.8413234 0.5271446 0.1254656 0.861096 0.4927191 0.1529328 0.8769105 0.4556748 0.1304986 0.8168454 0.5619019 0.07492194 0.6626002 0.7452165 0.1551421 0.7934859 0.588482 0.1245339 0.7744712 0.6202304 0.2749787 0.7627698 0.585294 0.143006 0.6429533 0.7524363 0.1389489 0.7055034 0.694952 0.1820607 0.5982625 0.7803434 0.07492221 0.3998859 0.9134976 0.1245336 0.5449038 0.8291992 0.1569974 0.6012121 0.7835149 0.1655957 0.6040664 0.7795395 0.1156322 0.5366061 0.8358726 0.1468625 0.3523534 0.9242718 0.2212073 0.3732033 0.900992 0.1559278 0.3578255 0.9206777 0.215356 0.373031 0.9024796 0.130105 0.3305804 0.9347669 0.1117383 0.2623993 0.9584681 0.07919888 0.1117553 0.9905747 0.1168126 0.2365984 0.96456 0.1154432 0.06690437 0.9910583 0.1220662 0.06340823 0.9904944 0.08769893 0.02238056 0.9958956 0.1155037 0.06273321 0.9913241 0.1430972 0.07773252 0.9866513 0.358892 0.1218303 0.925394 0.1432174 0.07774401 0.986633 0.1938959 0.1005868 0.9758518 0.2767141 0.9139181 -0.2969565 -8.254092e-08 0.3090164 0.9510567 -8.087907e-08 0.3090165 0.9510567 8.45975e-08 0.3090166 0.9510567 -0.2767144 -0.9139214 0.2969461 0.2767128 0.7774162 -0.5648488 8.419181e-07 0.5877867 0.8090159 -7.602639e-07 0.5877852 0.8090171 -8.882737e-07 0.5877851 0.8090171 -0.2767146 -0.7774258 0.5648347 0.2767142 0.5648395 -0.7774225 6.108027e-07 0.8090172 0.587785 6.470329e-07 0.8090172 0.5877851 -3.806889e-07 0.8090169 0.5877854 -0.2767145 -0.5648347 0.7774258 0.2767147 0.2969501 -0.91392 3.054013e-07 0.9510567 0.3090164 -1.908747e-06 0.9510559 0.3090189 1.501607e-06 0.9510564 0.3090177 -0.2767139 -0.2969512 0.9139197 0.2767141 0 -0.9609523 9.360978e-07 1 -3.250812e-06 -2.612242e-06 1 9.736103e-07 -0 1 0 -0.2767141 0 0.9609523 0.2767136 -0.2969471 -0.9139212 -1.980982e-07 0.9510567 -0.3090164 1.132308e-07 0.9510566 -0.3090167 2.319382e-06 0.9510564 -0.3090175 -0.2767142 0.2969497 0.9139202 0.2767142 -0.5648349 -0.7774257 6.273098e-07 0.8090163 -0.5877862 -3.882199e-07 0.8090169 -0.5877852 4.51187e-07 0.8090168 -0.5877855 -0.2767136 0.5648348 0.777426 0.2767157 -0.7774335 -0.5648234 2.641307e-07 0.5877857 -0.8090167 7.602639e-07 0.5877852 -0.8090171 -1.79065e-06 0.587786 -0.8090165 -0.2767137 0.7774301 0.5648292 0.2767141 -0.9139167 -0.2969606 -5.777873e-08 0.3090169 -0.9510565 1.941099e-07 0.3090166 -0.9510567 -1.550955e-07 0.3090168 -0.9510566 -0.2767145 0.9139188 0.2969538 0.2767132 -0.9609525 0 9.360978e-07 -3.250812e-06 -1 -2.612242e-06 9.736108e-07 -1 0 0 -1 -0.276714 0.9609523 0 0.2767141 -0.9139222 0.2969439 -8.254092e-08 -0.3090164 -0.9510567 2.102858e-07 -0.3090168 -0.9510566 1.550955e-07 -0.3090168 -0.9510566 -0.2767144 0.91392 -0.29695 0.2767142 -0.777429 0.5648303 1.650816e-08 -0.5877854 -0.8090169 0 -0.5877854 -0.8090169 4.51187e-07 -0.5877855 -0.8090168 -0.2767141 0.7774269 -0.5648333 0.2767142 -0.5648361 0.7774248 3.301636e-08 -0.809017 -0.5877852 1.132307e-07 -0.809017 -0.5877852 -3.806889e-07 -0.8090169 -0.5877854 -0.2767141 0.5648347 -0.7774259 0.2767141 -0.2969533 0.9139192 -3.301636e-08 -0.9510565 -0.309017 -4.85275e-08 -0.9510565 -0.309017 -2.537928e-07 -0.9510565 -0.3090171 -0.2767139 0.2969494 -0.9139204 0.2767141 0 0.9609522 1.05311e-06 -1 3.657163e-06 -2.938772e-06 -1 -1.095312e-06 0 -1 0 -0.2767141 -0 -0.9609523 0.2767141 0.2969501 0.91392 -0.7027715 -0.09285834 0.7053294 -0.7027715 -0.09285849 -0.7053294 -0.7027696 -0.09285858 -0.7053313 -0.2849266 -0.1251157 -0.9503488 -0.5086936 -0.1123761 -0.8535821 -0.284927 -0.1251156 -0.9503487 -0.5086979 -0.112376 -0.8535796 -0.7027704 -0.2722473 -0.6572634 -0.7027705 -0.2722473 -0.6572633 -0.284925 -0.3668212 -0.8855845 -0.2849268 -0.5835279 -0.7604681 -0.5086973 -0.3294695 -0.7954099 -0.5086975 -0.3294695 -0.7954098 -0.2849277 -0.3668208 -0.8855839 -0.7027674 -0.4330847 -0.5644072 -0.5086986 -0.5241099 -0.6830333 -0.7027696 -0.4330835 -0.5644054 -0.5086951 -0.5241113 -0.6830348 -0.2849274 -0.583528 -0.7604679 -0.7027713 -0.5644042 -0.4330824 -0.7027714 -0.6572626 -0.2722469 -0.7027666 -0.5644076 -0.4330856 -0.2849285 -0.7604678 -0.5835276 -0.5086949 -0.683035 -0.5241113 -0.2849274 -0.760468 -0.5835278 -0.5086915 -0.6830365 -0.5241127 -0.7027692 -0.7053317 -0.09285863 -0.5086912 -0.7954133 -0.3294705 -0.7027692 -0.6572646 -0.2722475 -0.284922 -0.8855855 -0.3668214 -0.5087014 -0.7954076 -0.3294689 -0.2849288 -0.8855833 -0.366821 -0.7027715 -0.7053293 -0.09285851 -0.2849219 -0.9503502 -0.1251159 -0.508702 -0.8535771 -0.1123754 -0.5086977 -0.8535796 -0.1123761 -0.2849212 -0.9503504 -0.1251159 -0.7027692 -0.7053317 0.09285863 -0.7027715 -0.7053293 0.09285851 -0.2849212 -0.9503504 0.1251159 -0.2849219 -0.8855855 0.3668214 -0.2849219 -0.9503502 0.1251158 -0.5086978 -0.8535796 0.1123758 -0.5087021 -0.8535771 0.1123757 -0.7027714 -0.6572626 0.2722469 -0.7027692 -0.6572646 0.2722475 -0.5087016 -0.7954077 0.3294682 -0.5086914 -0.795413 0.3294711 -0.2849288 -0.8855833 0.366821 -0.5086916 -0.6830364 0.5241127 -0.7027667 -0.5644079 0.4330853 -0.7027714 -0.564404 0.4330827 -0.2849285 -0.7604678 0.5835276 -0.2849274 -0.760468 0.5835278 -0.5086946 -0.6830351 0.5241114 -0.7027674 -0.4330849 0.5644072 -0.7027697 -0.4330834 0.5644055 -0.5086949 -0.5241114 0.683035 -0.5086987 -0.5241099 0.6830333 -0.2849274 -0.583528 0.7604679 -0.284926 -0.5835281 0.7604683 -0.2849249 -0.3668212 0.8855845 -0.5086975 -0.3294695 0.7954098 -0.7027702 -0.2722474 0.6572635 -0.7027707 -0.2722473 0.6572632 -0.7027696 -0.09285874 0.7053313 -0.2849266 -0.1251157 0.9503488 -0.2849277 -0.3668208 0.8855839 -0.5086971 -0.3294696 0.79541 -0.5086978 -0.112376 0.8535796 -0.5086936 -0.1123761 0.8535821 -0.284927 -0.1251156 0.9503487 -0.7027715 0.09285852 0.7053294 -0.7027693 0.09285863 0.7053316 -0.2849259 0.1251158 0.950349 -0.5086937 0.1123761 0.853582 -0.284927 0.1251157 0.9503487 -0.5086979 0.1123761 0.8535795 -0.7027715 0.272247 0.6572623 -0.7027694 0.2722476 0.6572643 -0.2849231 0.3668214 0.885585 -0.2849224 0.5835286 0.7604694 -0.508696 0.3294697 0.7954107 -0.2849257 0.366821 0.8855844 -0.5086973 0.3294695 0.7954099 -0.7027703 0.4330831 0.564405 -0.7027699 0.5644051 0.4330834 -0.7027714 0.4330826 0.5644041 -0.5086948 0.5241113 0.683035 -0.2849274 0.5835279 0.760468 -0.5086961 0.5241109 0.6830344 -0.70277 0.6572637 0.2722475 -0.7027701 0.564405 0.4330833 -0.2849286 0.7604678 0.5835276 -0.5086934 0.6830357 0.5241119 -0.5086949 0.6830351 0.5241112 -0.2849273 0.7604681 0.5835277 -0.7027696 0.6572642 0.2722477 -0.2849279 0.8855838 0.3668208 -0.5086948 0.7954112 0.3294701 -0.2849288 0.8855835 0.3668208 -0.5086932 0.7954121 0.3294705 -0.7027701 0.7053308 0.09285858 -0.7027701 0.7053307 -0.09285856 -0.7027699 0.705331 0.09285862 -0.284927 0.9503487 0.1251158 -0.284927 0.9503486 -0.1251158 -0.5086949 0.8535814 0.1123761 -0.2849275 0.9503486 0.1251158 -0.5086947 0.8535814 0.1123762 -0.7027698 0.7053311 -0.09285863 -0.5086947 0.8535814 -0.1123762 -0.2849275 0.9503486 -0.1251158 -0.508695 0.8535812 -0.1123761 -0.70277 0.6572636 -0.2722475 -0.7027698 0.6572639 -0.2722476 -0.508693 0.7954122 -0.3294705 -0.2849288 0.8855835 -0.3668207 -0.2849279 0.8855837 -0.3668208 -0.5086949 0.7954112 -0.3294702 -0.70277 0.5644051 -0.4330834 -0.7027702 0.564405 -0.4330832 -0.5086948 0.683035 -0.5241113 -0.2849274 0.7604681 -0.5835278 -0.5086933 0.6830359 -0.5241118 -0.2849285 0.7604679 -0.5835274 -0.7027699 0.4330834 -0.5644051 -0.7027713 0.4330825 -0.5644042 -0.2849274 0.5835279 -0.760468 -0.5086963 0.5241109 -0.6830344 -0.2849229 0.5835284 -0.7604692 -0.5086949 0.5241113 -0.683035 -0.7027715 0.09285852 -0.7053294 -0.7027713 0.2722469 -0.6572626 -0.5086959 0.3294697 -0.7954107 -0.7027695 0.2722477 -0.6572641 -0.7027692 0.09285863 -0.7053317 -0.5086937 0.1123761 -0.853582 -0.284927 0.1251157 -0.9503487 -0.5086978 0.1123761 -0.8535796 -0.2849257 0.3668211 -0.8855843 -0.2849259 0.1251158 -0.950349 -0.2849231 0.3668213 -0.8855851 -0.5086971 0.3294696 -0.79541 1 0 0 1 0 -0 1 0 0 1 0 0 1 0 0 1 0 -0 1 0 0 1 0 0 1 0 0 1 0 -0 1 0 -0 1 0 0 1 0 0 1 0 0 1 0 -0 1 0 0 1 0 0 1 0 0 1 0 -0 1 0 0 1 0 0 1 0 0 1 0 -0 1 0 0 1 0 0 1 0 0 1 0 -0 1 0 0 1 0 0 1 0 0 1 0 0 1 0 -0 1 0 0 1 0 0 1 0 0 1 0 0 1 0 0 1 0 0 1 0 -0 1 0 0 1 0 0 1 0 -0 1 0 0 1 0 0 1 0 0 1 0 -0 1 0 0 1 0 0 -0.7480817 0.0866181 0.6579294 -0.8566915 -0.06732919 -0.5114162 -0.7480818 0.08661811 -0.6579294 -0.8566915 -0.06732918 0.5114161 -0.8902342 0.05945501 0.4516063 -0.9760362 0.02840356 0.2157467 -0.8256689 0.2158928 0.5212113 -0.8231964 0.04133623 0.5662497 -0.9993995 -0.004523021 -0.03435574 -0.9586406 -0.03715027 -0.2821842 -0.9159129 -0.07825892 -0.3936737 -0.9949462 -0.01653324 0.09903809 -0.8256689 0.2158929 0.5212113 -0.9149579 -0.1544316 -0.3728309 -0.9149579 -0.2456651 -0.3201572 -0.9957362 0.03530106 0.08522425 -0.9957362 0.03530106 0.08522424 -0.9149579 -0.1544317 -0.372831 -0.8256688 0.3434359 0.4475743 -0.8256688 0.4475742 0.3434361 -0.8256689 0.3434359 0.4475743 -0.9957362 0.05615582 0.07318366 -0.914958 -0.2456651 -0.3201572 -0.9957362 0.05615583 0.07318374 -0.8256687 0.4475744 0.3434361 -0.9149581 -0.320157 -0.245665 -0.9149579 -0.3201572 -0.245665 -0.9957363 0.07318368 0.05615576 -0.9957362 0.07318375 0.05615589 -0.8256684 0.5212118 0.2158931 -0.8256687 0.5212116 0.2158927 -0.9149579 -0.3728309 -0.1544315 -0.9149579 -0.4000968 -0.05267371 -0.914958 -0.3728306 -0.1544315 -0.9957362 0.08522427 0.03530103 -0.9957362 0.08522431 0.03530107 -0.8256691 0.5593283 0.07363653 -0.8256685 0.5593292 0.07363727 -0.9957362 0.09145689 0.01204056 -0.9149578 -0.400097 -0.05267382 -0.9149579 -0.400097 0.05267373 -0.9957361 0.09145692 0.01204054 -0.8256685 0.5593293 -0.07363667 -0.8256691 0.5593284 -0.07363715 -0.9957362 0.09145693 -0.01204056 -0.9957361 0.09145688 -0.01204054 -0.914958 -0.4000967 0.05267378 -0.8256687 0.5212114 -0.2158929 -0.8256685 0.5212119 -0.2158929 -0.914958 -0.3728306 0.1544314 -0.9957362 0.08522432 -0.03530104 -0.9957362 0.08522426 -0.03530104 -0.914958 -0.3728309 0.1544316 -0.8256688 0.4475743 -0.3434361 -0.8256687 0.4475744 -0.3434361 -0.9149579 -0.3201571 0.2456651 -0.9149581 -0.3201571 0.2456649 -0.9957362 0.07318378 -0.05615584 -0.9957362 0.07318363 -0.05615581 -0.8256688 0.3434359 -0.4475743 -0.9957362 0.05615582 -0.07318366 -0.8256689 0.3434359 -0.4475743 -0.9149579 -0.2456651 0.3201572 -0.9957362 0.05615583 -0.07318374 -0.914958 -0.2456651 0.3201572 -0.8256689 0.2158929 -0.5212113 -0.8256689 0.2158928 -0.5212113 -0.8902342 0.05945501 -0.4516063 -0.9760362 0.02840355 -0.2157467 -0.8231965 0.04133624 -0.5662497 -0.9159129 -0.07825892 0.3936737 -0.9149579 -0.1544317 0.3728311 -0.9149579 -0.1544317 0.3728308 -0.9957362 0.03530105 -0.08522424 -0.9949462 -0.01653324 -0.09903809 -0.9993995 -0.00452302 0.03435574 -0.9586406 -0.03715027 0.2821842 -0.9957362 0.03530106 -0.08522425 -0.7480818 -0.08661815 -0.6579293 -0.8566915 0.06732919 0.5114162 -0.7480818 -0.08661816 0.6579293 -0.8566915 0.06732918 -0.5114161 -0.8902342 -0.05945507 -0.4516063 -0.9760362 -0.02840358 -0.2157467 -0.8231965 -0.04133627 -0.5662498 -0.9949463 0.01653326 -0.09903811 -0.9993995 0.004523024 0.03435573 -0.9586407 0.0371503 0.2821842 -0.915913 0.07825892 0.3936736 -0.8256689 -0.2158929 -0.5212114 -0.8256688 -0.2158929 -0.5212114 -0.9149579 0.1544316 0.3728309 -0.9149579 0.2456652 0.3201571 -0.9957362 -0.03530104 -0.08522426 -0.914958 0.1544316 0.3728309 -0.9957362 -0.03530104 -0.08522426 -0.8256688 -0.3434358 -0.4475745 -0.8256689 -0.3434358 -0.4475743 -0.9957362 -0.05615584 -0.07318372 -0.9149579 0.2456652 0.3201572 -0.9957362 -0.05615584 -0.07318373 -0.8256688 -0.4475745 -0.343436 -0.8256687 -0.5212115 -0.2158927 -0.8256688 -0.4475744 -0.3434359 -0.9149579 0.3201571 0.2456652 -0.9149579 0.3201572 0.2456653 -0.9957362 -0.07318372 -0.05615584 -0.9957362 -0.07318371 -0.05615582 -0.8256689 -0.5212113 -0.2158928 -0.9149579 0.3728309 0.1544316 -0.9149579 0.3728309 0.1544316 -0.9149579 0.4000968 0.05267375 -0.9957362 -0.08522423 -0.03530103 -0.9957362 -0.08522424 -0.03530104 -0.8256688 -0.5593287 -0.07363708 -0.8256688 -0.5593287 -0.07363711 -0.9957362 -0.09145685 -0.01204052 -0.9957362 -0.09145689 -0.01204054 -0.9149579 0.4000968 0.05267373 -0.8256689 -0.5593287 0.07363711 -0.8256689 -0.5212114 0.2158927 -0.9957362 -0.09145689 0.01204053 -0.8256688 -0.5593287 0.07363708 -0.9149579 0.4000968 -0.05267375 -0.9149579 0.3728309 -0.1544316 -0.9149579 0.4000968 -0.05267373 -0.9957362 -0.09145685 0.01204052 -0.8256687 -0.5212116 0.2158929 -0.9957362 -0.08522423 0.03530102 -0.9957362 -0.08522424 0.03530104 -0.9149579 0.3201571 -0.2456652 -0.9149579 0.3728309 -0.1544316 -0.8256688 -0.4475744 0.3434359 -0.8256688 -0.3434358 0.4475745 -0.8256688 -0.4475745 0.343436 -0.9957362 -0.07318372 0.05615583 -0.9957362 -0.07318372 0.05615584 -0.9149579 0.3201572 -0.2456653 -0.8256689 -0.3434358 0.4475743 -0.9149579 0.2456652 -0.3201571 -0.9149579 0.2456652 -0.3201572 -0.9957362 -0.05615584 0.07318373 -0.9957362 -0.05615585 0.07318374 -0.8902342 -0.05945507 0.4516063 -0.9760362 -0.02840358 0.2157467 -0.8256688 -0.2158928 0.5212114 -0.8256688 -0.2158929 0.5212114 -0.8231965 -0.04133627 0.5662498 -0.9993995 0.004523023 -0.03435573 -0.9586407 0.0371503 -0.2821842 -0.915913 0.07825893 -0.3936736 -0.9149579 0.1544316 -0.3728308 -0.9149579 0.1544316 -0.3728309 -0.9957362 -0.03530104 0.08522425 -0.9957362 -0.03530104 0.08522425 -0.9949463 0.01653326 0.09903809 -2.48591e-05 0.1003081 -0.9949565 -0.3012531 0.1244626 -0.9453865 -0.4013405 0.3505107 -0.846208 0.2212343 0.2914184 -0.9306615 -0.4031669 0.5570937 -0.7260187 0.3910349 0.4689854 -0.7919246 -0.4039242 0.7257535 -0.5568905 0.3964161 0.6540176 -0.6442943 -0.404601 0.8448817 -0.3499613 0.3889328 0.7992624 -0.4581604 -0.1205938 0.9341494 -0.3358898 -0.2997145 0.9458671 -0.1245255 0.05608337 0.967501 -0.2465696 -0.2462787 0.9616225 -0.1209498 -0.3729937 0.9198961 0.1211064 0.2103818 0.9758148 0.05937163 -0.4035783 0.8452991 0.3501341 0.280253 0.9230748 0.2634219 -0.3707428 0.7368153 0.5653786 0.3055702 0.835812 0.4561196 -0.2569448 0.5883229 0.7667174 0.209285 0.7328306 0.6474249 0.03695052 0.5863459 0.8092176 -0.1895093 0.3757487 0.9071379 -0.03963738 0.3943089 0.9181227 -0.3996908 0.1196469 0.9088079 0.09621968 0.2179984 0.9711943 0 0.07353891 0.9972923 0 -0.1231964 0.9923823 -0.09390162 -0.1299495 0.9870641 -0.1880504 -0.3758559 0.907397 0.08733363 -0.359471 0.9290605 -0.2604403 -0.5877531 0.7659746 0.1747967 -0.5671648 0.8048418 0.0599754 -0.7052346 0.7064326 -0.4023973 -0.7262874 0.5572999 -0.1729235 -0.759567 0.6270211 -0.1905274 -0.9069558 0.3756734 0.1000737 -0.8395638 0.5339645 -0.00585478 -0.9298257 0.3679537 -0.2066931 -0.9700355 0.1277076 0.005759197 -0.988831 0.14893 -0.3158308 -0.9406983 -0.1238453 0.1808839 -0.9803557 -0.07863574 -0.3556653 -0.8634702 -0.357661 0.1372191 -0.9546999 -0.2640435 -0.1531435 -0.903571 -0.400133 -0.3817789 -0.7332597 -0.56265 0.1406487 -0.8229128 -0.5504837 -0.3861333 -0.5615478 -0.7318231 0.2424244 -0.6849062 -0.6871198 0.1369772 -0.549512 -0.8241807 -0.3265518 -0.3617043 -0.8732319 -0.1620319 -0.3941784 -0.9046375 -0.3712806 -0.1211963 -0.9205771 0.1597267 -0.2456692 -0.9561036 2.12504e-05 -0.08578128 -0.996314 -0.9898761 0.01852612 0.1407198 -0.7581156 0.08511885 -0.6465413 -0.758112 0.08511939 0.6465454 -0.7581156 0.08511873 0.6465412 -0.9102682 0.05404032 0.4104772 -0.9898762 0.01852604 0.1407193 -0.9102681 0.05404036 0.4104774 -0.7581102 0.249558 0.6024863 -0.7581081 0.396991 0.5173687 -0.7581115 0.2495574 0.6024848 -0.9898757 0.05431689 0.1311326 -0.9898755 0.08640654 0.1126072 -0.9102708 0.1584361 0.3824987 -0.9898762 0.05431563 0.1311294 -0.9102683 0.1584383 0.3825036 -0.7581047 0.3969933 0.5173718 -0.9102722 0.2520335 0.3284565 -0.9102687 0.2520381 0.3284628 -0.9898764 0.08640306 0.1126028 -0.7581143 0.5173628 0.3969867 -0.7581021 0.5173742 0.396995 -0.9898763 0.1126032 0.08640347 -0.9102679 0.3284639 0.2520391 -0.9898764 0.1126025 0.08640289 -0.9102687 0.3284625 0.2520381 -0.7581269 0.6024683 0.2495507 -0.7581142 0.6024821 0.249556 -0.9102678 0.3825046 0.1584384 -0.989876 0.131131 0.05431619 -0.9898759 0.140721 0.01852624 -0.9898762 0.1311291 0.05431537 -0.9102696 0.3825011 0.1584369 -0.7581156 0.6465413 0.08511828 -0.7581278 0.6465272 0.08511677 -0.9102699 0.4104734 0.05403977 -0.910266 0.4104818 0.05404103 -0.9898764 0.1407182 0.01852593 -0.7581277 0.6465274 -0.08511645 -0.9102661 0.4104817 -0.05404085 -0.7581154 0.6465414 -0.08511864 -0.9898759 0.140721 -0.01852624 -0.9898764 0.1407182 -0.01852593 -0.9102699 0.4104735 -0.05403994 -0.7581142 0.602482 -0.2495563 -0.7581269 0.6024685 -0.2495504 -0.9102679 0.3825044 -0.1584384 -0.9898763 0.1311291 -0.05431539 -0.989876 0.1311309 -0.0543161 -0.9102698 0.3825006 -0.1584367 -0.7581018 0.5173743 -0.3969956 -0.7581148 0.5173625 -0.3969861 -0.9102686 0.3284627 -0.2520382 -0.9898763 0.1126025 -0.08640292 -0.9898762 0.1126031 -0.08640341 -0.9102677 0.3284643 -0.2520395 -0.7581081 0.396991 -0.5173687 -0.7581047 0.3969933 -0.5173718 -0.9898763 0.08640315 -0.1126029 -0.9102725 0.2520332 -0.3284561 -0.9102684 0.2520384 -0.3284633 -0.9898755 0.08640654 -0.1126072 -0.7581115 0.2495574 -0.6024848 -0.7581096 0.2495582 -0.6024868 -0.758112 0.08511929 -0.6465454 -0.9102706 0.1584364 -0.3824989 -0.9102684 0.1584381 -0.3825033 -0.9102682 0.05404032 -0.4104772 -0.9898762 0.01852611 -0.1407199 -0.9898758 0.05431693 -0.1311326 -0.9102681 0.05404036 -0.4104774 -0.9898762 0.05431559 -0.1311295 -0.9898762 0.01852605 -0.1407193 -0.7581156 -0.08511886 -0.6465411 -0.9102682 -0.05404036 -0.4104773 -0.758112 -0.08511932 -0.6465454 -0.9898762 -0.01852612 -0.1407198 -0.9898762 -0.01852606 -0.1407193 -0.9102681 -0.05404038 -0.4104775 -0.7581142 -0.2495563 -0.602482 -0.7581111 -0.2495577 -0.6024853 -0.9898761 -0.0543159 -0.1311302 -0.9898761 -0.08640396 -0.1126038 -0.9102675 -0.1584389 -0.3825051 -0.9898762 -0.05431563 -0.1311295 -0.9102684 -0.1584381 -0.3825032 -0.7581173 -0.3969844 -0.5173603 -0.7581148 -0.3969861 -0.5173625 -0.9102661 -0.2520416 -0.3284671 -0.9898763 -0.08640309 -0.1126028 -0.9102675 -0.2520398 -0.3284649 -0.7581184 -0.5173591 -0.3969836 -0.7581179 -0.5173596 -0.396984 -0.9898763 -0.1126032 -0.08640347 -0.9898763 -0.1311291 -0.05431542 -0.9102663 -0.3284668 -0.2520414 -0.9898764 -0.1126025 -0.08640289 -0.9102653 -0.3284684 -0.2520426 -0.7581125 -0.6024837 -0.2495568 -0.7581186 -0.6024773 -0.2495543 -0.9898762 -0.1407193 -0.01852605 -0.9102677 -0.3825049 -0.1584388 -0.9102659 -0.3825085 -0.1584401 -0.9898762 -0.1311295 -0.0543156 -0.7581155 -0.6465412 -0.08511887 -0.7581155 -0.6465412 0.08511887 -0.7581123 -0.6465451 -0.08511928 -0.9102677 -0.4104782 -0.05404048 -0.9898762 -0.1407199 -0.01852612 -0.9102682 -0.4104773 -0.05404034 -0.7581123 -0.6465451 0.08511928 -0.9898762 -0.1407193 0.01852605 -0.9898762 -0.1407199 0.01852612 -0.9102681 -0.4104774 0.05404035 -0.9102678 -0.4104781 0.05404047 -0.7581189 -0.602477 0.249554 -0.7581122 -0.6024841 0.2495571 -0.9102675 -0.3825051 0.1584388 -0.910266 -0.3825083 0.1584401 -0.9898763 -0.1311291 0.05431542 -0.9898762 -0.1311295 0.0543156 -0.7581183 -0.5173593 0.3969837 -0.7581179 -0.5173596 0.396984 -0.9102653 -0.3284684 0.2520427 -0.9898763 -0.1126025 0.08640292 -0.9898762 -0.1126031 0.08640341 -0.9102662 -0.328467 0.2520416 -0.7581144 -0.3969864 0.517363 -0.7581173 -0.3969843 0.5173602 -0.9898763 -0.08640315 0.1126028 -0.9102673 -0.25204 0.328465 -0.9102659 -0.2520419 0.3284675 -0.9898761 -0.08640396 0.1126038 -0.7581136 -0.2495566 0.6024826 -0.7581115 -0.2495574 0.6024848 -0.758112 -0.08511943 0.6465454 -0.7581154 -0.08511879 0.6465414 -0.9102675 -0.1584389 0.3825053 -0.9102684 -0.1584381 0.3825032 -0.989876 -0.05431595 0.1311303 -0.9102681 -0.05404036 0.4104773 -0.9102681 -0.05404039 0.4104774 -0.9898762 -0.01852612 0.1407198 -0.9898762 -0.05431562 0.1311295 -0.9898762 -0.01852606 0.1407193 0.2887811 0.07039805 0.9548034 0.4633945 0.664103 0.5867136 0.2881755 0.0960448 -0.9527488 0.7116192 0.09170316 0.6965549 0.7033823 0.0887702 0.7052469 0.5121571 0.06315835 0.8565665 0.2888047 0.07040124 0.954796 0.7034528 0.09790989 0.7039658 0.6324831 0.5937321 0.4974408 0.2094484 0.2141538 0.9540805 0.2890877 0.1944074 0.9373548 0.5051628 0.3887822 0.7704927 0.5125629 0.1743731 0.8407576 0.7215755 0.2649455 0.6396348 0.5430969 0.3018204 0.7835497 0.2879492 0.3778971 0.8799313 0.2879812 0.561885 0.7754689 0.3943975 0.8821955 0.2572584 0.5095129 0.3173277 0.7998123 0.6766277 0.4482465 0.5841661 0.2880076 0.5618826 0.7754609 0.2722824 0.8571677 0.4371794 0.6019672 0.4685273 0.6466202 0.704522 0.5630288 0.432027 0.2851483 0.6694617 0.6859384 0.7031921 0.5647253 0.4319794 0.512799 0.7234328 0.4622576 0.009688172 0.8777583 0.4790058 0.2893667 0.8066117 0.515407 0.7126802 0.6480912 0.2684485 0.7034334 0.6547835 0.2764778 0.5122803 0.7716087 0.3770796 0.2890156 0.8601118 0.4203305 0.7034654 0.658683 0.2669703 0.03608876 0.9609843 0.2742383 0.28914 0.9075823 0.3044547 0.5124596 0.814125 0.2731038 0.5127888 0.8385431 0.1841012 0.7050877 0.7030534 0.09255871 0.703216 0.7046984 0.09427278 0.2894076 0.9349384 0.2052647 0.7031725 0.7050402 0.09201537 0.6684692 0.6702448 -0.3223677 0.5118077 0.8559822 0.07312459 0.1050486 0.9926315 0.06039447 0.2887208 0.9539387 0.0814928 0.5088457 0.8510283 -0.1297184 0.6871067 0.7203407 -0.09483462 0.2888924 0.9498773 -0.1194749 0.5406685 0.8387123 -0.06511006 0.7018551 0.7083013 -0.07555546 0.6433901 0.5164383 -0.5651025 0.2895419 0.9316161 -0.2196745 0.5130104 0.8354698 -0.1970033 0.5063505 0.7759016 -0.3762792 0.2437565 0.9397964 -0.2395104 0.712935 0.6478521 -0.2683495 0.2893515 0.9007617 -0.3238891 0.5128755 0.8253095 -0.236269 0.7034583 0.6546049 -0.2768372 -0.08233309 0.8646275 -0.4956213 0.2890806 0.8586004 -0.4233649 0.5123704 0.7702203 -0.3797858 0.7127502 0.5564723 -0.4269961 0.2891137 0.7975815 -0.529412 0.7034677 0.5671357 -0.4283576 0.5124454 0.7154526 -0.4748971 0.7034386 0.5608653 -0.4365825 -0.09088186 0.7094414 -0.6988801 0.289011 0.7216794 -0.6290084 0.5122927 0.647414 -0.5642794 0.7125445 0.4271234 -0.556638 0.2890912 0.6343846 -0.7169257 0.7034687 0.4369446 -0.5605455 0.5124765 0.5690441 -0.6430836 0.7034248 0.4289281 -0.5667577 -0.08446323 0.5077483 -0.8573551 0.2889373 0.5354055 -0.7936348 0.5122578 0.4803093 -0.7119655 0.7120637 0.2686878 -0.6486695 0.2890863 0.4290931 -0.8557501 0.7034619 0.2768954 -0.6545764 0.5125276 0.384883 -0.7675809 0.7034007 0.2679876 -0.658339 0.09514113 0.2974707 -0.9499786 0.2888562 0.313747 -0.9045026 0.5122011 0.2814646 -0.8114356 0.2882025 0.09604709 -0.9527404 0.6874138 0.0947967 -0.7200527 0.7027687 0.09803123 -0.7046317 0.5112714 0.08620233 -0.8550852 0.2894201 0.2194973 -0.9316957 0.7018911 0.07598381 -0.7082198 0.5130087 0.196837 -0.8355102 0.4811682 -0.4863087 -0.7293703 0.5539717 -0.8254129 0.1086677 0.4902757 -0.7354315 0.4677288 0.5501193 -0.3195739 0.7715188 0.5301822 -0.110671 0.8406299 0.6980888 -0.1508537 0.6999394 0.5089927 -0.1275105 0.8512741 0.2875155 -0.1180026 0.9504789 0.7031593 -0.09224425 -0.7050233 0.511786 -0.07369994 -0.8559459 0.2885357 -0.08213754 -0.9539396 0.7045373 -0.0926301 -0.7035957 0.2885083 -0.08214192 -0.9539474 0.7031916 -0.09387759 -0.7047756 0.1533769 -0.2459195 -0.9570784 0.2892177 -0.205904 -0.9348565 0.5128001 -0.184662 -0.8384128 0.5129551 -0.2508272 -0.8209524 0.7024794 -0.2809034 -0.6539234 0.2893542 -0.2796983 -0.9154469 0.7745563 -0.2420494 -0.5843583 0.6780248 -0.2667447 -0.6849303 0.2886024 -0.3824699 -0.8777388 0.2576489 -0.8033682 -0.5368582 0.5048094 -0.5564581 -0.6599408 0.5119797 -0.3431334 -0.7874874 0.2886726 -0.3824521 -0.8777235 0.708136 -0.4298318 -0.560168 0.2849646 -0.4599521 -0.8409752 0.7033477 -0.4354928 -0.5618256 0.07510711 -0.7039685 -0.7062486 0.5127088 -0.5760343 -0.636643 0.2891716 -0.6422648 -0.709842 0.7070644 -0.5610192 -0.4304852 0.7033057 -0.562262 -0.4349972 0.5127389 -0.6356925 -0.5770563 0.2890863 -0.7088161 -0.6434351 0.7032301 -0.5650512 -0.4314911 0.6345223 -0.7704147 0.06198863 0.170125 -0.8190589 -0.547905 0.2884915 -0.7868849 -0.5455133 0.5118915 -0.7059906 -0.4894327 0.5053704 -0.8188847 -0.2720817 0.7006114 -0.6592278 -0.2730611 0.288646 -0.8754401 -0.3876702 0.528453 -0.7593906 -0.3795568 0.7029824 -0.6562635 -0.2741057 0.2891415 -0.9137958 -0.2852619 0.1738336 -0.949143 -0.2625062 0.5128668 -0.8194671 -0.2558151 0.7022438 -0.7073691 -0.08051477 0.6908528 -0.7168101 -0.09436981 0.289223 -0.9322631 -0.2173376 0.5129784 -0.8359846 -0.1948923 0.7028397 -0.704702 -0.09701378 0.643885 -0.645591 0.410639 0.2880888 -0.952996 -0.09382701 0.5063773 -0.8469017 0.1622948 0.1331692 -0.9879204 -0.07924259 0.5113585 -0.8552324 -0.08420173 0.698256 -0.7148918 0.03699115 0.5094456 -0.8541723 0.1041868 0.2831007 -0.948394 0.1428385 0.7741892 -0.5847735 0.2422211 0.70384 -0.6606503 0.2610564 0.5047102 -0.6591642 0.5574676 0.5106989 -0.7995969 0.3159612 0.2922653 -0.8894163 0.3514535 0.2876588 -0.890541 0.3524047 0.5106985 -0.799597 0.3159613 0.2572234 -0.5344282 0.8051228 0.2890888 -0.7382618 0.6094235 0.2840313 -0.8671214 0.4091782 0.7939346 -0.4823613 0.3701289 0.6764291 -0.5971363 0.4311287 0.2891036 -0.6763405 0.6774827 0.2891059 -0.7382553 0.6094235 0.5083653 -0.5369919 0.6732046 0.5127462 -0.6620952 0.546554 0.6773605 -0.447836 0.5836315 0.2891089 -0.6763384 0.6774824 0.5975854 -0.5664826 0.5674407 0.7025782 -0.4394642 0.5596919 0.6311042 0.07216678 0.7723338 0.1384381 -0.5704858 0.8095559 0.2879159 -0.5641944 0.7738147 0.5110392 -0.5064006 0.6945483 0.5049979 -0.2682504 0.8203773 0.480709 0.5828301 0.6551549 0.6982358 -0.3255727 0.6375494 0.2157495 -0.3523545 0.9106582 0.4811974 0.1273877 0.867307 0.5093691 -0.3380315 0.7913772 -1 0 0 -1 0 0 -1 0 0 -1 -0 0 -1 0 -0 -1 0 0 -1 0 0 -1 -0 0 -1 -0 0 -1 0 0 -1 0 -0 -1 0 0 -1 0 0 -1 0 0 -1 -0 0 -1 -0 0 -1 0 -0 -1 0 -0 -1 0 0 -1 -0 -0 -1 0 0 -1 -0 0 -1 0 -0 -1 0 -0 -1 -0 -0 -1 0 0 -1 0 0 -1 -0 -0 -1 -0 -0 -1 0 0 -1 -0 -0 -1 0 0 -1 0 0 -1 -0 -0 -1 -0 -0 -1 -0 -0 -1 0 0 -1 0 0 -1 0 0 -1 -0 -0 -1 -0 0 -1 -0 -0 -1 0 0 -1 0 0 -1 0 -0 -1 0 -0 -1 0 0 -1 -0 -0 -1 -0 0 -1 0 0 -1 0 0 -1 0 0 -1 0 -0 -1 0 -0 -1 -0 0 -1 0 0 -1 0 0 -1 0 -0 -1 0 0 -1 0 0 -1 0 -0 -1 0 -0 -1 0 0 -1 0 -0 -1 0 -0 -1 0 0 0.7699933 -0.08328254 0.6325933 0.7699938 -0.08328248 -0.6325929 0.7699934 -0.08328235 -0.6325933 0.9024907 -0.05621877 -0.4270248 0.9805009 -0.02565025 -0.1948334 0.9987467 0.006533191 0.04962461 0.946796 -0.007652042 -0.3217435 0.7699935 -0.2441717 -0.589483 0.9487251 -0.1209672 -0.2920405 0.7699938 -0.2441717 -0.5894825 0.8551031 0.06767233 0.5140225 0.9559701 0.03830472 0.2909533 0.8551031 0.06767233 0.5140224 0.985121 0.05195344 0.1638218 0.948725 -0.1209673 -0.2920406 0.7699938 -0.3884211 -0.5062002 0.7699938 -0.5062004 -0.3884209 0.7699933 -0.3884212 -0.5062007 0.855103 0.1984054 0.4789928 0.9848992 0.06625351 0.1599501 0.9848992 0.06625351 0.15995 0.8551031 0.1984053 0.4789928 0.948725 -0.192431 -0.250781 0.948725 -0.1924311 -0.2507812 0.7699937 -0.5062006 -0.3884209 0.855103 0.3156173 0.4113204 0.8551032 0.3156172 0.4113203 0.9848992 0.105394 0.1373521 0.9848992 0.105394 0.1373522 0.9487249 -0.2507811 -0.1924312 0.9487251 -0.250781 -0.1924307 0.769994 -0.5894823 -0.2441718 0.7699937 -0.5894825 -0.2441721 0.8551025 0.4113211 0.3156177 0.9848992 0.1373521 0.105394 0.9848993 0.1373521 0.105394 0.855103 0.4113204 0.3156174 0.9487252 -0.2920406 -0.1209671 0.9487249 -0.2920408 -0.1209675 0.7699937 -0.632593 -0.08328252 0.769994 -0.6325925 -0.08328228 0.8551036 0.478992 0.1984053 0.9848992 0.15995 0.0662534 0.9848992 0.15995 0.06625337 0.8551024 0.4789938 0.1984055 0.948725 -0.3133983 -0.04125962 0.9848992 0.1716474 0.02259785 0.9487249 -0.3133985 -0.04125975 0.769994 -0.6325925 0.08328245 0.948725 -0.3133983 0.04125962 0.7699937 -0.632593 0.08328234 0.9848993 0.1716474 0.02259787 0.8551031 0.5140225 0.06767232 0.8551031 0.5140225 -0.06767232 0.8551036 0.5140217 0.06767242 0.9487249 -0.3133985 0.04125975 0.9848993 0.1716474 -0.02259784 0.7699937 -0.5894827 0.2441719 0.769994 -0.5894823 0.2441719 0.9848992 0.1716474 -0.02259788 0.8551036 0.5140217 -0.06767242 0.948725 -0.2920409 0.1209672 0.9487251 -0.2920404 0.1209673 0.7699938 -0.5062004 0.3884209 0.9487251 -0.250781 0.1924308 0.7699937 -0.5062005 0.3884209 0.9848992 0.15995 -0.06625338 0.8551025 0.4789935 -0.1984059 0.8551036 0.4789921 -0.1984048 0.9848992 0.1599499 -0.06625339 0.9487249 -0.2507811 0.1924312 0.7699933 -0.3884214 0.5062006 0.7699935 -0.2441717 0.589483 0.7699937 -0.3884209 0.5062004 0.855103 0.4113205 -0.3156172 0.8551025 0.411321 -0.3156179 0.9848993 0.1373521 -0.105394 0.9848992 0.1373521 -0.105394 0.9487249 -0.1924312 0.2507811 0.948725 -0.1924309 0.2507811 0.9024907 -0.05621877 0.4270248 0.7699938 -0.2441717 0.5894825 0.7699937 -0.08328228 0.6325929 0.8551031 0.3156173 -0.4113203 0.8551031 0.3156173 -0.4113205 0.9848992 0.105394 -0.1373522 0.9848992 0.105394 -0.1373522 0.9805009 -0.02565025 0.1948334 0.9987467 0.006533191 -0.04962461 0.9487251 -0.1209673 0.2920406 0.9487251 -0.1209672 0.2920405 0.9848992 0.06625351 -0.15995 0.946796 -0.007652042 0.3217435 0.985121 0.05195344 -0.1638218 0.9848992 0.06625351 -0.1599501 0.9559701 0.03830472 -0.2909533 0.8551031 0.06767233 -0.5140224 0.8551031 0.1984054 -0.4789928 0.8551031 0.06767233 -0.5140225 0.855103 0.1984054 -0.4789929 0.7699933 0.08328258 0.6325933 0.8551031 -0.06767232 -0.5140225 0.9024906 0.0562188 0.4270248 0.7699938 0.2441716 0.5894826 0.7699938 0.08328232 0.6325929 0.9805009 0.02565026 0.1948334 0.9987466 -0.006533193 -0.04962461 0.9467959 0.007652045 0.3217434 0.7699937 0.2441716 0.5894827 0.9559701 -0.03830473 -0.2909533 0.8551032 -0.06767233 -0.5140224 0.9851209 -0.05195345 -0.1638218 0.948725 0.1209672 0.2920406 0.9487252 0.1209672 0.2920405 0.7699936 0.3884212 0.5062004 0.7699935 0.5062005 0.3884212 0.7699937 0.3884211 0.5062002 0.9848992 -0.06625351 -0.15995 0.8551029 -0.1984056 -0.4789931 0.8551029 -0.3156174 -0.4113207 0.8551033 -0.1984052 -0.4789926 0.9848992 -0.06625351 -0.1599501 0.948725 0.192431 0.250781 0.948725 0.192431 0.250781 0.7699936 0.5062003 0.3884211 0.948725 0.250781 0.192431 0.8551032 -0.3156172 -0.4113203 0.9848992 -0.1053941 -0.1373522 0.9848992 -0.1053941 -0.1373522 0.948725 0.2507809 0.192431 0.7699934 0.589483 0.244172 0.7699937 0.5894828 0.2441717 0.8551031 -0.4113204 -0.3156173 0.9848992 -0.1373522 -0.1053941 0.8551033 -0.4113202 -0.3156172 0.9848992 -0.1373522 -0.1053941 0.9487251 0.2920406 0.1209672 0.948725 0.2920406 0.1209672 0.7699937 0.632593 0.08328236 0.7699934 0.6325932 0.08328251 0.8551031 -0.4789928 -0.1984053 0.9848992 -0.15995 -0.06625346 0.855103 -0.4789928 -0.1984053 0.9848992 -0.15995 -0.06625346 0.948725 0.3133982 0.04125968 0.9848992 -0.1716475 -0.02259782 0.948725 0.3133982 0.04125965 0.7699934 0.6325933 -0.0832824 0.7699937 0.632593 -0.08328248 0.9848992 -0.1716475 -0.02259783 0.855103 -0.5140226 -0.06767234 0.8551031 -0.5140225 -0.06767236 0.948725 0.3133982 -0.04125965 0.9848992 -0.1716475 0.02259782 0.9487251 0.3133982 -0.04125968 0.7699937 0.5894827 -0.2441718 0.7699934 0.589483 -0.2441718 0.855103 -0.5140226 0.06767237 0.9848993 -0.1716475 0.02259783 0.8551031 -0.5140226 0.06767233 0.948725 0.2920406 -0.1209672 0.9487251 0.2920406 -0.1209671 0.7699935 0.5062005 -0.3884212 0.7699936 0.3884212 -0.5062004 0.7699936 0.5062003 -0.3884211 0.948725 0.2507809 -0.192431 0.9848992 -0.15995 0.06625345 0.8551031 -0.4789929 0.1984053 0.9848992 -0.15995 0.06625346 0.8551031 -0.4113204 0.3156173 0.8551031 -0.4789928 0.1984053 0.948725 0.250781 -0.192431 0.9848992 -0.1373522 0.1053941 0.948725 0.192431 -0.250781 0.7699937 0.3884211 -0.5062002 0.8551032 -0.4113202 0.3156172 0.9848992 -0.1373522 0.1053941 0.948725 0.192431 -0.250781 0.7699938 0.2441716 -0.5894826 0.7699938 0.08328251 -0.6325928 0.7699934 0.08328237 -0.6325933 0.9024906 0.0562188 -0.4270248 0.7699937 0.2441716 -0.5894827 0.8551029 -0.3156174 0.4113207 0.8551032 -0.3156172 0.4113203 0.9848992 -0.1053941 0.1373522 0.9848992 -0.1053941 0.1373522 0.9805009 0.02565026 -0.1948334 0.9987466 -0.006533193 0.04962461 0.948725 0.1209672 -0.2920406 0.9487251 0.1209671 -0.2920405 0.9848992 -0.06625351 0.15995 0.9467959 0.007652045 -0.3217434 0.9559701 -0.03830473 0.2909533 0.8551031 -0.06767236 0.5140225 0.8551032 -0.1984054 0.4789925 0.8551032 -0.06767232 0.5140224 0.9851209 -0.05195345 0.1638218 0.8551028 -0.1984055 0.4789931 0.9848992 -0.06625351 0.1599501 0 -0.1305279 -0.9914446 9.703658e-06 -0.1305262 -0.9914448 -0.1752362 -0.3767618 -0.9095839 7.567121e-06 -0.3333209 -0.9428135 0.05733755 -0.4750231 -0.8781033 -0.1355574 -0.6031421 -0.7860304 -0.1065619 -0.5997898 -0.79303 -0.158063 -0.7833804 -0.6011083 0.05749401 -0.7125412 -0.6992707 -0.06064356 -0.8072833 -0.5870401 -0.1793831 -0.9088933 -0.3764766 0.03934193 -0.8856282 -0.4627255 0.001927631 -0.9446674 -0.3280241 -0.1785669 -0.9755102 -0.1284279 -0.001951574 -0.982574 -0.1858613 0.04149469 -0.9983521 -0.0396401 -0.1555675 -0.9793743 0.1289366 -0.06619729 -0.9920385 0.1071329 -0.1389151 -0.9149216 0.3789736 0.05791972 -0.9660799 0.2516644 -0.1002094 -0.9156081 0.3893841 -0.1715188 -0.7815968 0.5997397 0.05130529 -0.8517345 0.5214559 -0.02652428 -0.7667432 0.6414057 -0.1817257 -0.598625 0.7801435 0.02158993 -0.6644072 0.7470588 0.02461246 -0.5475621 0.836403 -0.1698727 -0.3771214 0.9104519 -0.03125148 -0.4188339 0.9075249 0.05258723 -0.2808856 0.9582995 -0.08440533 -0.1573907 0.9839228 -0.1752351 -0.1285065 0.9761038 0 -0.05284864 0.9986026 -0 0.130528 0.9914446 -6.420033e-05 0.1305393 0.9914432 -0.1753085 0.3767571 0.9095719 -6.846846e-05 0.3333211 0.9428134 0.05726165 0.4750248 0.8781074 -0.1355752 0.6031303 0.7860364 -0.1066354 0.5997851 0.7930238 -0.158087 0.783385 0.601096 0.05749321 0.7125407 0.6992711 -0.06071604 0.8072799 0.5870372 -0.1794536 0.9088817 0.376471 0.0392679 0.8856311 0.4627262 0.00184877 0.9446673 0.3280249 -0.1785986 0.9755027 0.1284404 -0.002029215 0.9825739 0.1858613 0.04149574 0.9983521 0.03963967 -0.15562 0.9793644 -0.1289489 -0.06619532 0.9920387 -0.1071321 -0.1389906 0.9149121 -0.3789689 0.05784113 0.9660842 -0.251666 -0.100283 0.9156013 -0.3893812 -0.1715625 0.7815984 -0.5997251 0.05123137 0.8517377 -0.5214579 -0.02652427 0.7667431 -0.6414059 -0.1817598 0.5986109 -0.7801465 0.02159011 0.6644067 -0.7470592 0.0245382 0.5475631 -0.8364045 -0.169947 0.3771167 -0.9104401 -0.031327 0.4188335 -0.9075225 0.05251095 0.2808868 -0.9583033 -0.08447956 0.1573895 -0.9839165 -0.1752634 0.1285187 -0.9760972 0 0.0528487 -0.9986026 1 0 -0 1 -0 0 1 0 0 1 0 0 1 0 0 1 -0 0 1 0 -0 1 0 0 1 0 0 1 -0 0 1 0 -0 1 0 0 1 0 0 1 0 0 1 0 0 1 0 -0 1 0 0 1 0 -0 1 0 0 1 0 -0 1 0 -0 1 0 0 1 0 -0 1 0 0 1 0 -0 1 0 0 1 0 -0 1 0 0 1 0 -0 1 0 -0 1 0 0 1 0 0 1 0 -0 1 0 -0 1 0 -0 1 0 0 1 0 0 1 -0 0 1 0 -0 1 0 0 1 0 0 1 0 0 1 -0 0 1 0 -0 1 0 0 1 0 -0 1 -0 0 1 0 0 0 -0.124356 0.9922376 0.01257487 -0.1832672 0.9829827 -0.00783641 -0.3917373 0.9200438 0.01376934 -0.5543571 0.8321651 0.01038773 -0.5321923 0.8465598 -0.005088316 -0.6704593 0.7419289 0.008401259 -0.8511056 0.5249272 0.006193298 -0.8436937 0.5367891 0 -0.9226181 0.3857147 -0.250925 -0.7573663 0.602854 -0.2623951 -0.7566886 0.5988082 -0.08831668 -0.8976834 0.4316998 -0.03912592 -0.8900946 0.4540933 -0.2006685 -0.7886347 0.5811948 -0.3403256 -0.06560833 0.938016 -0.3032444 -0.4112263 0.8596137 -0.5591394 -0.3072529 0.7700382 -0.597243 -0.4373692 0.6723163 -0.7559887 -0.3598336 0.5468097 -0.2615133 -0.1691989 0.950254 -0 0.3898303 0.9208867 0 0.09487379 0.9954894 -0.03363864 0.2941675 0.9551618 0.9442796 0.04057074 0.3266345 -0.118574 0.9609479 0.2500383 0.414634 -0.03362642 0.9093668 0.9243783 0.115182 0.3636726 0.9399958 0.07025453 0.3338747 0.3978106 -0.1279958 0.9084952 0.3838621 0.02762418 0.9229772 0.9285041 0.1304895 0.3476385 0.4805522 0.3530196 0.8027744 0.6607636 -0.008383876 0.7505473 0.9064474 0.26839 0.3260675 0.4047748 0.2651657 0.8751254 0.9266042 0.2181499 0.3062929 0.9559476 -0.07072024 0.2848907 -0.09067697 0.8350198 0.5426967 0.4127215 -0.4357454 0.7998669 0.9553571 -0.06577031 0.28804 0.4148165 -0.4603588 0.7848548 0.4333844 -0.2851945 0.854893 0.6251106 -0.7104038 0.3233622 0.9444609 -0.02480729 0.3276861 0.4058422 -0.3922713 0.8254789 0.9511406 -0.03830728 0.3063723 0.9646519 -0.1680634 0.2029815 -0.05070339 0.6222862 0.781146 0.6161944 -0.7851679 0.06177148 0.9552017 -0.1373745 0.2621412 0.4480581 -0.5615605 0.6956248 0.9621767 -0.1462992 0.2298096 0.4172909 -0.6460682 0.639112 0.4897846 -0.7844569 -0.3804451 0.964132 -0.2026194 0.1714493 0.4279037 0.03406933 0.903182 0.4371983 -0.7462082 0.5020269 0.3118338 -0.6248686 -0.7157506 0.9647591 -0.2477877 0.08855022 0.29853 0.06237132 0.95236 0.425982 -0.8324814 0.3542797 0 -0.9753405 0.2207056 0 -0.9753405 0.2207056 0 -1 0 0 -1 0 0 -0.9753405 -0.2207056 -0 -0.9753405 -0.2207056 -0.06555735 -0.9732423 -0.2202307 -0.0653512 -0.9732553 -0.2202349 -0.01320105 -0.9752555 -0.2206863 -0.03926419 -0.974588 -0.220537 -0.01292835 -0.9752586 -0.2206887 -0.03918383 -0.9745912 -0.2205372 -0.03925543 -0.9746228 0.2203851 -0.06535002 -0.9978623 0 -0.06535121 -0.9732555 0.2202337 -0.06535003 -0.9978624 0 -0.03918103 -0.9992321 0 -0.01320105 -0.9752555 0.2206863 -0.01320552 -0.9999127 0 -0.01320552 -0.9999127 0 -0.03918103 -0.9992322 0 -0.03918451 -0.9746253 0.2203865 -0.9010642 -0.005176516 -0.4336549 -0.8988476 -0.01568882 -0.4379804 -0.6411181 -0.01994453 -0.7671831 -0.8611629 -0.03031791 -0.5074241 -0.8770273 -0.06385149 -0.4761787 0.8383503 -0.07115403 -0.5404682 -0.8697666 -0.4127331 -0.2704764 0.8383517 -0.4324804 -0.3318541 -0.9440193 -0.2835836 0.1685468 -0.8891225 -0.06547213 0.452962 -0.9006153 -0.006866145 0.4345631 -0.9009221 -0.004117073 0.4339612 -0.9010754 -0.001371334 0.4336603 -0.6412424 0.003177148 0.7673318 -0.2610002 -0.2060298 0.9430963 0.8851532 -0.1780625 -0.4298809 0.8851545 -0.2832551 -0.369145 0.9385009 -0.318994 -0.1321315 0.9581539 -0.2838047 -0.03736371 0.9581539 -0.2838046 0.0373637 0.9385009 -0.318994 0.1321315 0.9385009 -0.2739263 0.2101912 0.9581552 -0.1742576 0.2270968 0.958155 -0.1095431 0.2644603 0.9384981 -0.04506867 0.3423304 -0.8049071 -0.1759627 -0.5667113 -0.8384883 -0.2724597 -0.4719142 -0.8049033 -0.4028086 -0.4357476 -0.9156924 -0.3919696 -0.08869706 -0.9330372 -0.35978 0 -0.9156925 -0.3919694 0.08869702 -0.9156922 -0.2727993 0.2951074 -0.9330339 -0.1798942 0.3115858 -0.9156961 -0.1191679 0.3837963 -0.2665884 -0.03170794 -0.9632888 -0.4612882 -0.1229204 -0.8786943 -0.07777274 -0.1381212 -0.9873571 -0.4614359 -0.08786538 -0.8828116 0.1827008 -0.09886891 -0.9781847 0.1841042 -0.7974669 -0.5745886 -0.4748737 -0.6581321 -0.5842577 -0.9001612 -0.3713401 -0.2276319 -0.9014643 -0.375697 -0.2149742 -0.9129727 -0.2858684 -0.2911356 -0.8835208 -0.3757055 -0.2797077 -0.4765911 -0.7123408 -0.5152003 -0.7453506 -0.5934058 -0.3038454 -0.6529979 -0.7421162 -0.1511868 -0.6724721 -0.6281878 -0.3913582 -0.1287721 -0.8313896 -0.5405636 -0.3742488 -0.7774439 -0.5054886 0.1680747 -0.8978243 -0.4070165 -0.373567 -0.8749258 -0.3081435 -0.3743023 -0.8253945 -0.4226366 -0.1287891 -0.8826836 -0.4519768 -0.3742912 -0.8253962 -0.4226429 -0.2900276 -0.9056308 0.3093813 0.1377956 -0.9019268 0.4093172 -0.8978382 -0.4191979 0.1347583 -0.9010739 -0.3782773 0.2120663 -0.90046 -0.3766724 0.2174622 -0.9124768 -0.382276 0.1457783 -0.6726369 -0.6423461 0.3673568 -0.7407964 -0.5675211 0.3593611 -0.3215003 -0.8000131 0.5065734 -0.6633704 -0.5585906 0.4979119 -0.2902163 -0.8616619 0.4163092 -0.4845473 -0.7694009 0.4162165 -0.05363978 -0.8991185 0.4344062 -0.3696576 -0.8797303 0.299045 -0.3657608 -0.687209 0.6276646 -0.3735704 -0.7043207 0.6036369 -0.3733026 -0.8000972 0.4695632 0.1680838 -0.8013975 0.5740295 -0.2814012 0.1270239 0.9511458 -0.2898549 -0.184915 0.939037 -0.4182508 -0.02073598 0.9080949 0.1376726 -0.09648483 0.9857672 -0.6862698 0.4697955 0.5552711 -0.8763693 -0.007981876 0.4815736 -0.4782035 -0.1970007 0.8558692 -0.4125728 0.2285909 0.8817765 0 0.5735766 0.819152 0 0.5735766 0.8191519 0.7064273 0.3590321 0.6099643 0.9740858 0.1699126 0.1492868 0.6912055 0.5154774 0.506476 0.3265383 0.5568417 0.7637408 0.9997913 -0.01652125 0.01202083 0.9997758 -0.01833816 0.01058754 0.9997913 -0.01867093 0.008297392 0.9997758 -0.01833812 0.01058755 0.9984598 0.04804784 -0.02774051 0.9984598 0.04804816 -0.02774008 0.9914342 0.1131102 -0.06530295 0.9901956 0.1216815 -0.06860242 0.9911264 0.1175938 -0.06196907 0.9880946 0.1300931 -0.08212804 0.9841952 0.1458904 -0.1003782 0.9791443 0.1632518 -0.1209342 0.9873289 0.1364814 -0.0809596 0.9846455 0.1510748 -0.08746146 0.9850887 0.1487641 -0.0864266 0.9846815 0.1551717 -0.07952438 0.9834215 0.1638912 -0.07759944 0.9845802 0.1514973 -0.08746697 0.9826379 0.1690325 -0.07648987 0.9782924 0.1895272 -0.08380638 0.973641 0.2092166 -0.0908383 0.9984787 0.001570986 -0.05511763 0.5393278 -0.0239919 -0.8417541 0.9984787 0.001570979 0.05511739 0.8901802 -0.01298022 -0.4554237 0.9984787 0.00157093 0.05511763 0.8901794 -0.01298065 -0.4554252 -0.1112415 -0.1297158 -0.9852914 0.3304369 -0.08058313 -0.9403818 0.8901792 -0.03889959 -0.4539469 0.8901794 -0.03889942 -0.4539464 0.9984786 0.004707755 0.05493853 0.9984786 0.004707768 0.05493846 0.04053965 -0.1418718 -0.9890546 0.9541781 -0.1541174 -0.2564995 0.8901792 -0.06469202 -0.4509943 0.9984798 0.009547886 0.05428454 0.998471 0.00991655 0.0543814 0.998453 0.01031879 0.05463719 0.9984786 0.007829295 0.05458118 0.8345467 -0.4157567 -0.3614943 0.8901803 -0.06469113 -0.4509923 0.9984787 0.007829295 0.0545812 0.5178106 0.06188078 -0.8532543 0.8846772 -0.009188941 -0.4661136 0.9992175 0.01172929 0.03777574 0.5363138 -0.3212693 -0.7804828 0.8897298 -0.1509686 -0.4308008 0.9984713 0.01827987 0.05216306 0.5246174 -0.3257931 -0.7865338 0.5363532 -0.3253069 -0.7787815 0.8899682 -0.2056986 -0.406995 0.9992776 0.01900155 0.03291167 0.9984751 0.02490023 0.04926754 0.5246162 -0.5182621 -0.6754126 0.5363538 -0.5117904 -0.6711147 0.8899682 -0.2496186 -0.3816378 0.9984751 0.03021691 0.04619815 0.536316 -0.5152828 -0.6684674 0.9992174 0.02685025 0.0290459 0.9984713 0.03603474 0.04191251 0.8897294 -0.2976008 -0.3461436 0.8901342 -0.3336179 -0.3104196 0.9984798 0.04179069 0.03593819 0.9984709 0.04213899 0.03577866 0.998453 0.04260885 0.03572197 0.5353207 -0.6785449 -0.5029995 0.9984779 0.04037802 0.03757032 0.998923 -0.03573655 0.02959443 0.1170459 -0.7879005 -0.6045768 0.6606351 -0.5759537 -0.4814963 0.8869202 -0.3320023 -0.3211653 0.998475 0.04436049 0.03286151 0.539325 -0.716985 -0.4416573 0.9987845 0.0426876 0.02464569 0.9984786 0.0469471 0.02891887 0.8901762 -0.387925 -0.2389573 0.8901787 -0.3879201 -0.2389558 0.5393249 -0.7409791 -0.4000981 0.8901786 -0.4009021 -0.2164706 0.8901791 -0.4009013 -0.2164699 0.9984787 0.04851884 0.02619814 0.9541777 -0.299195 0.005219426 -0.05330218 -0.9225661 -0.3821394 0.2003152 -0.8986793 -0.3901914 0.9984798 0.05178552 0.01887408 0.998471 0.05205601 0.01860096 0.998453 0.05247367 0.01838308 0.998475 0.05063967 0.02198689 0.9984748 0.05063982 0.02198697 0.8899533 -0.4183229 -0.1816288 0.8899537 -0.4183221 -0.1816286 0.8345423 -0.5209478 0.1793115 0.5178105 -0.7080003 -0.4802164 0.9992174 0.03857942 0.008730019 0.8846752 -0.4082639 -0.2251006 0.5246179 -0.8440545 -0.1111224 0.5363123 -0.8365536 -0.1120145 0.9984713 0.05431477 0.01025074 0.889728 -0.4485722 -0.0846583 0.5363582 -0.837095 -0.1076659 0.8899678 -0.4553177 -0.02535736 0.9992777 0.03800314 -0 0.9984751 0.05511735 0.003069572 0.5246179 -0.8440545 0.1111224 0.5363582 -0.837095 0.1076659 0.8899679 -0.4553178 0.02535736 0.9984751 0.05511735 -0.003069572 0.5363122 -0.8365536 0.1120145 0.8897281 -0.4485722 0.0846583 0.9992174 0.03857942 -0.008730019 0.9984713 0.05431477 -0.01025074 0.9984797 0.05190544 -0.0185491 0.5353138 -0.7748864 0.3361402 0.8901329 -0.4356423 0.1337131 0.9984779 0.05272577 -0.01618329 0.9989229 0.007761127 0.04574599 0.1170475 -0.917529 0.3800529 0.6606331 -0.7049665 0.2580429 0.998475 0.05063983 -0.02198696 0.8869228 -0.444133 0.1269398 0.539325 -0.7409791 0.4000981 0.8901791 -0.4009013 0.2164701 0.9984787 0.04851884 -0.02619814 0.8901786 -0.4009022 0.2164704 0.9987845 0.04268761 -0.02464569 0.5393251 -0.716985 0.4416573 0.8901787 -0.3879208 0.2389548 0.9984786 0.0469471 -0.02891887 0.8901762 -0.3879243 0.2389584 0.2003073 -0.7872561 0.5831851 0.9541776 -0.1450778 0.26172 -0.05328882 -0.7922263 0.6078961 0.9984798 0.04223777 -0.03541087 0.998471 0.04213763 -0.0357775 0.998453 0.04215803 -0.03625409 0.998475 0.04436089 -0.03286181 0.998475 0.04436045 -0.03286156 0.8899509 -0.3664595 0.2714678 0.8899544 -0.3664547 0.2714631 0.8345453 -0.1051861 0.5408049 0.51782 -0.7698737 0.3730373 0.9992174 0.02685026 -0.0290459 0.8846763 -0.3990728 0.2410164 0.536316 -0.5152829 0.6684675 0.9984713 0.03603474 -0.04191251 0.8897294 -0.2976008 0.3461436 0.5246164 -0.518262 0.6754125 0.5363539 -0.5117904 0.6711148 0.9992776 0.01900155 -0.03291167 0.9984751 0.03021691 -0.04619815 0.889968 -0.2496186 0.3816378 0.9984751 0.02490023 -0.04926754 0.5363531 -0.3253069 0.7787815 0.889968 -0.2056986 0.406995 0.5246175 -0.325793 0.7865337 0.5363138 -0.3212693 0.7804829 0.9992175 0.01172929 -0.03777574 0.8897299 -0.1509686 0.4308007 0.9984713 0.01827987 -0.05216306 0.5392395 -0.1885425 0.8207756 0.9984799 0.0102287 -0.05416015 0.998471 0.009916631 -0.05438184 0.998453 0.009631781 -0.05476152 0.9984779 0.01234772 -0.05375295 0.8901348 -0.1020222 0.4441302 0.890135 -0.1020222 0.4441296 0.834545 0.261395 0.4849819 0.1624532 -0.1492898 0.9753572 -0.1112415 -0.1297158 0.9852914 0.9773358 -0.03202935 0.2092579 0.9984786 0.007829295 -0.05458118 0.9984786 0.004707756 -0.05493854 0.8823299 -0.1836033 0.4333403 0.5393278 -0.0239919 0.8417541 0.3304369 -0.08058313 0.9403818 0.8901802 -0.01298021 0.4554237 0.8901794 -0.01298065 0.4554252 0.9984786 0.004707768 -0.05493846 0.8901792 -0.03889946 0.4539469 0.8901795 -0.03889954 0.4539464 0.9984786 0.001570923 -0.05511739 0.9921179 -0.1222174 -0.02765621 0.9921181 -0.1222168 0.02765606 0.7551777 -0.6509849 0.07697649 0.283552 -0.9353094 0.2116471 0.7627368 -0.6420377 0.07759133 0.9921181 -0.1253068 0 0.992118 -0.1253068 0 0.992118 -0.1222168 -0.02765598 0.7607685 -0.6330185 -0.1432438 0.2835435 -0.9353117 -0.2116488 0.2835521 -0.9589568 0 0.283552 -0.9353094 -0.2116471 0.2835521 -0.9589569 0 0.7607663 -0.649026 0 0.7607663 -0.649026 0 0.7607663 -0.6330212 -0.143244 -0 -0.9226182 -0.3857147 0.01410156 -0.7893093 -0.6138339 -0.008517708 -0.7416136 -0.6707733 0.009501399 -0.3010347 -0.9535658 0 -0.007211351 -0.9999741 -0.00313554 -0.2753683 -0.9613337 -0.01246109 -0.8072758 -0.5900428 -0.0646567 -0.8600232 -0.5061419 -0.03862528 -0.8537817 -0.5191963 -0.1276074 -0.871376 -0.4737299 -0.3742004 -0.614184 -0.6948036 -0.4201674 -0.6028481 -0.6782576 -0.3613392 -0.5795009 -0.7304879 -0.3978821 -0.5778232 -0.7126081 -0.9010642 0.005176516 0.4336549 -0.8988476 0.01568882 0.4379804 -0.6332458 0.1574643 0.7577628 -0.9485526 0.01888391 0.3160557 -0.9164919 -0.03148797 0.3988123 -0.7608374 -0.01506371 0.6487677 -0.002873677 0.09637213 0.9953412 0.8383501 0.07115412 0.5404686 -0.8697666 0.4127331 0.2704764 0.8383517 0.4324804 0.3318541 -0.2355943 0.8829902 0.4059846 -0.9440185 0.2835872 -0.1685447 -0.1168815 0.9030051 -0.4134254 -0.2355941 0.7930881 -0.5616999 -0.8891225 0.06547227 -0.4529621 -0.9006153 0.006865964 -0.4345631 -0.9009221 0.004117073 -0.4339612 -0.9010754 0.00137137 -0.4336603 -0.6412424 -0.003177155 -0.7673318 -0.4415733 -0.009685431 -0.897173 -0.1168816 0.09346583 -0.9887381 -0.2610001 0.2060303 -0.9430962 -0.8049064 0.1759628 0.5667122 -0.8384869 0.2724609 0.471916 -0.8049033 0.4028086 0.4357476 -0.9156945 0.3919649 0.08869644 -0.9330343 0.3597875 0 -0.9156945 0.3919649 -0.08869642 -0.9156941 0.2727965 -0.2951041 -0.9330339 0.1798942 -0.3115858 -0.9156953 0.1191686 -0.3837981 0.8851545 0.1780615 0.4298784 0.8851545 0.2832551 0.369145 0.938499 0.3189989 0.1321336 0.958155 0.2838009 0.03736313 0.958155 0.2838009 -0.03736313 0.9384989 0.3189992 -0.1321337 0.9384989 0.2739307 -0.2101946 0.9581552 0.1742576 -0.2270968 0.958155 0.1095431 -0.2644603 0.9384984 0.04506862 -0.3423298 -0.5034165 0.2131319 0.837345 -0.2664974 0.04107501 0.9629601 -0.5063027 0.05904166 0.8603323 -0.1434453 0.08214476 0.9862432 -0.1029588 0.8107789 0.5762267 -0.5485832 0.5657279 0.6156365 -0.9001607 0.3713411 0.2276324 -0.9014637 0.3756979 0.2149747 -0.9129723 0.2858718 0.2911339 -0.8835205 0.3757063 0.2797075 -0.76638 0.5851203 0.2651342 -0.555984 0.6868736 0.4680668 -0.6976144 0.6955627 0.1718334 -0.7115327 0.5931017 0.3767647 -0.2193898 0.8901872 0.399293 -0.2201858 0.8177943 0.5317242 -0.5061985 0.7230241 0.4701054 -0.5064576 0.762479 0.4026493 -0.8978372 0.4191986 -0.1347623 -0.9010729 0.3782792 -0.2120674 -0.9004577 0.3766713 -0.217473 -0.912477 0.3822761 -0.1457765 -0.7050275 0.5421261 -0.457204 -0.7581232 0.5374198 -0.3693632 -0.7118456 0.6161363 -0.337123 -0.5303697 0.7633529 -0.3687823 -0.5062715 0.7334495 -0.4535867 -0.1882663 0.8843268 -0.4272258 -0.2616411 0.7960396 -0.5457699 -0.5054278 0.7873234 -0.353079 -0.9995371 0.02149486 -0.02153393 -0.9991731 0.03956283 -0.009374958 -0.9914247 -0.005043129 -0.1305817 -0.9995374 0.01216697 -0.02787425 -0.9929819 0.05091116 -0.1067469 -0.9920456 0.124921 0.01549753 -0.992982 0.05913306 -0.1024214 -0.992982 0.06699 -0.09746381 -0.9928783 0.05854362 -0.1037563 -0.9136364 0.3780419 0.1495084 -0.9759731 -0.000689019 0.2178901 -0.9759552 -0.002067838 0.217961 -0.9759619 -0.003443066 0.2179141 -0.9999938 0.003291358 0.00131136 -0.9999477 0.009308681 -0.00423342 -0.9999961 -0.00241214 0.00139265 -0.9998298 0.01632494 -0.008602214 -0.9998969 0.01246683 -0.00712029 -0.992468 0.1134724 -0.04616445 -0.992982 0.1179011 -0.009283382 -0.9939926 -0.09478466 0.05472331 -0.9939926 -0.09478443 0.05472384 -0.9759458 -0.1874109 0.111387 -0.9759812 -0.1886682 0.1089263 -0.9759814 -0.1886692 0.1089233 -0.9759457 -0.1901689 0.1066107 -0.991967 0.1247713 -0.0208206 -0.9928783 0.1191274 -0.001177906 -0.992982 0.1179011 0.009283395 -0.9929819 0.118266 0 -0.9999943 0.0008240517 0.003285552 -0.9999278 -0.009687956 -0.007109326 -0.9931523 0.1020162 0.05693225 -0.9999896 0.002609914 0.003753147 -0.994274 0.06052982 0.08806525 -0.994274 0.05343072 0.09254462 -0.994274 0.04600184 0.09645298 -0.9997058 0.01235684 0.02087236 -0.9908572 -0.03420179 0.130507 -0.9939671 -0.09612949 -0.05280672 -0.9996744 0.0252525 0.003656349 -0.9928074 -0.08852848 -0.08059803 -0.9758981 -0.1894106 -0.1083809 -0.9761774 -0.1860859 -0.1115782 -0.9757172 -0.1867409 -0.1144724 -0.9750353 -0.1857227 -0.1217096 -0.9982142 0.05766452 -0.01559389 -0.9750471 -0.01324046 -0.2216027 -0.9754615 -0.007881622 -0.220029 -0.9858294 0.04599503 -0.1613221 -0.9763277 -0.002581739 -0.2162813 -0.985674 -0.1144163 -0.1239186 -0.9520761 -0.277018 0.1296615 -0.5484295 0.4992047 0.6708351 -0.6027166 0.3584068 0.7129356 -0.4523785 0.383543 0.8051388 -0.4140837 0.5384877 0.7338703 -0.2601676 0.1538269 0.9532314 -0.2335259 0.1595158 0.959177 -0.1405336 -0.04161927 0.9892008 -0.03941994 -0.1284331 0.9909344 0.109084 0.02785876 0.9936421 -0.01309982 -0.6787495 0.734253 -0.0654286 -0.6773531 0.7327427 -0.06535337 -0.6773561 0.7327467 -0.03928496 -0.6782839 0.7337491 -0.03921827 -0.6782853 0.7337513 -0.01313011 -0.6787494 0.7342526 -0.03924333 -0.2964518 0.9542412 -0.06543843 -0.4989283 0.8641692 -0.06543063 -0.295897 0.9529763 -0.06537167 -0.4989302 0.8641732 -0.03921547 -0.499615 0.8653594 -0.01309742 -0.4999569 0.8659512 -0.0130854 -0.2965072 0.954941 -0.01312034 -0.4999567 0.8659511 -0.0392159 -0.2964518 0.9542423 -0.03920417 -0.4996153 0.8653598 -0.01260253 -0.9144822 0.4044297 -0.06456809 -0.8683734 0.4916895 -0.03864759 -0.8765213 0.479809 -0.1272954 -0.8460742 0.517643 -0.3742468 -0.908804 0.1844306 -0.4200851 -0.8888605 0.1829087 -0.3615155 -0.9222329 0.1370875 -0.3981302 -0.905859 0.1446096 -0.3408059 -0.8493989 -0.4029554 -0.2214612 -0.902376 0.3696925 -0.8135411 -0.5809824 -0.02470675 -0.6732814 -0.2117041 -0.7084303 -0.4157832 0.9067784 -0.06983709 -0.2941419 -0.1766974 -0.9392862 -0.3402863 -0.06563927 -0.9380282 -0.1995704 -0.7895221 -0.5803676 -0.8142048 -0.2692265 -0.5143809 -0.814732 -0.2657279 -0.5153645 -0.329636 -0.08013419 -0.9407011 0 -0.6122467 0.7906668 0.01836072 -0.9153104 0.4023306 -0.0558996 -0.7672706 0.6388827 0.006657272 -0.9619879 0.2730111 -0.007302707 -0.9937535 0.1113585 0.03980774 -0.9643 -0.2618032 0.02349936 -0.9782908 -0.2058998 0.02493213 -0.9319761 -0.3616616 0.009076382 -0.886775 -0.4621121 0 -0.7953389 -0.606165 0 -0.6788077 -0.7343161 -0 -0.6788077 -0.7343161 0 -0.4999999 -0.8660255 -0 -0.4999999 -0.8660255 0 -0.2965326 -0.9550227 -0 -0.2965326 -0.9550227 0 -0.09474985 -0.9955011 0.002793276 -0.1272461 -0.9918672 3.732369e-07 -0.03273977 -0.9994639 -2.635377e-07 0.2997317 -0.9540235 -0.009736153 0.3263663 -0.9451932 0.008854502 0.7926521 -0.60961 0.01221152 0.9911577 -0.1321266 -0.02045781 0.8399224 -0.5423208 0 0.9972733 -0.07379621 0 -0.1305395 -0.9914431 2.462344e-05 -0.1305263 -0.9914448 2.484786e-05 -0.3826835 -0.9238794 2.54522e-05 -0.3826832 -0.9238796 0 -0.6087616 -0.7933532 2.435849e-05 -0.6087511 -0.7933612 2.488866e-05 -0.7933531 -0.6087617 0 -0.7933614 -0.6087511 2.521507e-05 -0.9238797 -0.382683 2.565708e-05 -0.9238796 -0.3826832 0 -0.9914448 -0.1305266 2.454399e-05 -0.9914431 -0.1305398 2.456225e-05 -0.9914448 0.1305266 6.099902e-13 -0.9914431 0.1305398 2.562308e-05 -0.9238797 0.382683 2.524731e-05 -0.9238796 0.3826832 0 -0.7933531 0.6087617 2.488209e-05 -0.7933614 0.6087511 2.439905e-05 -0.6087616 0.7933532 0 -0.6087511 0.7933612 2.545987e-05 -0.3826835 0.9238794 2.487269e-05 -0.3826832 0.9238796 0 -0.1305263 0.9914448 2.461388e-05 -0.1305395 0.9914431 -0.7170811 0.368402 0.5916711 -0.8280168 0.2440481 0.5048055 -0.7024167 0.3069374 0.642184 -0.4931547 0.4536956 0.7422659 0 0.9919696 0.1264767 0.04686921 0.974952 0.2174211 0.0006200746 0.8959441 0.4441666 0 0.7264551 0.6872139 -0.001356002 0.728592 0.6849465 0.6018004 0.7776865 0.1817685 0.4328236 0.6486075 0.6260767 0.5838506 0.206846 0.785069 0.9132482 0.2827032 0.2933539 0.869755 -0.06483565 0.4892061 0.8657869 -0.03952026 0.4988499 0.8637366 -0.01327857 0.5037684 0.9021546 -0.1537778 0.4030751 0.8887016 -0.1275541 0.4403854 0.8768263 -0.09523206 0.4712819 0.9155738 -0.1731173 0.3629807 0.9279609 -0.1863393 0.3227481 0.9391668 -0.1945483 0.2830489 0.9491606 -0.1986066 0.2442324 0.9495267 -0.2352126 0.2075431 0.9447618 -0.2270484 0.2363771 0.95454 -0.241033 0.175375 0.9300575 -0.1971318 0.3100519 0.959735 -0.2432726 0.1404535 0.9643531 -0.2418154 0.1074632 0.9680285 -0.2377715 0.07990944 0.9685444 -0.2456974 0.03943056 0.9671752 -0.2467261 0.06081506 0.9698215 -0.2430636 0.01913708 0.9631144 -0.2447713 0.1117928 0.9491606 -0.1986066 -0.2442324 0.9155738 -0.1731173 -0.3629807 0.9279609 -0.1863393 -0.3227481 0.9391667 -0.1945483 -0.2830491 0.8768263 -0.09523206 -0.4712819 0.8887016 -0.1275541 -0.4403854 0.9021546 -0.1537778 -0.4030751 0.8637366 -0.01327857 -0.5037684 0.8657869 -0.03952026 -0.4988499 0.869755 -0.06483565 -0.4892061 0.9300575 -0.1971318 -0.3100519 0.9680285 -0.2377716 -0.07990927 0.95454 -0.241033 -0.175375 0.959735 -0.2432726 -0.1404536 0.9643532 -0.2418154 -0.1074632 0.9447618 -0.2270484 -0.2363771 0.9495267 -0.2352126 -0.2075431 0 1 0 0.9631144 -0.2447713 -0.1117928 0.9698215 -0.2430636 -0.01913708 0.9709978 -0.2390884 0 0.9671752 -0.2467261 -0.06081506 0.9685444 -0.2456974 -0.03943056 0.9709978 -0.2390884 0 0.5833026 -0.5775547 -0.5711291 0.4327534 -0.2179017 -0.874782 0.6022382 0.2303387 -0.7643645 0.9132649 -0.1126911 -0.3914691 0.7064279 -0.3487281 -0.6159126 0.3265397 -0.3829979 -0.864109 0.6912059 -0.1808825 -0.6996542 0.9740858 -0.04432989 -0.2217919 0.9301462 -0.1436506 -0.3379242 0.9110167 -0.1225941 -0.3937249 0.6294301 -0.7212042 -0.2892788 0.4078459 -0.4473079 -0.7959757 0.4734302 0.1261043 -0.8717577 0.6990178 -0.6812775 -0.2173362 0.5229455 -0.712086 -0.4684671 0.9013546 -0.3089089 -0.3035378 0.395561 -0.8603874 -0.3213487 0.9407248 -0.2586887 -0.2193558 0.9470462 -0.309177 -0.08667743 0.4115342 -0.9082829 -0.07524558 0.9515317 -0.2828905 -0.1206658 0.5130411 -0.8450212 0.1507577 0.5695097 -0.771485 -0.2836719 0.957481 -0.2804795 0.06753661 0.5238672 -0.8371999 0.1570336 0.9655068 -0.2596858 -0.01897115 0.5393278 0.02399196 0.841754 0.9984787 -0.001570983 -0.0551174 0.9984786 -0.004707749 -0.05493845 0.8901801 0.01298025 0.4554237 0.9984786 -0.001570933 -0.05511763 0.8901794 0.01298068 0.4554252 0.8901795 0.03889954 0.4539464 -0.1112406 0.1297159 0.9852915 0.3304377 0.0805831 0.9403815 0.8901792 0.03889946 0.4539469 0.9984786 -0.004707774 -0.05493853 0.04053965 0.1418718 0.9890546 0.9541781 0.1541174 0.2564995 0.8901803 0.06469113 0.4509923 0.8901792 0.06469202 0.4509943 0.9984787 -0.007829295 -0.0545812 0.9984798 -0.009547886 -0.05428454 0.998471 -0.00991655 -0.0543814 0.998453 -0.01031879 -0.05463719 0.9984786 -0.007829295 -0.05458118 0.8345467 0.4157567 0.3614943 0.5178106 -0.06188078 0.8532543 0.9992175 -0.01172929 -0.03777574 0.8846772 0.009188941 0.4661136 0.5246174 0.3257931 0.7865338 0.5363138 0.3212693 0.7804828 0.9984713 -0.01827987 -0.05216306 0.8897298 0.1509686 0.4308008 0.5363503 0.3253071 0.7787836 0.9984751 -0.0249002 -0.04926756 0.9992776 -0.01900146 -0.03291149 0.8899682 0.2056984 0.406995 0.889968 0.2496188 0.3816376 0.524615 0.5182628 0.6754131 0.5363493 0.511793 0.6711165 0.9984751 -0.03021677 -0.04619787 0.5363067 0.5152856 0.6684727 0.9992174 -0.02685012 -0.02904575 0.8897307 0.2975991 0.3461416 0.9984713 -0.0360345 -0.04191222 0.9984798 -0.04178973 -0.03593862 0.998471 -0.04213803 -0.03577911 0.998453 -0.04260919 -0.03572226 0.5353085 0.6785528 0.503002 0.8901357 0.3336157 0.3104175 0.9984779 -0.04037771 -0.03757003 0.660634 0.5759539 0.4814974 0.1170373 0.7879009 0.6045778 0.9989229 0.03573675 -0.02959419 0.998475 -0.04436089 -0.03286174 0.8869234 0.3319983 0.3211604 0.5393313 0.7169828 0.4416529 0.9987844 -0.04268802 -0.02464596 0.9984786 -0.04694752 -0.02891913 0.8901798 0.3879188 0.2389535 0.8901795 0.3879193 0.2389537 0.5393316 0.7409742 0.4000986 0.8901796 0.4008998 0.216471 0.8901792 0.4009005 0.2164717 0.9984787 -0.0485185 -0.02619823 0.9541778 0.2991947 -0.005219262 -0.05329657 0.9225665 0.3821395 0.2003045 0.8986818 0.3901913 0.8345423 0.5209478 -0.1793115 0.8899537 0.4183224 0.1816281 0.8899533 0.4183232 0.1816283 0.9984799 -0.05178527 -0.01887398 0.998471 -0.05205436 -0.01860227 0.998453 -0.05247565 -0.0183825 0.998475 -0.05063945 -0.02198672 0.998475 -0.05063961 -0.02198681 0.5178105 0.708 0.480217 0.9992174 -0.03857938 -0.008729997 0.8846762 0.4082623 0.2250998 0.5246175 0.8440548 0.111122 0.5363122 0.8365536 0.1120141 0.9984713 -0.05431449 -0.01025069 0.8897291 0.4485701 0.08465791 0.5363507 0.8370995 0.1076676 0.8899678 0.4553177 0.02535765 0.9992777 -0.03800286 0 0.9984751 -0.05511705 -0.00306959 0.5246176 0.8440547 -0.111122 0.5363507 0.8370994 -0.1076676 0.8899679 0.4553178 -0.02535765 0.9984751 -0.05511705 0.00306959 0.5363122 0.8365537 -0.1120141 0.8897291 0.4485701 -0.08465791 0.9992174 -0.03857938 0.008729997 0.9984713 -0.05431449 0.01025069 0.890134 0.4356405 -0.1337121 0.9984779 -0.05272552 0.01618316 0.9984798 -0.05201847 0.01822235 0.998471 -0.05205433 0.01860226 0.998453 -0.05224132 0.0190402 0.5353138 0.7748864 -0.3361402 0.6606337 0.704966 -0.2580424 0.9989229 -0.00776105 -0.04574601 0.1170416 0.9175297 -0.3800532 0.8869228 0.4441333 -0.126939 0.998475 -0.05063962 0.02198679 0.5393316 0.7409742 -0.4000986 0.8901791 0.4009005 -0.2164717 0.9984787 -0.0485185 0.02619823 0.9987844 -0.04268803 0.02464596 0.8901796 0.4008998 -0.216471 0.5393314 0.7169828 -0.4416529 0.8901796 0.3879192 -0.2389538 0.9984786 -0.04694752 0.02891913 0.8901799 0.3879189 -0.2389534 0.8899544 0.3664546 -0.2714629 0.2003026 0.7872568 -0.5831857 0.954178 0.1450766 -0.2617197 -0.0533026 0.7922254 -0.6078961 0.9984798 -0.04223777 0.03541087 0.998471 -0.04213735 0.03577853 0.998453 -0.04215775 0.03625511 0.998475 -0.04436092 0.03286177 0.998475 -0.04436088 0.03286174 0.8899543 0.3664548 -0.2714631 0.8345449 0.105185 -0.5408059 0.5178053 0.7698836 -0.3730374 0.9992174 -0.02685012 0.02904575 0.8846781 0.3990702 -0.2410138 0.5363069 0.5152856 -0.6684727 0.9984713 -0.0360345 0.04191222 0.8897308 0.297599 -0.3461415 0.524615 0.5182628 -0.6754131 0.5363492 0.511793 -0.6711166 0.9992776 -0.01900146 0.03291149 0.9984751 -0.03021677 0.04619787 0.889968 0.2496188 -0.3816377 0.9984751 -0.0249002 0.04926756 0.5363503 0.3253071 -0.7787836 0.889968 0.2056984 -0.4069951 0.5246175 0.325793 -0.7865337 0.5363138 0.3212693 -0.7804829 0.9992175 -0.01172929 0.03777574 0.8897299 0.1509686 -0.4308007 0.9984713 -0.01827987 0.05216306 0.5392395 0.1885425 -0.8207756 0.9984799 -0.0102287 0.05416015 0.998471 -0.009916631 0.05438184 0.998453 -0.009631781 0.05476152 0.9984779 -0.01234772 0.05375295 0.8901348 0.1020222 -0.4441302 0.890135 0.1020222 -0.4441296 0.834545 -0.261395 -0.4849819 0.1624532 0.1492898 -0.9753572 -0.1112406 0.1297159 -0.9852915 0.9773358 0.03202935 -0.2092579 0.9984786 -0.007829295 0.05458118 0.8823299 0.1836033 -0.4333403 0.5393278 0.02399196 -0.841754 0.3304378 0.0805831 -0.9403815 0.8901801 0.01298024 -0.4554237 0.9984786 -0.001570933 0.05511763 0.9984786 -0.004707749 0.05493845 0.9984787 -0.001570983 0.0551174 0.9984786 -0.004707774 0.05493853 0.8901794 0.01298068 -0.4554252 0.8901792 0.03889946 -0.4539469 0.8901795 0.03889954 -0.4539464 -0 -0.130526 -0.9914449 0 -0.130526 -0.9914449 0 -0.3826835 -0.9238795 0 -0.3826835 -0.9238795 0 -0.6087613 -0.7933534 -0 -0.7933536 -0.6087611 0 -0.6087613 -0.7933534 0 -0.7933536 -0.6087611 0 -0.9238795 -0.3826834 -0 -0.9914448 -0.1305268 0 -0.9238795 -0.3826834 0 -0.9914448 -0.1305268 0 -0.9914448 0.1305268 0 -0.9914448 0.1305268 0 -0.9238795 0.3826834 0 -0.9238795 0.3826834 0 -0.7933536 0.6087611 0 -0.6087613 0.7933534 0 -0.7933536 0.6087611 0 -0.6087613 0.7933534 0 -0.3826835 0.9238795 0 -0.3826835 0.9238795 0 -0.130526 0.9914449 0 -0.130526 0.9914449 0.9997879 -0.001626202 -0.02052693 0.9997865 -0.00271481 -0.02048413 0.9997802 -0.0005523358 -0.02095496 0.9993669 -0.03514584 0.005528639 0.9904673 0.1142362 0.07697192 0.9899751 -0.04545283 0.1337287 0.98318 0.02593293 0.180789 0.9841953 0.01398481 0.1765339 0.9834157 0.01548472 0.1807035 0.9869145 -0.006128212 0.161128 0.9855308 -0.06872734 0.1549374 0.9797156 -0.1354847 0.1476522 0.9845107 0.004995145 0.1752534 0.9753279 0.208657 0.072095 0.447657 -0.8409695 -0.30393 0.4224723 -0.1096943 -0.8997135 0.1079853 0.9548807 -0.2766627 0.9641557 -0.04596346 -0.2613256 0.9640476 -0.04767021 -0.2614188 0.9640064 -0.04934173 -0.2612603 0.9921179 -0.08505943 -0.09201504 0.7607647 -0.440565 -0.4765916 0.9921179 -0.08505947 -0.0920151 0.2835502 -0.6509477 -0.7041778 0.2835536 -0.6509467 -0.7041773 0.7607658 -0.440564 -0.4765908 0.755331 -0.2574562 -0.6026535 0.9921179 -0.03715773 -0.1196714 0.9921179 -0.06265363 -0.1085193 0.7607656 -0.3245133 -0.5620737 0.9921179 -0.06265361 -0.1085193 0.2835507 -0.4794785 -0.8304815 0.2835504 -0.2843621 -0.9158261 0.2835501 -0.4794786 -0.8304815 0.7627473 -0.2573494 -0.5932856 0.7607655 -0.3245134 -0.5620738 0.992214 -0.09443009 -0.08120581 0.7624711 -0.4711901 -0.443416 0.2843207 -0.7732071 -0.5668443 0.281126 -0.7655637 -0.5786886 0.9940549 -0.08299901 -0.07047141 0.7571214 -0.5000689 -0.4203549 0.9925706 -0.1116356 -0.04838547 0.7635378 -0.5447215 -0.3468263 0.2821026 -0.7629677 -0.5816342 0.994783 -0.07817454 -0.06553915 0.9922749 -0.1220955 -0.02198203 0.2804771 -0.7781262 -0.5620072 0.7615108 -0.5599693 -0.3263981 0.7684038 -0.5093762 -0.3874163 0.9934089 -0.1144279 -0.006708533 0.7663257 -0.5592609 -0.3161836 0.2803166 -0.7819963 -0.5566906 0.9933637 -0.1148567 -0.006048452 0.2803053 -0.7824615 -0.5560423 0.7664263 -0.5583799 -0.3174942 0.9931411 -0.1168842 -0.002971993 0.02009867 0.5552473 -0.8314425 0.7691756 -0.5129312 -0.3811435 0.7691838 -0.5133987 -0.380497 0.2803203 -0.7816824 -0.5571293 0.7662081 -0.5602252 -0.3147583 0.02110179 0.5548736 -0.8316669 0.7692459 -0.516305 -0.3764171 0.9997913 -0.01867093 -0.008297392 0.9997913 -0.01652125 -0.01202083 0.9997758 -0.01833816 -0.01058754 0.9997758 -0.01833812 -0.01058755 0.9984598 0.04804816 0.02774008 0.9984598 0.04804784 0.02774051 0.9914342 0.1131103 0.06530299 0.9902053 0.1201605 0.07109703 0.9911244 0.1124609 0.07088654 0.9880945 0.1361713 0.07160015 0.9841952 0.1598753 0.07615574 0.9791447 0.1863567 0.08091293 0.9873279 0.138359 0.07772022 0.9846455 0.1512813 0.08710396 0.9850724 0.1493057 0.08567485 0.9846814 0.1464554 0.09462089 0.9834533 0.1490826 0.102927 0.9845802 0.1514972 0.08746689 0.9826378 0.1507592 0.1081422 0.9783937 0.1669766 0.1219207 0.9736388 0.183284 0.1357738 0.992214 -0.117541 -0.0411781 0.7624746 -0.6196053 -0.1863377 0.2843108 -0.8775158 -0.3861779 0.2811237 -0.883936 -0.3736664 0.9940549 -0.102531 -0.03663697 0.9925705 -0.09772152 -0.0724868 0.7571225 -0.6140706 -0.2228964 0.2821088 -0.8851998 -0.3699134 0.7635382 -0.572728 -0.2983153 0.9947831 -0.09584523 -0.03493235 0.9922753 -0.0800855 -0.09474199 0.768407 -0.5902079 -0.2473973 0.2804731 -0.8757237 -0.3929922 0.7615016 -0.5626168 -0.321835 0.9934089 -0.06302331 -0.09574352 0.2803265 -0.8732822 -0.398491 0.766345 -0.5535708 -0.3259981 0.9933553 -0.06260093 -0.09657269 0.2803132 -0.8728912 -0.3993562 0.7664407 -0.5542335 -0.3246442 0.9931822 -0.06131074 -0.09914788 0.02010723 -0.4424323 0.8965765 0.7691779 -0.5865358 -0.2536555 0.2802912 -0.8721074 -0.4010805 0.7691956 -0.5858548 -0.2551713 0.02109693 -0.4428085 0.896368 0.7660728 -0.5518173 -0.3295909 0.7691919 -0.5859624 -0.2549351 0.1081695 -0.7171317 -0.6884921 0.9641556 -0.2033336 0.1704688 0.9640478 -0.202563 0.1719888 0.9640067 -0.2015892 0.1733581 0.44756 0.1573909 0.8802944 0.4224775 -0.7243252 0.5448539 0.9921179 -0.03715773 0.1196714 0.7607652 -0.1924578 0.6198359 0.9921179 -0.03715773 0.1196714 0.2835509 -0.2843621 0.9158258 0.2835504 -0.2843621 0.9158261 0.7607654 -0.1924577 0.6198356 0.9921179 -0.08505947 0.0920151 0.9921179 -0.0626536 0.1085193 0.7553316 -0.3931847 0.52429 0.9921179 -0.06265362 0.1085193 0.28355 -0.4794786 0.8304816 0.2835502 -0.6509477 0.7041778 0.2835505 -0.4794785 0.8304815 0.7607654 -0.3245134 0.5620739 0.7607657 -0.3245132 0.5620736 0.7627476 -0.3851255 0.5195137 0.9922139 -0.02311304 0.1223818 0.7624691 -0.148537 0.6297441 0.2843176 -0.1042867 0.9530413 0.2811241 -0.1183766 0.9523426 0.9940548 -0.01953262 0.1071149 0.7571105 -0.1140165 0.6432605 0.9925705 0.01393188 0.1208713 0.7635255 -0.02810194 0.645166 0.2821214 -0.1223029 0.9515512 0.994783 -0.01767143 0.1004709 0.9922818 0.04192487 0.1167013 0.2804686 -0.0973658 0.9549122 0.7614586 -0.002344577 0.6482092 0.7684048 -0.08087307 0.6348336 0.9934162 0.05127866 0.1024437 0.7663256 0.00580004 0.6424262 0.2803102 -0.09094079 0.955592 0.9933679 0.05212026 0.1024878 0.2803099 -0.0909152 0.9555945 0.766458 0.003721587 0.6422836 0.993175 0.05532326 0.1026775 0.02010639 -0.9976742 -0.06513007 0.2803144 -0.09132216 0.9555543 0.7691775 -0.07360779 0.6347817 0.7691898 -0.07248168 0.6348965 0.7662033 0.007571376 0.6425536 0.02109174 -0.9976818 -0.0647019 0.7692255 -0.0698671 0.6351463 0.9997865 -0.00271481 0.02048413 0.9997879 -0.001626202 0.02052693 0.9997802 -0.0005523396 0.02095496 0.9993669 -0.03514584 -0.00552864 0.9904673 0.1142362 -0.07697192 0.9875214 -0.06870308 -0.1417095 0.9865891 -0.009022907 -0.1629738 0.9852743 0.0007270598 -0.1709795 0.9833118 -0.1055296 -0.1481942 0.9846815 0.008715844 -0.1741445 0.9834384 0.01466527 -0.1806488 0.9846473 0.004973245 -0.174485 0.9832414 0.01556518 -0.1816425 0.984022 0.02094422 -0.1768112 0.9819405 0.02538792 -0.187479 0.9808002 0.02769022 -0.1930397 0.9753278 0.208657 -0.072095 0.6245301 -0.4060542 -0.6671448 0.4109244 0.2124486 -0.8865702 0.4840734 -0.1561891 -0.860975 0.9069185 0.109578 -0.4068067 0.9165297 0.126487 -0.3794395 0.3642174 0.0219722 -0.9310548 0.9491493 -0.07590768 -0.3055383 0.4294625 -0.2426333 -0.8698798 0.9486337 0.02480672 -0.3154022 0.4034013 -0.4527991 -0.7951355 0.9475114 -0.07474703 -0.3108615 0.4927327 -0.6144618 -0.6161585 0.5695097 -0.1400733 -0.8099619 0.9574813 -0.1987272 -0.2091343 0.4664362 -0.6058993 -0.6444557 0.9646226 -0.1289683 -0.2299358 0 0.09487378 -0.9954893 0.01354274 0.3938183 -0.9190885 -0.007929467 0.1422164 -0.9898039 0 0.4347266 -0.9005625 -0.9995371 -0.02149489 0.02153395 -0.9991731 -0.039563 0.009374909 -0.9914247 0.005043135 0.1305817 -0.9995373 -0.01216698 0.02787426 -0.9929819 -0.05091117 0.106747 -0.9920456 -0.124921 -0.01549753 -0.992982 -0.05913308 0.1024214 -0.992982 -0.06699003 0.09746384 -0.9928783 -0.05854351 0.1037564 -0.9136343 -0.3780471 -0.149508 -0.9759731 0.0006890371 -0.2178901 -0.9759552 0.002067838 -0.217961 -0.9759619 0.003442976 -0.2179141 -0.9999938 -0.003291358 -0.001311364 -0.9999477 -0.009310358 0.004234954 -0.9999962 0.002412135 -0.001392647 -0.9998296 -0.01632925 0.008603899 -0.9998969 -0.01246684 0.007120305 -0.992468 -0.1134724 0.04616445 -0.992982 -0.1179012 0.009282748 -0.9929819 -0.1182661 0 -0.9939926 0.09478442 -0.05472382 -0.9939926 0.09478429 -0.05472399 -0.9759812 0.1886674 -0.1089277 -0.9759457 0.1874124 -0.111385 -0.9759812 0.1886672 -0.1089279 -0.9759457 0.1901689 -0.1066107 -0.9919709 -0.1247522 0.02075368 -0.9928783 -0.1191274 0.001177906 -0.9929819 -0.1179012 -0.009282652 -0.9999943 -0.0008892283 -0.003239782 -0.9999937 0.0026562 -0.00237429 -0.9999206 0.0102066 0.007383566 -0.9999896 -0.002609931 -0.003753155 -0.9931523 -0.1020163 -0.05693222 -0.9942586 -0.05830368 -0.08972573 -0.9995638 -0.009159527 -0.0280783 -0.9996575 -0.01128417 -0.02361375 -0.991323 0.01518536 -0.1305683 -0.9939671 0.09612945 0.05280668 -0.9928074 0.08852839 0.0805982 -0.9758981 0.1894106 0.1083809 -0.9761774 0.1860856 0.1115785 -0.9757172 0.1867404 0.1144721 -0.9750354 0.1857222 0.1217093 -0.9987527 -0.04743205 0.0156023 -0.9750471 0.01324046 0.2216026 -0.9754615 0.007881621 0.220029 -0.9858294 -0.04599515 0.1613221 -0.9763277 0.002581739 0.2162813 -0.9801507 0.1638979 0.1115445 -0.952076 0.2770185 -0.1296616 0 0.1305263 0.9914448 2.545219e-05 0.3826835 0.9238794 2.462354e-05 0.1305396 0.9914431 2.435842e-05 0.6087616 0.7933532 2.484788e-05 0.3826832 0.9238796 0 0.7933531 0.6087617 0 0.6087511 0.7933612 2.565708e-05 0.9238796 0.3826833 2.488875e-05 0.7933614 0.6087511 2.401309e-05 0.9914448 0.1305263 2.476627e-05 0.9238794 0.3826837 6.098354e-13 0.9914448 -0.1305263 0 0.9914432 0.1305392 2.403192e-05 0.9914432 -0.1305392 2.566388e-05 0.9238796 -0.3826833 2.475267e-05 0.9238794 -0.3826837 0 0.7933531 -0.6087617 2.488209e-05 0.7933614 -0.6087511 2.439905e-05 0.6087616 -0.7933532 0 0.6087511 -0.7933612 2.545987e-05 0.3826835 -0.9238794 2.487269e-05 0.3826832 -0.9238796 0 0.1305263 -0.9914448 2.461388e-05 0.1305396 -0.9914431 -0.5484295 -0.4992047 -0.6708351 -0.6027163 -0.3584078 -0.7129354 -0.4523782 -0.3835441 -0.8051383 -0.4140837 -0.5384877 -0.7338703 -0.2533829 -0.1461709 -0.956259 -0.3340797 0.09537865 -0.9377066 -0.0394249 0.128436 -0.9909338 0.1090961 -0.02786525 -0.9936406 -0.06535061 0.6773565 -0.7327465 -0.01309982 0.6787495 -0.734253 -0.06535337 0.6773564 -0.7327464 -0.03928493 0.6782835 -0.7337493 -0.01305974 0.4999575 -0.8659515 -0.03929684 0.6782833 -0.733749 -0.01305149 0.6787497 -0.7342537 -0.06538074 0.4989302 -0.8641725 -0.06539643 0.2958979 -0.9529784 -0.03925369 0.2964516 -0.9542409 -0.06537689 0.4989303 -0.8641727 -0.03927253 0.4996142 -0.8653573 -0.01305106 0.2965071 -0.9549415 -0.01303951 0.4999575 -0.8659518 -0.03926204 0.4996145 -0.8653577 -0.03925024 0.2964516 -0.9542409 -0.01260253 0.9144822 -0.4044297 -0.06446718 0.8684068 -0.4916438 -0.03864759 0.8765213 -0.479809 -0.1272954 0.8460742 -0.517643 -0.3742474 0.9088032 -0.1844332 -0.4200894 0.888858 -0.182911 -0.3615147 0.9222338 -0.1370843 -0.3981317 0.9058587 -0.144607 -0.3408057 0.8494014 0.4029501 -0.2214612 0.902376 -0.3696925 -0.8135411 0.5809824 0.02470675 -0.673282 0.2117048 0.7084296 -0.2006525 0.7886493 -0.5811807 -0.3403308 0.06555055 -0.9380181 -0.5591382 0.3072575 -0.7700372 -0.5972421 0.437369 -0.672317 -0.303218 0.4112331 -0.8596197 -0.7559866 0.3598323 -0.5468134 -0.2614898 0.169188 -0.9502623 -0.2508658 0.757424 -0.6028062 -0.2621706 0.7567625 -0.5988131 -0.08794236 0.8977002 -0.4317411 -0.03912677 0.8901665 -0.4539523 -0.06538723 0.9732531 0.2202341 -0.03926476 0.9745882 0.2205362 -0.06540746 0.9732516 0.2202339 -0.013097 0.9752566 0.2206876 -0.01308809 0.9752567 0.2206877 -0.03924028 0.9745891 0.2205365 -0.06540771 0.9978586 0 -0.06540746 0.9732516 -0.2202339 -0.03925629 0.9746225 -0.2203857 -0.06540771 0.9978586 0 -0.0130897 0.9999143 0 -0.01308809 0.9752567 -0.2206877 -0.0130897 0.9999143 0 -0.0392389 0.9992298 0 -0.0392389 0.9992298 0 -0.03924095 0.974623 -0.220386 -0.01260031 0.807487 0.5897509 -0.06450866 0.8599884 0.50622 -0.03862203 0.8537811 0.5191976 -0.1272963 0.8713291 0.4738999 -0.4200863 0.6028333 0.6783211 -0.3614893 0.5798377 0.7301463 -0.3742214 0.6141292 0.6948407 -0.3981311 0.5781642 0.7121922 -0.4158229 -0.906757 0.06987926 -0.2940722 0.1767698 0.9392943 -0.3402761 0.06558393 0.9380357 -0.1995524 0.7895381 0.5803519 -0.8141968 0.2692282 0.5143924 -0.3296004 0.08011435 0.9407153 -0.8147253 0.2657214 0.5153785 0 0.6122452 -0.790668 0.01835998 0.9153105 -0.4023303 -0.05590026 0.7672707 -0.6388826 0.0067046 0.9618344 -0.27355 -0.007303074 0.993754 -0.1113541 0.03980812 0.9642996 0.2618045 0.0234982 0.9782917 0.2058958 0.02493268 0.9319761 0.3616615 0.009076089 0.8867725 0.4621172 0 0.7953389 0.606165 0 0.6788077 0.7343161 0 0.6788077 0.7343161 0 0.5000001 0.8660253 0 0.5000001 0.8660253 0 0.2965324 0.9550228 0 0.2965324 0.9550228 -0 0.09475625 0.9955005 0.002792635 0.127246 0.9918672 0 0.03274047 0.9994639 0 -0.2575884 0.9662548 -0.01462222 -0.3063408 0.9518096 0.01191548 -0.7076207 0.7064919 0.01221213 -0.9911572 0.1321295 -0.0113847 -0.9007621 0.4341635 -0.03704549 -0.8263815 0.5618908 0 -0.9972733 0.07379621 0 0.9961947 0.08715548 0 0.9961947 0.08715549 0.03900129 0.9106963 0.4112313 0 0.9574894 0.2884685 0 0.571239 0.8207837 -0.03582986 0.6836811 0.7289008 0 0.5664333 0.8241076 0 0.5664333 0.8241076 0 0.5000004 0.8660251 0 0.5000004 0.8660251 0 0.4304816 0.9025994 0 0.4304816 0.9025994 0 0.3152594 0.9490055 0 0.3152594 0.9490055 0 -0.01280366 0.9999181 0.003823439 -0.216397 0.976298 0 -0.2289229 0.9734446 0 -0.4226182 0.9063078 0 -0.4226182 0.9063078 -0.6860559 0.4710686 -0.5544561 -0.412728 0.2285142 -0.8817238 -0.4791106 -0.1956311 -0.855676 -0.8763945 -0.008007457 -0.4815273 -0.7170811 0.368402 -0.5916711 -0.4931547 0.4536956 -0.7422659 -0.7024167 0.3069374 -0.642184 -0.8280168 0.2440481 -0.5048055 -0.8668145 0.4096366 -0.284307 -0.6424561 0.7166151 -0.2715012 -0.5113442 0.6991497 -0.4997168 -0.6384472 0.5011743 -0.5841314 0.0002991573 0.2953084 0.955402 -0.9177442 0.3856725 -0.09488024 -0.4242885 0.9027086 -0.07138972 -0.5881381 0.6662123 -0.4585353 -0.9013497 0.4323438 -0.02544602 -0.9168196 0.3941169 -0.06413882 -0.3755318 0.9122836 -0.1634458 -0.2533776 0.9643825 -0.07593635 -0.958459 0.2843503 -0.02238938 -0.6528664 0.6293498 0.4215261 -0.2533786 0.9643821 0.07593632 -0.9584584 0.2843522 0.02238953 -0.6294741 0.6331711 0.4503962 -0.6951862 0.7166117 -0.05642599 -0.2533787 0.9673671 0 -0.2533787 0.9673672 0 -0.2533787 0.9643822 -0.07593544 -0.9584584 0.2852322 0 -0.9584584 0.2852322 0 -0.6951905 0.7188255 0 -0.6951905 0.7188255 0 -0.6951905 0.7166078 -0.05642063 -0.9584585 0.2843522 -0.02238789 -0.9179482 0.3899825 0.07269505 -0.9574586 0.2882677 0.01322427 -0.003819368 0.5377786 -0.8430775 -0.921903 0.3359422 0.1929708 -0.9114466 0.4052701 0.07086083 -0.2526409 0.9671307 -0.02882535 -0.6945415 0.7186833 -0.03326569 -0.6577479 0.7528146 0.02525646 -0.405516 0.8935314 0.1927653 -0.368609 0.8931045 0.25786 -0.6106642 0.7053623 0.3599347 -0.4052497 0.8936751 0.1926588 -0.7304759 0.6685517 0.1394403 -0.4332224 0.6535841 0.6206015 -0.5961109 0.785927 0.1642271 -0.9079012 0.305333 0.2872059 -0.591504 0.2124145 0.7778194 -0.6860546 -0.2446394 -0.6851866 -0.4127277 -0.6493381 -0.6387612 -0.4791096 -0.8388535 -0.2584157 -0.8763945 -0.4210189 -0.2338287 -0.7170813 -0.3282012 -0.6148807 -0.4931559 -0.4159732 -0.7640442 -0.7024165 -0.4026788 -0.5869077 -0.8280166 -0.3151505 -0.463755 -0.8753271 -0.04003622 -0.481871 -0.6053218 0.2279786 -0.7626345 -0.4410503 -0.1953875 -0.8759557 -0.3966958 0.1154834 -0.9106569 -0.5010277 -0.5676071 -0.6532943 -0.3439205 -0.04180229 -0.9380678 -0.894069 -0.01777172 -0.4475765 0.0002983108 0.9750568 0.2219554 -0.9177414 0.1107928 -0.3814127 -0.4242866 0.3895301 -0.8174638 -0.588137 -0.06399868 -0.8062251 -0.9013498 0.1941348 -0.3871436 -0.9168186 0.1415159 -0.3733855 -0.3755331 0.3145995 -0.8717809 -0.9584587 0.1227864 -0.2574499 -0.2533728 0.5479499 -0.7972159 -0.9584586 0.1615652 -0.2350612 -0.6489652 0.6892636 -0.3221175 -0.6418175 0.6795835 -0.3552979 -0.2533757 0.4164326 -0.8731464 -0.2533734 0.4836846 -0.8377655 -0.2533737 0.4164343 -0.8731462 -0.2533732 0.4836845 -0.8377658 -0.6951886 0.3094415 -0.6488134 -0.9584585 0.142616 -0.247018 -0.9584586 0.1426157 -0.2470179 -0.6951893 0.3094405 -0.6488131 -0.6951894 0.3594134 -0.6225221 -0.695189 0.3594133 -0.6225225 -0.9584585 0.1227869 -0.2574501 -0.9179486 0.2579462 -0.3013873 -0.9574581 0.1555873 -0.2430358 -0.003807588 -0.461248 -0.8872631 -0.921903 0.3350745 -0.1944734 -0.9114474 0.2640009 -0.3155425 -0.2526392 0.4585933 -0.8519774 -0.6945443 0.3305248 -0.6390319 -0.6577455 0.3982818 -0.6393296 -0.4055105 0.6137061 -0.6774409 -0.3686058 0.6698633 -0.6445253 -0.6106674 0.6643918 -0.4308931 -0.4052582 0.6136869 -0.6776092 -0.730476 0.455038 -0.5092595 -0.4332211 0.8642491 -0.2557204 -0.5961096 0.5351869 -0.5985218 -0.9079018 0.401393 -0.1208224 -0.5915048 0.7798181 0.2049533 -0.7170818 0.6966026 -0.02320947 -0.8280168 0.5591986 0.04105099 -0.7024167 0.7096163 0.05527649 -0.4931566 0.8696679 -0.02177833 -0.6862695 0.7157771 -0.1292181 -0.87637 0.4130627 0.2476991 -0.4782025 0.6427028 0.5985445 -0.4125737 0.8779361 0.2429219 0 0.9924266 0.1228386 -0.01692596 0.9847194 0.173324 0.02178426 0.8206421 0.571027 0.01766421 0.8265749 0.5625495 0.01156244 0.4589121 0.8884065 -0.008742729 0.5931195 0.8050669 -0.006607317 0.3071353 0.9516429 0 0.1341345 0.9909631 0.008653004 0.07590406 0.9970775 0 -0.03273978 0.9994639 0 -0.09475555 0.9955006 0.002891406 -0.1272447 0.9918672 0 -0.2965326 0.9550228 0 -0.2965326 0.9550228 0 -0.6788077 0.7343161 0 -0.4999998 0.8660255 0 -0.4999998 0.8660255 0 -0.6788077 0.7343161 0 -0.7953389 0.606165 0.01409097 -0.9261688 0.3768459 -0.02984317 -0.9704809 0.2393246 0.02638925 -0.9726852 -0.2306235 -0.01288992 -0.8221807 -0.5690806 -0.0482026 -0.8983179 -0.4366938 0.01354287 -0.5990441 -0.8006015 0 -0.5625456 -0.8267663 0.4013304 -0.8585643 0.3190635 0.9442772 -0.2625829 0.1984714 -0.1185736 0.2639371 0.9572238 0.9431049 -0.2600771 0.207155 0.4054998 -0.8673126 0.2886844 0.4992431 -0.5903292 0.6342458 0.9232718 -0.2600236 0.2827666 0.9372402 -0.2493759 0.2437059 0.3913789 -0.8367612 0.3829533 0.6608475 -0.6539686 0.3682465 0.9064191 -0.1483178 0.3954822 0.5599505 -0.5814446 0.5902352 0.9341008 -0.159434 0.3194315 0.9559379 -0.2820466 0.08143897 -0.09067319 -0.05248254 0.9944969 0.4371987 -0.8827959 0.1718387 0.6347154 -0.6403877 -0.4324811 0.9444041 -0.2963629 0.1423723 0.9519022 -0.2834032 0.116468 0.4072362 -0.911038 0.06456462 -0.04943295 -0.3663655 0.929157 0.4216932 -0.8558337 -0.2995389 0.9646377 -0.2599145 -0.0438005 0.9646372 -0.2599169 -0.04379751 0.4228888 -0.8477522 -0.320127 0.6159219 -0.4457697 -0.6495611 0.9552114 -0.2956764 0.01210716 0.4477998 -0.883433 -0.137918 0.9621379 -0.272317 -0.01158205 0.4172061 -0.8766654 -0.2395761 0.4897888 -0.06275586 -0.8695796 0.9641285 -0.2497998 -0.08975715 0.4279136 -0.7651465 0.481083 0.4372014 -0.807874 -0.3952146 0.6990187 0.5288593 -0.4813321 0.5113469 0.7729105 -0.3756778 0.901354 0.4173271 -0.1157539 0.9392747 0.3235229 -0.1144379 0.3901211 0.7144437 -0.5808406 0.5188138 0.3348042 -0.7865993 0.9470208 0.2296889 -0.2244875 0.9516136 0.2497163 -0.1790904 0.415031 0.5310037 -0.7387722 0.3841455 -0.01629555 -0.9231288 0.6003857 0.582444 -0.5479928 0.9577592 0.08164895 -0.2757367 0.4853152 0.3070785 -0.8186404 0.9643712 0.1555401 -0.2139985 0.9302169 0.3643181 0.04437027 0.9110168 0.4022723 0.09069372 0.6294307 0.6111258 -0.47994 0.4078462 0.912989 0.01060753 0.4734283 0.691912 0.5450903 -0.08884251 -0.1300233 -0.9875227 -0.430707 -0.1177987 0.8947708 -0.08884253 -0.1300233 0.9875227 -0.4307078 -0.1177987 -0.8947705 -0.430707 -0.1177989 -0.8947709 -0.2638192 -0.1259018 -0.9563201 -0.0889133 -0.1300091 -0.9875181 -0.2638182 -0.125902 -0.9563203 -0.4307081 -0.3453684 -0.8337932 -0.4307079 -0.3453686 -0.8337933 -0.2638184 -0.3691259 -0.8911486 -0.088914 -0.3811675 -0.9202204 -0.2638182 -0.3691259 -0.8911487 -0.08891544 -0.3811677 -0.9202202 -0.4307091 -0.5494016 -0.7159942 -0.4307085 -0.5494018 -0.7159942 -0.08884472 -0.6063438 -0.790224 -0.2638172 -0.5871947 -0.7652469 -0.08891229 -0.6063504 -0.7902113 -0.263818 -0.5871945 -0.7652468 -0.4307074 -0.7159948 -0.5494021 -0.4307095 -0.7159937 -0.5494019 -0.08891163 -0.7902192 -0.60634 -0.08884458 -0.7902162 -0.6063539 -0.263821 -0.7652458 -0.5871943 -0.2638173 -0.7652471 -0.5871944 -0.4307054 -0.8337945 -0.3453684 -0.4307075 -0.8337936 -0.3453684 -0.08891381 -0.9202204 -0.3811676 -0.2638209 -0.8911481 -0.3691254 -0.2638215 -0.8911479 -0.3691254 -0.08891341 -0.9202205 -0.3811677 -0.4307107 -0.894769 -0.1177993 -0.4307053 -0.8947717 -0.1177985 -0.2638209 -0.9563196 -0.1259014 -0.08884253 -0.9875226 -0.1300236 -0.2638164 -0.9563208 -0.1259025 -0.08891173 -0.9875183 -0.1300097 -0.4307054 -0.8947716 0.1177996 -0.4307108 -0.8947692 0.1177982 -0.08891192 -0.9875165 0.1300228 -0.08884269 -0.9875243 0.1300105 -0.2638164 -0.9563208 0.1259025 -0.2638209 -0.9563196 0.1259014 -0.4307074 -0.8337938 0.345368 -0.4307055 -0.8337944 0.3453687 -0.2638214 -0.891148 0.3691253 -0.08891342 -0.9202204 0.3811675 -0.08891376 -0.9202205 0.3811677 -0.2638208 -0.8911481 0.3691255 -0.4307095 -0.7159939 0.5494015 -0.4307074 -0.7159944 0.5494025 -0.2638173 -0.7652466 0.587195 -0.08884443 -0.790224 0.6063437 -0.08891156 -0.7902114 0.6063502 -0.2638211 -0.7652462 0.5871937 -0.4307085 -0.5494018 0.7159943 -0.4307091 -0.5494017 0.7159941 -0.08884484 -0.6063541 0.790216 -0.263818 -0.5871946 0.7652467 -0.08891255 -0.6063401 0.7902191 -0.2638173 -0.5871946 0.765247 -0.4307082 -0.3453685 0.8337932 -0.4307079 -0.3453685 0.8337933 -0.4307078 -0.1177988 0.8947705 -0.2638192 -0.1259018 0.9563201 -0.2638183 -0.3691259 0.8911487 -0.08891407 -0.3811677 0.9202203 -0.08891535 -0.3811675 0.9202203 -0.2638184 -0.3691259 0.8911486 -0.0889133 -0.1300091 0.9875181 -0.2638182 -0.125902 0.9563203 0 0.9969143 -0.07849792 0 1 0 0 0.9969143 -0.07849792 0 1 0 0 0.9969143 0.07849792 0 0.9969143 0.07849792 0.2213334 0.9628775 -0.1545267 0.2436328 0.969818 0.009812104 0.6664259 0.7239046 -0.1784343 0.4547658 0.8902631 0.02489533 0.2707349 0.6939303 -0.6672056 0.3668462 0.8618031 0.3503131 0.7832286 0.5893415 -0.1980639 0.7263517 0.6673111 0.1646489 0.2687936 0.9487847 0.1660048 0.8697549 0.06483521 -0.4892063 0.865787 0.03952055 -0.4988498 0.8637366 0.01327857 -0.5037684 0.9021546 0.1537778 -0.4030751 0.8887014 0.1275537 -0.440386 0.8768262 0.09523246 -0.4712817 0.9155741 0.1731177 -0.3629798 0.9279605 0.1863391 -0.3227494 0.9391671 0.1945485 -0.2830476 0.9491606 0.1986067 -0.2442326 0.9495268 0.2352129 -0.207542 0.9447616 0.2270481 -0.2363781 0.9545399 0.2410329 -0.175376 0.9300574 0.1971319 -0.3100519 0.959735 0.2432726 -0.1404535 0.9643533 0.2418153 -0.1074622 0.9680286 0.2377714 -0.07990825 0.9685443 0.2456974 -0.03943057 0.9671751 0.2467263 -0.06081628 0.9698215 0.2430638 -0.01913828 0.9631144 0.2447715 -0.1117928 0.908272 0.3383061 0.2461523 0.9640031 0.2302683 0.1329454 0.8528161 0.05399027 0.5194128 0.8767309 0.02987094 0.4800529 0.900534 0.009005427 0.4346924 0.863292 0.03471909 0.5035091 0.9003658 0.1229867 0.4173916 0.9250487 0.1578334 0.3455046 0.9466145 0.1740894 0.2713188 0.9591262 0.2434252 0.1442955 0.934517 0.1721096 0.3115386 0.9680286 0.2377714 0.07990844 0.9643533 0.2418153 0.1074621 0.954174 0.2300157 0.1914286 0 -1 0 0.9698215 0.2430638 0.01913828 0.9709978 0.2390884 0 0.9671751 0.2467263 0.06081628 0.9685443 0.2456974 0.03943057 0.9709978 0.2390884 -0 0.9631144 0.2447715 0.1117928 0.2213347 0.3476107 -0.9111409 0.3857323 -0.09125477 -0.9180867 0.4017692 0.4907263 -0.7731555 0.742583 0.1863304 -0.6433129 0.7385831 0.1335294 -0.6608063 0.4759642 0.4763067 -0.7393172 0.07432906 0.5648664 -0.8218279 0.3634821 0.5276907 -0.767739 0.07432324 0.429291 -0.900103 0.2215128 0.3882163 -0.8945503 0.3634813 0.4010352 -0.8408639 0.2209393 0.3885233 -0.8945588 0.07432453 0.4986175 -0.8636298 0.2213643 0.5523816 -0.8036619 0.0743226 0.4986178 -0.8636298 0.07432447 0.5648674 -0.8218276 0.3634869 0.4658009 -0.806788 0.3634813 0.4658007 -0.8067906 0.2213628 0.4875957 -0.8445406 0.2213589 0.4875969 -0.844541 0.2213581 0.5523836 -0.8036622 0.3634877 0.5276906 -0.7677364 0.2209314 0.6406836 -0.7353324 0.3634565 0.5877661 -0.7227935 0.666416 0.5164877 -0.5377082 0.07389056 0.5004112 -0.8626289 0.2436394 0.4764128 -0.8447903 0.5151619 0.4525743 -0.7278631 0.3575269 0.1489393 -0.9219499 0.3471875 -0.01133013 -0.9377273 0.2707304 0.9247842 -0.2673562 0.7832323 0.4661934 -0.4113523 0.2688037 0.3306066 -0.9046789 0.7263445 0.1910303 -0.6602508 0.07430372 0.9941584 0.07828093 0.3634993 0.9287204 0.07312059 0.2215112 0.9688271 -0.1109354 0.07433707 0.9941559 -0.07828073 0.3635112 0.9287158 -0.07312023 0.2209253 0.9689281 -0.1112225 0.07433711 0.9972331 0 0.2213665 0.9721821 0.07654286 0.07433711 0.9972332 0 0.07433709 0.9941565 0.07827298 0.3635112 0.9315898 0 0.3635112 0.9315898 0 0.2213551 0.9751933 0 0.2213551 0.9721845 0.07654577 0.3635111 0.9287156 0.07312322 0.2213551 0.9751933 0 0.2209325 0.9571581 0.1871824 0.3634739 0.9198344 0.147619 0.6664127 0.7239159 0.1784371 0.07386528 0.9972661 0.002055574 0.2436372 0.9698168 -0.009809881 0.51516 0.8566362 0.02801148 0.3668455 0.8618033 -0.3503133 0.2707367 0.6939313 0.6672038 0.7832284 0.5893419 0.1980641 0.7263414 0.6673137 -0.1646832 0.2688005 0.9487805 -0.1660178 0.2213346 0.6152656 0.7566103 0.7319285 0.4720153 0.4914086 0.7261012 0.5155766 0.4549263 0.4103647 0.817481 0.4041354 0.3032908 -0.01167494 0.9528266 0.3746235 0.4337092 0.8194838 0.4727086 0.4054619 0.7823984 0.3634813 0.4010352 0.8408639 0.2215123 0.580484 0.7835628 0.07432447 0.5648666 0.8218282 0.3634877 0.5276895 0.7677372 0.2209281 0.5807822 0.7835066 0.07432266 0.4986175 0.86363 0.07432324 0.429291 0.900103 0.07433531 0.429288 0.9001033 0.0743246 0.4986178 0.8636296 0.221361 0.4198 0.8802087 0.3634813 0.465802 0.8067899 0.3634869 0.4657996 0.8067887 0.2213589 0.4875961 0.8445414 0.2213626 0.4875965 0.8445402 0.2213624 0.4197995 0.8802084 0.3634813 0.4010352 0.8408639 0.2209276 0.3164741 0.9225156 0.3634556 0.3320743 0.8704175 0.07371345 0.5139617 0.8546401 0.4017692 0.4907263 0.7731555 0.3857323 -0.09125477 0.9180867 0.7385831 0.1335294 0.6608063 0.742583 0.1863304 0.6433129 0.5493035 0.4119482 0.7270244 -0 -0.2289229 -0.9734445 0.005722661 -0.2164213 -0.9762833 0 -0.01280366 -0.999918 0 -0.4226182 -0.9063078 -0 -0.4226182 -0.9063078 0 0.130526 0.9914449 0 0.130526 0.9914449 0 0.3826835 0.9238795 -0 0.3826835 0.9238795 0 0.6087615 0.7933533 -0 0.6087615 0.7933533 0 0.7933532 0.6087615 0 0.9238795 0.3826834 -0 0.7933532 0.6087615 0 0.9238795 0.3826834 0 0.9914449 0.1305263 -0 0.9914449 0.1305263 0 0.9914449 -0.1305263 0 0.9914449 -0.1305263 0 0.9238795 -0.3826834 0 0.7933532 -0.6087615 0 0.9238795 -0.3826834 0 0.7933532 -0.6087615 0 0.6087615 -0.7933533 0 0.3826835 -0.9238795 0 0.6087615 -0.7933533 0 0.130526 -0.9914449 0 0.3826835 -0.9238795 0 0.130526 -0.9914449 0.9999847 -0.0001146064 -0.005532057 0.9999845 -0.0003453073 -0.0055494 0.9999841 -0.0005804865 -0.005584565 0.9904671 -0.114238 -0.07697191 0.9899751 0.04545374 -0.1337288 0.98318 -0.02593293 -0.180789 0.9841952 -0.01398482 -0.1765339 0.9834157 -0.01548472 -0.1807035 0.9869145 0.006128206 -0.161128 0.9855307 0.06872756 -0.1549375 0.9797155 0.1354863 -0.1476522 0.9845107 -0.004995158 -0.1752534 0.9571491 -0.281548 -0.067797 0.1079853 -0.9548807 0.2766627 0.9641557 0.04596346 0.2613256 0.9640476 0.04767021 0.2614188 0.9640064 0.04934173 0.2612603 0.447657 0.8409695 0.30393 0.4224723 0.1096943 0.8997135 0.9921179 0.08505972 0.09201536 0.2835504 0.6509477 0.7041778 0.9921179 0.08505979 0.09201542 0.7607662 0.4405639 0.4765903 0.7607658 0.4405642 0.4765906 0.2835502 0.6509477 0.7041778 0.9921179 0.03715773 0.1196714 0.9921179 0.06265366 0.1085193 0.9921179 0.06265377 0.1085196 0.7551779 0.2588283 0.6022577 0.2835482 0.4794791 0.8304819 0.283549 0.284362 0.9158266 0.2835501 0.4794786 0.8304815 0.7607658 0.3245132 0.5620735 0.7607655 0.3245133 0.5620738 0.7627359 0.253823 0.5948176 0.9922139 0.09442906 0.08120777 0.7624727 0.4711883 0.443415 0.2843167 0.7732084 0.5668445 0.2811219 0.7655646 0.5786893 0.9940549 0.08299746 0.07047258 0.7571231 0.5000675 0.4203535 0.9925706 0.1116356 0.04838547 0.7635382 0.5447041 0.3468527 0.2821093 0.7629399 0.5816676 0.994783 0.07817454 0.06553915 0.9922753 0.1220913 0.02198624 0.2804688 0.7782332 0.5618631 0.7614974 0.5600469 0.3262959 0.7684069 0.5093585 0.3874336 0.9934089 0.1144279 0.006708533 0.7663293 0.5592577 0.3161807 0.2803125 0.781997 0.5566917 0.9933584 0.1149061 0.005972422 0.2803216 0.7816164 0.5572212 0.7664945 0.557801 0.318346 0.993164 0.116681 0.003279322 0.02010338 -0.5552428 0.8314453 0.7691793 0.5129276 0.3811408 0.7691919 0.5136304 0.380168 0.2802513 0.7850617 0.5523924 0.7659237 0.5625345 0.3113132 0.02109195 -0.5548745 0.8316666 0.7692255 0.5153696 0.3777385 0.9997913 0.01867102 0.008297361 0.9997758 0.0183382 0.01058756 0.9997913 0.01652124 0.01202089 0.9997758 0.0183382 0.01058756 0.9984598 -0.04804792 -0.02774038 0.9984598 -0.04804787 -0.02774043 0.9914342 -0.1131099 -0.0653038 0.9902053 -0.1201605 -0.07109703 0.9911244 -0.1124606 -0.07088653 0.9880945 -0.1361713 -0.07160015 0.9841952 -0.1598754 -0.07615595 0.9791443 -0.1863586 -0.0809135 0.9873278 -0.1383591 -0.07772051 0.9846455 -0.1512813 -0.08710424 0.9850724 -0.1493057 -0.08567522 0.9846815 -0.1464558 -0.09462043 0.9834409 -0.1491087 -0.1030081 0.9845802 -0.1514971 -0.08746697 0.9826378 -0.1507591 -0.1081417 0.9782777 -0.1673949 -0.122277 0.9736395 -0.1832815 -0.1357716 0.1081678 -0.2376853 0.9653007 0.9640065 0.2509277 0.08790136 0.386292 0.6596583 -0.6446932 0.4246353 0.8330779 0.3544942 0.9644133 0.2484144 0.09053864 0.9643321 0.2492573 0.08907509 0.9643162 0.2427448 0.1056841 0.4210137 0.8494009 0.3182223 0.9921181 0.1222175 -0.02765618 0.7607662 0.6330212 -0.1432442 0.9921179 0.1222174 -0.02765616 0.2835496 0.9353099 -0.2116482 0.2835506 0.9353097 -0.211648 0.7607663 0.6330212 -0.1432442 0.7553313 0.6506411 0.0783631 0.9921179 0.1222174 0.02765617 0.9921179 0.1253075 0 0.7607663 0.6490259 -0 0.9921179 0.1253075 -0 0.2835496 0.9589576 0 0.2835496 0.9353099 0.2116482 0.2835496 0.9589576 -0 0.7627481 0.6424742 0.07377128 0.7607663 0.649026 -0 0.9941984 0.1015132 -0.03556061 0.9941936 0.101331 -0.03621187 0.9906439 0.09905849 -0.09387307 0.7624164 0.6204145 -0.1838672 0.2846893 0.8849855 -0.3684462 0.2865014 0.8824449 -0.3731059 0.7718807 0.593025 -0.2291759 0.9947572 0.09608195 -0.03501863 0.9943471 0.08940049 -0.05728288 0.7688364 0.5814858 -0.2660168 0.280479 0.8649136 -0.4162402 0.7691635 0.5754877 -0.277851 0.7693275 0.5740701 -0.280319 0.994744 0.07717834 -0.06728944 0.2798559 0.859318 -0.4280809 0.7691708 0.5726179 -0.2836989 0.9946654 0.07578821 -0.06997778 0.2797566 0.8577189 -0.4313403 0.9947073 0.07645591 -0.06864215 0.7691652 0.5729759 -0.2829902 0.2798052 0.8587009 -0.4293505 0.02016083 0.4424732 0.8965551 0.7692106 0.5695229 -0.2897565 0.9940126 0.06811451 -0.0854359 0.76917 0.5679677 -0.2928996 0.02053156 0.4429621 0.8963052 0.7692201 0.5665612 -0.2954807 0.7692796 0.5714719 -0.2857075 0.9997913 0.01652124 -0.01202089 0.9997913 0.01867102 -0.008297361 0.9997758 0.0183382 -0.01058756 0.9997758 0.0183382 -0.01058756 0.9984598 -0.04804787 0.02774043 0.9984598 -0.04804791 0.02774038 0.991434 -0.11311 0.06530385 0.9902079 -0.1216413 0.06849582 0.9911244 -0.1176199 0.06195042 0.9880946 -0.1300934 0.08212769 0.9841952 -0.1458908 0.1003782 0.9791443 -0.1632526 0.1209346 0.9873278 -0.1364877 0.0809622 0.9846455 -0.1510753 0.08746129 0.985074 -0.1488415 0.08646132 0.9846816 -0.1551712 0.07952424 0.9834352 -0.1637997 0.07761943 0.9845802 -0.1514968 0.08746679 0.9826379 -0.1690327 0.0764901 0.9782243 -0.18983 0.08391479 0.9736401 -0.2092204 0.09083965 0.4475602 -0.1573903 -0.8802943 0.4224775 0.7243252 -0.5448539 0.1081709 0.7171338 0.6884899 0.9641557 0.2033331 -0.1704682 0.9640477 0.2025603 -0.1719927 0.9640065 0.2015865 -0.1733618 0.2835512 0.2843619 -0.9158259 0.9921179 0.03715783 -0.1196716 0.7607658 0.1924577 -0.6198351 0.9921179 0.03715773 -0.1196714 0.283549 0.2843623 -0.9158264 0.7607654 0.1924577 -0.6198356 0.9921179 0.08505978 -0.09201543 0.9921179 0.0626538 -0.1085196 0.9921179 0.06265362 -0.1085193 0.7551779 0.3921563 -0.5252807 0.28355 0.4794788 -0.8304815 0.2835502 0.6509477 -0.7041778 0.2835481 0.4794789 -0.8304821 0.7607654 0.3245134 -0.5620739 0.7627362 0.3882155 -0.5172254 0.7607657 0.3245132 -0.5620736 0.9922139 0.02311306 -0.1223819 0.7624696 0.148537 -0.6297435 0.2843176 0.1042867 -0.9530413 0.2811241 0.1183766 -0.9523426 0.9940548 0.01953262 -0.1071149 0.7571106 0.114015 -0.6432606 0.9925704 -0.01393172 -0.1208712 0.7635255 0.02810194 -0.645166 0.2821214 0.1223029 -0.9515512 0.994783 0.01767143 -0.1004709 0.9922818 -0.04192487 -0.1167013 0.2804694 0.0973769 -0.9549109 0.7614586 0.002344844 -0.6482092 0.7684045 0.08087315 -0.6348339 0.9934162 -0.05127866 -0.1024437 0.7663257 -0.005797375 -0.6424261 0.2803096 0.09089895 -0.9555961 0.9933655 -0.05216128 -0.10249 0.2803099 0.0909152 -0.9555945 0.766458 -0.003721587 -0.6422836 0.9931858 -0.05515002 -0.102667 0.02010639 0.9976742 0.06513007 0.7691775 0.07360779 -0.6347817 0.2803144 0.09132216 -0.9555543 0.7691892 0.07253842 -0.6348906 0.7662033 -0.007571376 -0.6425536 0.02109174 0.9976818 0.0647019 0.7692284 0.0696485 -0.6351667 0.9997865 0.002714791 -0.02048413 0.999788 0.001626213 -0.02052693 0.9997802 0.0005523397 -0.02095496 0.9993669 0.03514596 0.00552864 0.9904671 -0.114238 0.07697191 0.9875212 0.06870476 0.1417096 0.9865892 0.009022923 0.1629738 0.9852743 -0.0007270609 0.1709795 0.9833117 0.1055305 0.1481941 0.9846815 -0.008715809 0.1741445 0.9834371 -0.0146709 0.180655 0.9846473 -0.004973258 0.174485 0.9832414 -0.01556518 0.1816425 0.984022 -0.02094413 0.1768113 0.9819303 -0.02540887 0.1875296 0.9808002 -0.02769022 0.1930397 0.9753277 -0.208658 0.07209507 0.2567525 -0.1261504 -0.9582089 0.2567524 -0.1261504 0.9582089 0.2567493 -0.1261508 -0.9582097 0.9653624 -0.03405594 -0.2586805 0.9653625 -0.09984685 -0.2410517 0.7040666 -0.09269114 -0.7040586 0.9653624 -0.03405595 -0.2586805 0.7040667 -0.09269114 -0.7040585 0.2567525 -0.3698549 -0.8929085 0.2567492 -0.3698549 -0.8929094 0.7040664 -0.2717564 -0.6560786 0.9653624 -0.09984691 -0.2410519 0.7040664 -0.2717564 -0.6560785 0.2567501 -0.5883542 -0.7667586 0.2567492 -0.7667589 -0.5883542 0.2567537 -0.588354 -0.7667576 0.9653623 -0.1588338 -0.2069962 0.7040681 -0.4323014 -0.563386 0.9653625 -0.1588334 -0.2069959 0.7040657 -0.4323026 -0.5633879 0.2567506 -0.8929089 -0.369855 0.2567509 -0.7667584 -0.5883541 0.9653628 -0.2069948 -0.1588327 0.704066 -0.5633877 -0.4323024 0.7040683 -0.5633861 -0.4323007 0.9653623 -0.2069964 -0.1588337 0.2567517 -0.8929087 -0.369855 0.9653624 -0.2410518 -0.09984685 0.9653624 -0.2586805 -0.03405594 0.9653628 -0.2410503 -0.09984638 0.7040669 -0.6560779 -0.2717564 0.704066 -0.6560788 -0.2717569 0.2567426 -0.9582114 -0.1261515 0.2567426 -0.9582114 0.1261515 0.2567519 -0.958209 -0.1261503 0.7040679 -0.7040575 -0.09269065 0.9653626 -0.2586798 -0.0340558 0.7040669 -0.7040583 -0.09269091 0.2567517 -0.8929087 0.3698549 0.2567518 -0.958209 0.1261503 0.7040679 -0.7040575 0.09269065 0.9653624 -0.2586805 0.03405594 0.9653626 -0.2586798 0.0340558 0.7040669 -0.7040583 0.09269091 0.2567506 -0.8929089 0.3698551 0.7040659 -0.6560789 0.2717568 0.9653628 -0.2410503 0.09984623 0.9653624 -0.2410518 0.09984702 0.7040669 -0.6560778 0.2717566 0.2567492 -0.7667589 0.5883542 0.2567509 -0.7667584 0.5883541 0.7040683 -0.5633859 0.432301 0.9653623 -0.2069962 0.1588338 0.9653628 -0.2069949 0.1588326 0.704066 -0.5633879 0.4323021 0.2567538 -0.5883536 0.7667577 0.2567525 -0.3698549 0.8929085 0.25675 -0.5883546 0.7667584 0.9653623 -0.1588337 0.2069962 0.7040658 -0.4323027 0.5633876 0.7040681 -0.4323011 0.563386 0.9653624 -0.1588335 0.2069959 0.2567492 -0.3698549 0.8929094 0.7040666 -0.09269116 0.7040586 0.2567493 -0.1261508 0.9582097 0.7040663 -0.2717564 0.6560785 0.9653624 -0.03405595 0.2586805 0.9653624 -0.09984692 0.241052 0.7040667 -0.09269112 0.7040585 0.9653625 -0.09984685 0.2410517 0.9653624 -0.03405594 0.2586805 0.7040663 -0.2717564 0.6560785 0.583302 0.7833899 -0.2146136 0.4327529 0.8665346 0.248682 0.6022381 0.5467904 0.5816611 0.9132647 0.3953682 0.0981405 0.7064271 0.7077608 0.00594896 0.3265402 0.9398392 0.1003684 0.6912056 0.6963598 0.1931779 0.9740857 0.214243 0.07250517 0.7064273 0.3590321 -0.6099643 0.3265383 0.5568417 -0.7637408 0.6912055 0.5154774 -0.506476 0.9740858 0.1699126 -0.1492868 0.9301676 0.2207513 -0.2933552 0.9110172 0.2796784 -0.3030307 0.629431 -0.110076 -0.7692204 0.4078445 0.4656802 -0.7853692 0.473426 0.8180206 -0.3266649 0.7064279 -0.3487281 0.6159126 0.9740858 -0.04432989 0.2217919 0.6912059 -0.1808825 0.6996542 0.3265397 -0.3829979 0.864109 0.5838498 -0.5764677 0.5716681 0.9132488 -0.1126992 0.391504 0.6017998 0.2314315 0.7643797 0.4328212 -0.217896 0.8747498 0.5833028 0.2058347 -0.7857416 0.4327539 0.6486332 -0.6260982 0.6022378 0.7771284 -0.1827049 0.9132647 0.2826763 -0.2933287 0.611911 -0.5452406 0.5729553 0.9649326 0.04706775 0.2582437 0.1463722 0.9685042 0.2014319 0.425699 -0.01418517 0.9047536 0.4119734 0.09355024 0.9063808 0.9646638 0.09159036 0.2470528 -0.05069813 0.9876363 -0.1483382 0.6161982 -0.3390897 0.7108572 0.955208 0.1583279 0.2500199 0.4480691 0.3216529 0.8341304 0.9621772 0.1258945 0.2415901 0.4173014 0.2304513 0.879063 0.9559604 0.2113282 0.2036665 -0.09067402 0.8875012 -0.4517961 0.4371969 0.5902208 0.6786002 0.6347157 -0.05434312 0.7708325 0.9444038 0.2714807 0.1854714 0.9518955 0.2425936 0.1871986 0.4072329 0.5114337 0.7567014 0.9442748 0.303184 0.1281582 -0.1185726 0.6970114 -0.7071885 0.4284879 0.7892737 0.4398241 0.9233361 0.3747575 0.08370919 0.9386424 0.3300993 0.09992475 0.3946595 0.7368376 0.5489209 0.3907092 0.8309882 0.3959861 0.9304233 0.3643766 0.03927213 0.4553663 0.8881088 0.06248495 0.6608488 0.6458968 0.3822253 0.9064184 0.4166581 -0.06929424 0.9233911 0.3816217 -0.04139793 0.385542 0.9024329 0.1922819 0.7064271 0.7077608 -0.00594896 0.9740857 0.214243 -0.07250517 0.6912056 0.6963598 -0.1931779 0.3265402 0.9398392 -0.1003684 0.6017991 0.5462565 -0.5826162 0.4328196 0.8665044 -0.248671 0.5838487 0.7833132 0.2134036 0.913249 0.3954021 -0.09815075 0 0.5735766 -0.819152 0 0.5735766 -0.8191519 -3.318036e-05 -0.9961948 -0.08715428 0 -0.9961947 -0.08715562 -0 -0.9961947 -0.08715562 0 -0.5448698 -0.8385206 -0 -0.5448698 -0.8385206 -0 -0.4311643 -0.9022734 0 -0.4311643 -0.9022734 -0 -0.3101295 -0.9506943 0 -0.3101295 -0.9506943 -0 -0.4251678 -0.9051145 0.0349696 -0.3150277 -0.948438 -2.398476e-06 -0.1181417 -0.9929968 -2.413853e-06 0.01588894 -0.9998738 0 0.2319392 -0.9727303 -0.004678968 0.2163104 -0.9763135 0 0.4226182 -0.9063078 0 0.4226182 -0.9063078 -0.686055 -0.47107 0.5544561 -0.4127278 -0.228515 0.8817236 -0.4791106 0.1956311 0.855676 -0.8763945 0.008007457 0.4815273 -0.7170811 -0.368402 0.5916711 -0.4931538 -0.4536959 0.7422665 -0.7024165 -0.3069372 0.6421841 -0.8280172 -0.2440477 0.5048053 -0.866815 -0.4096355 0.284307 -0.6424561 -0.7166151 0.2715012 -0.5113442 -0.6991497 0.4997168 -0.6384478 -0.5011731 0.5841317 0.0002997994 -0.2953069 -0.9554024 -0.917741 -0.3857219 0.09471141 -0.4242853 -0.9027101 0.07138985 -0.5881364 -0.6662129 0.4585368 -0.9013497 -0.4323438 0.02544602 -0.9168189 -0.3941189 0.06413678 -0.3755316 -0.9122847 0.1634403 -0.253372 -0.9643843 0.07593188 -0.2533731 -0.964384 -0.07593185 -0.6489642 -0.6235944 -0.4358616 -0.9584589 -0.2843506 -0.02238785 -0.6418159 -0.6474912 -0.4108864 -0.2533731 -0.9673686 0 -0.6951892 -0.7166091 0.0564223 -0.2533731 -0.9673686 -0 -0.6951874 -0.7188285 -0 -0.2533731 -0.964384 0.07593089 -0.9584585 -0.284352 0.02238931 -0.9584589 -0.2852306 0 -0.9584589 -0.2843506 0.02238785 -0.9584589 -0.2852306 -0 -0.6951874 -0.7166106 0.05642449 -0.6951874 -0.7188285 -0 -0.917949 -0.389981 -0.07269415 -0.957458 -0.2882695 -0.01322528 -0.00380954 -0.5377689 0.8430837 -0.9219019 -0.3359824 -0.1929056 -0.911447 -0.4052693 -0.07085982 -0.2526355 -0.9671316 0.0288403 -0.6945449 -0.7186794 0.03327686 -0.6577427 -0.752819 -0.02525909 -0.4055121 -0.893533 -0.1927657 -0.3686063 -0.893106 -0.2578588 -0.6106635 -0.7053632 -0.3599344 -0.4052581 -0.8936701 -0.1926642 -0.7304732 -0.6685535 -0.1394457 -0.4332201 -0.6535849 -0.6206022 -0.5961094 -0.7859288 -0.1642239 -0.9079021 -0.3053312 -0.2872052 -0.5915037 -0.212413 -0.7778201 -0.7170811 -0.368402 -0.5916711 -0.8280172 -0.2440477 -0.5048053 -0.7024165 -0.3069372 -0.6421841 -0.4931538 -0.4536959 -0.7422665 -0.6862694 -0.469793 -0.5552736 -0.8763693 0.007981907 -0.4815735 -0.4782025 0.1970023 -0.8558694 -0.4125742 -0.228591 -0.8817759 -0.6860546 0.2446394 0.6851866 -0.4127277 0.6493381 0.6387612 -0.4791096 0.8388535 0.2584157 -0.8763945 0.4210189 0.2338287 -0.7170813 0.3282012 0.6148807 -0.4931559 0.4159732 0.7640442 -0.7024165 0.4026788 0.5869077 -0.8280166 0.3151505 0.463755 -0.8753271 0.04003622 0.481871 -0.6053218 -0.2279786 0.7626345 -0.44105 0.1953882 0.8759557 -0.3966966 -0.1154847 0.9106564 -0.501035 0.5676013 0.6532936 -0.3439204 0.04180229 0.9380679 -0.894069 0.01777172 0.4475765 0.0003146883 -0.9750552 -0.2219623 -0.917741 -0.1108174 0.3814066 -0.4242842 -0.3895322 0.8174641 -0.5881372 0.06399838 0.8062251 -0.90135 -0.1941342 0.3871435 -0.9168184 -0.1415169 0.3733858 -0.3755319 -0.3146015 0.8717808 -0.2533757 -0.4164341 0.8731458 -0.253376 -0.5479515 0.7972137 -0.6489652 -0.6892636 0.3221175 -0.9584586 -0.1615652 0.2350612 -0.6418175 -0.6795835 0.3552979 -0.2533735 -0.4836826 0.8377666 -0.2533759 -0.4836841 0.8377651 -0.2533737 -0.4164328 0.873147 -0.6951886 -0.3094415 0.6488134 -0.9584587 -0.1227867 0.2574499 -0.9584585 -0.142616 0.247018 -0.9584585 -0.1227866 0.2574503 -0.9584586 -0.1426157 0.2470179 -0.6951893 -0.3094405 0.6488131 -0.695189 -0.3594133 0.6225225 -0.6951894 -0.3594134 0.6225221 -0.9179495 -0.2579447 0.3013856 -0.9574581 -0.1555877 0.2430356 -0.003807588 0.461248 0.8872631 -0.921903 -0.3350745 0.1944734 -0.9114473 -0.2640004 0.3155433 -0.2526392 -0.4585933 0.8519774 -0.6945443 -0.3305248 0.6390319 -0.6577446 -0.3982834 0.6393296 -0.4055105 -0.6137061 0.6774409 -0.3686058 -0.6698633 0.6445253 -0.6106654 -0.6643922 0.4308954 -0.4052582 -0.6136869 0.6776092 -0.7304743 -0.4550392 0.5092608 -0.433218 -0.8642505 0.2557209 -0.5961082 -0.5351871 0.598523 -0.9079022 -0.4013925 0.1208212 -0.5915033 -0.7798183 -0.204957 -0.7170818 -0.6966025 0.02320998 -0.8280174 -0.5591978 -0.04105091 -0.7024156 -0.7096174 -0.0552766 -0.4931527 -0.8696701 0.02177894 -0.6862686 -0.7157783 0.1292164 -0.8763694 -0.4130634 -0.2477 -0.4782025 -0.6427028 -0.5985445 -0.4125737 -0.8779361 -0.2429219 -0.08884256 0.1300234 0.9875227 -0.430707 0.1177988 -0.8947708 -0.4307071 0.1177989 0.8947709 -0.4307078 0.1177987 0.8947705 -0.2638192 0.1259019 0.9563202 -0.08891535 0.3811675 0.9202203 -0.2638181 0.1259021 0.9563203 -0.08891331 0.1300091 0.9875181 -0.4307081 0.3453684 0.8337932 -0.4307085 0.5494018 0.7159943 -0.4307079 0.3453686 0.8337933 -0.08891255 0.6063401 0.7902191 -0.2638182 0.369126 0.8911487 -0.08891401 0.3811677 0.9202203 -0.2638183 0.3691259 0.8911487 -0.4307075 0.5494019 0.7159948 -0.08884443 0.790224 0.6063437 -0.263819 0.5871942 0.7652467 -0.08884487 0.6063541 0.790216 -0.263818 0.5871945 0.7652468 -0.4307074 0.7159948 0.5494021 -0.4307075 0.7159947 0.5494021 -0.08891622 0.92022 0.3811679 -0.2638188 0.7652466 0.5871944 -0.08891387 0.790211 0.6063505 -0.2638195 0.7652463 0.5871944 -0.4307078 0.8337935 0.3453684 -0.4307075 0.8337936 0.3453684 -0.2638188 0.8911487 0.3691256 -0.08891191 0.9875165 0.1300222 -0.08891381 0.9202204 0.3811676 -0.2638183 0.8911488 0.3691258 -0.4307071 0.8947709 0.1177988 -0.4307078 0.8947704 0.1177988 -0.08884404 0.9875226 -0.130023 -0.2638181 0.9563204 0.1259021 -0.2638178 0.9563204 0.1259021 -0.08884418 0.9875242 0.1300102 -0.4307078 0.8947705 -0.1177987 -0.4307071 0.8947708 -0.1177989 -0.2638178 0.9563204 -0.1259021 -0.0889138 0.9202202 -0.3811681 -0.08891176 0.9875183 -0.1300094 -0.2638181 0.9563204 -0.1259021 -0.4307075 0.8337936 -0.3453685 -0.4307077 0.8337935 -0.3453683 -0.2638181 0.8911488 -0.3691256 -0.2638187 0.8911486 -0.3691257 -0.08891402 0.7902191 -0.6063399 -0.08891623 0.9202203 -0.3811676 -0.4307075 0.7159947 -0.5494021 -0.4307073 0.7159948 -0.5494021 -0.2638189 0.7652465 -0.5871945 -0.0888446 0.7902159 -0.6063542 -0.08884472 0.6063438 -0.790224 -0.2638195 0.7652465 -0.5871943 -0.4307076 0.5494019 -0.7159948 -0.4307085 0.5494018 -0.7159943 -0.263818 0.5871943 -0.765247 -0.2638191 0.5871943 -0.7652466 -0.08891241 0.6063504 -0.7902113 -0.088914 0.3811675 -0.9202204 -0.4307082 0.3453685 -0.8337932 -0.4307079 0.3453685 -0.8337933 -0.4307078 0.1177989 -0.8947704 -0.2638184 0.3691259 -0.8911486 -0.08891535 0.3811677 -0.9202202 -0.2638192 0.1259019 -0.9563202 -0.08884267 0.13001 -0.9875244 -0.2638181 0.1259021 -0.9563203 -0.08891346 0.1300226 -0.9875164 -0.2638183 0.3691259 -0.8911487 -0 -0.9924266 -0.1228386 0.02206136 -0.820745 -0.5708686 -0.0766134 -0.9341857 -0.3484643 0.006733776 -0.7174935 -0.6965325 -0.008742791 -0.593119 -0.8050674 0.01921774 -0.3447762 -0.9384882 0.03176228 -0.3116258 -0.9496739 0.005349185 -0.1514253 -0.9884542 0 -0.07538351 -0.9971547 0 0.03274048 -0.999464 0 0.09475624 -0.9955005 0.002891308 0.1272447 -0.9918671 0 0.2965324 -0.9550228 0 0.2965324 -0.9550228 0 0.6788077 -0.7343161 0 0.5000001 -0.8660253 0 0.5000001 -0.8660253 0 0.6788077 -0.7343161 0 0.7953389 -0.606165 0.01409097 0.9261688 -0.3768459 -0.02970433 0.9703749 -0.2397712 0.02633484 0.9726973 0.2305783 -0.01289138 0.8221843 0.5690755 -0.0483011 0.8985025 0.4363029 0.01354216 0.5990443 0.8006013 0 0.5625476 0.8267649 0 -0.3898314 -0.9208862 0 -0.09487378 -0.9954894 -0.03363875 -0.2941682 -0.9551615 0.01268355 0.1831822 -0.9829972 0 0.1231551 -0.9923874 0.006736942 0.2444341 -0.9696425 0.0137831 0.5544464 -0.8321053 -0.008742951 0.4006508 -0.9161891 -0.005009411 0.6699675 -0.7423735 0.00159057 0.7804311 -0.6252397 0.008379467 0.8513284 -0.5245663 0.006109176 0.8436941 -0.5367894 0 0.9226241 -0.3857005 0 0.9753402 -0.2207066 0 0.9753402 -0.2207066 -0 0.9753402 0.2207066 0 1 0 0 1 0 0 0.9753402 0.2207066 0 0.9226241 0.3857005 0.01409105 0.7894419 0.6136634 -0.02945015 0.6934453 0.7199072 0.02619743 0.2867866 0.9576363 0 0.007229826 0.9999738 -0.002328129 0.2062318 0.9785004 0 -0.09487379 0.9954894 0.01354238 -0.3938194 0.9190881 -0.007929578 -0.1422171 0.9898037 0 -0.4347266 0.9005625 0.4012668 0.8584233 -0.3195221 0.9442762 0.2625836 -0.1984754 -0.1185741 -0.2639383 -0.9572235 0.9431046 0.260078 -0.2071552 0.4055028 0.8673112 -0.2886845 0.4992414 0.5903302 -0.6342462 0.9232724 0.2600225 -0.2827654 0.9372393 0.2493759 -0.2437088 0.3913803 0.8367566 -0.3829619 0.6608484 0.6539666 -0.3682488 0.9064189 0.1483178 -0.3954826 0.5599539 0.5814448 -0.5902318 0.9341011 0.1594341 -0.3194304 0.9559529 0.2820399 -0.08128673 -0.09067284 0.05248284 -0.9944968 0.4372006 0.8827958 -0.1718352 0.6347153 0.640389 0.4324794 0.9444038 0.2963634 -0.1423732 0.9519022 0.2834032 -0.116468 0.4072392 0.9110366 -0.06456495 -0.04943223 0.3663669 -0.9291565 0.4216932 0.8558337 0.2995389 0.9646545 0.2598057 0.04407657 0.9645928 0.2602029 0.04307079 0.4227618 0.8487043 0.3177634 0.6159219 0.4457697 0.6495611 0.9552115 0.2956761 -0.01210813 0.4477981 0.8834344 0.1379146 0.9621382 0.2723161 0.01158175 0.4172033 0.8766666 0.2395767 0.4897884 0.0627555 0.8695799 0.9641288 0.2497992 0.08975556 0.4279096 0.7651446 -0.4810895 0.4371977 0.8078732 0.3952203 0.5262507 -0.7584976 0.3843716 0.9013537 -0.4173276 0.1157549 0.6990187 -0.5288593 0.4813321 0.9411374 -0.3181025 0.1143289 0.3972963 -0.7067109 0.5854189 0.5054891 -0.3177728 0.8021853 0.9470771 -0.22961 0.2243308 0.9514837 -0.2448372 0.1863694 0.4105739 -0.5158416 0.7518886 0.3841454 0.0162959 0.9231288 0.6003844 -0.5824461 0.5479919 0.9577593 -0.08164892 0.2757365 0.4832579 -0.2983154 0.8230855 0.9642669 -0.1522473 0.2168179 0.4734283 -0.691912 -0.5450903 0.9302169 -0.3643181 -0.04437027 0.9110168 -0.4022723 -0.09069372 0.6294307 -0.6111258 0.47994 0.4078462 -0.912989 -0.01060753 0 0.7285672 -0.6849743 0.05820506 0.8104135 -0.5829597 0.01148709 0.8967915 -0.4423043 -0.02163054 0.9962271 -0.08404653 0 0.9919696 -0.1264767 0 0.07597816 -0.9971095 0.006789743 0.1180501 -0.9929844 -0.02163142 0.4253279 -0.9047808 0 0.386452 -0.9223096 0 0.4304816 -0.9025993 0 0.5000004 -0.8660251 0 0.4304816 -0.9025993 0 0.5000004 -0.8660251 0 0.5664333 -0.8241076 0 0.5664333 -0.8241076 0 0.6737497 -0.7389596 0.002210195 0.6760431 -0.7368587 0 0.9583721 -0.2855223 -0.001354726 0.9574779 -0.2885038 0 0.9961947 -0.08715549 0 0.9961948 -0.0871555 -0.5094739 -0.1123159 -0.8531246 -0.5094734 -0.1123161 -0.8531248 -0.5094736 -0.3292939 -0.7949857 -0.5094735 -0.3292938 -0.7949857 -0.509473 -0.5238311 -0.6826699 -0.5094734 -0.5238311 -0.6826697 -0.5094739 -0.6826695 -0.5238308 -0.5094728 -0.6826698 -0.5238314 -0.5094737 -0.7949858 -0.3292933 -0.509474 -0.7949857 -0.3292933 -0.5094725 -0.8531252 -0.1123167 -0.509474 -0.8531244 -0.1123161 -0.509474 -0.8531243 0.1123166 -0.5094725 -0.8531253 0.1123162 -0.5094738 -0.7949858 0.3292933 -0.509474 -0.7949857 0.3292933 -0.5094727 -0.6826701 0.5238311 -0.5094737 -0.6826694 0.5238311 -0.509473 -0.5238311 0.6826699 -0.5094734 -0.5238311 0.6826697 -0.5094735 -0.3292939 0.7949858 -0.5094735 -0.3292938 0.7949857 -0.5094739 -0.1123159 0.8531246 -0.5094734 -0.1123161 0.8531248 0.2213323 -0.347611 0.9111414 0.742583 -0.1863296 0.6433131 0.7385831 -0.1335299 0.6608062 0.3857318 0.09125536 0.9180868 0.401771 -0.4907259 0.7731546 0.4759613 -0.4763073 0.7393187 0.3634923 -0.5276906 0.7677343 0.2215101 -0.3883438 0.8944956 0.07432324 -0.429291 0.900103 0.3634814 -0.4010369 0.8408631 0.2209327 -0.3881484 0.8947232 0.07433473 -0.498615 0.8636304 0.07433601 -0.5648683 0.821826 0.07432892 -0.5648673 0.8218274 0.0743226 -0.4986178 0.8636298 0.2213533 -0.5523821 0.8036646 0.363478 -0.4658006 0.8067921 0.3634813 -0.4658007 0.8067906 0.2213628 -0.4875957 0.8445406 0.2213589 -0.4875969 0.844541 0.2213581 -0.5523824 0.803663 0.3634776 -0.5276908 0.7677411 0.2209185 -0.6406899 0.7353309 0.3634678 -0.5877633 0.7227901 0.07373153 -0.4853891 0.8711837 0.3746265 -0.4337091 0.8194824 0.3032922 0.01167494 0.9528261 0.4103688 -0.8174783 0.404137 0.726098 -0.5155807 0.4549267 0.731926 -0.4720156 0.491412 0.544261 -0.4280368 0.7215016 0.2213334 -0.9628775 0.1545267 0.2436422 -0.9698157 -0.009810228 0.6664152 -0.723913 0.1784398 0.4547596 -0.8902664 -0.02489016 0.7832326 -0.5893377 0.1980598 0.2707322 -0.6939288 0.6672083 0.3668429 -0.8618066 -0.350308 0.2688068 -0.9487767 -0.1660291 0.7263444 -0.6673086 -0.1646907 0.07432404 -0.9941574 -0.07827608 0.3634816 -0.928727 -0.07312561 0.2215112 -0.9688271 0.1109354 0.07431674 -0.9941579 0.07827613 0.3634934 -0.9287224 0.07312525 0.2209253 -0.9689281 0.1112225 0.07431672 -0.9972347 0 0.2213665 -0.9721817 -0.07654749 0.07431671 -0.9972346 0 0.07431674 -0.9941577 -0.07827783 0.3634934 -0.9315968 0 0.3634934 -0.9315968 0 0.2213551 -0.9751933 0 0.2213551 -0.9721841 -0.07655042 0.3634933 -0.9287221 -0.0731282 0.2213551 -0.9751933 0 0.2209325 -0.9571589 -0.1871781 0.3634563 -0.9198412 -0.1476201 0.6664152 -0.723913 -0.1784399 0.07388568 -0.9972646 -0.002054162 0.2436422 -0.9698156 0.009810229 0.5151574 -0.8566378 -0.02800909 0.3668428 -0.8618066 0.3503081 0.2707325 -0.693929 -0.6672081 0.7832326 -0.5893378 -0.1980598 0.7263445 -0.6673085 0.1646907 0.2688068 -0.9487767 0.1660291 0.9132355 0.112706 -0.3915333 0.6018053 -0.231418 -0.7643796 0.438816 0.206425 -0.8745452 0.9188507 -0.1244511 -0.3744669 0.3860849 0.1212483 -0.9144601 0.9280667 0.06545424 -0.3666169 0.2906438 -0.1030522 -0.9512658 0.4422094 0.3362881 -0.8314812 0.6649921 0.03296494 -0.7461225 0.3685465 -0.2635502 -0.8914678 0.4480633 -0.3729017 -0.8125168 0.5168679 -0.4223644 -0.7446179 0.4553762 -0.485097 -0.7465342 0.4605247 -0.4793591 -0.7470822 0.4507609 -0.3848766 -0.8054096 0.01409668 -0.3100987 -0.9505998 0.4648467 -0.3678951 -0.8053389 0.4493855 -0.2883564 -0.8455195 0.4812245 -0.2477624 -0.8408548 0.6931184 -0.6978277 -0.1806192 0.9860393 -0.1559457 -0.05837308 0.3101661 -0.9457846 -0.096377 0.918614 -0.3814067 -0.1033309 0.3935446 -0.9165189 0.07152422 0.9239618 -0.3804009 -0.03987335 0.3826606 -0.9201974 -0.08250799 0.9653624 0.03405596 0.2586805 0.2567524 0.1261504 -0.9582089 0.2567524 0.1261508 0.9582089 0.2567493 0.1261505 0.9582098 0.2567492 0.3698553 0.8929092 0.7040665 0.09269118 0.7040587 0.9653625 0.09984685 0.2410517 0.7040668 0.09269119 0.7040586 0.9653624 0.03405596 0.2586804 0.2567506 0.369855 0.892909 0.7040673 0.2717561 0.6560775 0.9653624 0.09984691 0.2410519 0.7040664 0.2717564 0.6560785 0.2567531 0.588354 0.7667577 0.2567531 0.7667577 0.5883541 0.7040676 0.4323015 0.5633864 0.2567509 0.5883542 0.7667583 0.9653623 0.1588338 0.2069961 0.7040665 0.4323023 0.5633872 0.9653624 0.1588335 0.2069959 0.2567509 0.7667583 0.5883543 0.9653623 0.206996 0.1588337 0.7040671 0.5633868 0.4323018 0.9653623 0.2069961 0.1588338 0.7040663 0.5633873 0.4323024 0.2567495 0.8929092 0.3698551 0.2567506 0.892909 0.3698549 0.7040672 0.6560778 0.2717562 0.9653623 0.2410524 0.09984715 0.9653622 0.2586811 0.03405603 0.9653624 0.241052 0.09984703 0.7040682 0.6560768 0.271756 0.25675 0.9582095 0.1261508 0.2567494 0.9582097 0.1261508 0.9653624 0.2586805 0.03405588 0.7040682 0.7040571 0.09269075 0.7040665 0.7040586 0.09269118 0.2567494 0.9582096 -0.1261508 0.2567495 0.8929092 -0.3698551 0.25675 0.9582095 -0.1261508 0.9653622 0.2586811 -0.03405603 0.7040666 0.7040587 -0.09269096 0.9653624 0.2586805 -0.03405588 0.7040683 0.704057 -0.09269098 0.2567506 0.892909 -0.3698549 0.7040671 0.6560778 -0.2717562 0.9653623 0.241052 -0.09984699 0.9653623 0.2410524 -0.0998472 0.7040682 0.6560768 -0.271756 0.2567531 0.7667577 -0.5883541 0.2567531 0.588354 -0.7667577 0.2567509 0.7667583 -0.5883542 0.7040662 0.5633875 -0.4323023 0.9653623 0.2069962 -0.1588338 0.9653624 0.2069961 -0.1588337 0.704067 0.5633867 -0.432302 0.2567509 0.5883542 -0.7667583 0.9653623 0.1588338 -0.2069961 0.7040675 0.4323016 -0.5633865 0.7040666 0.4323022 -0.5633871 0.9653624 0.1588336 -0.2069959 0.2567492 0.3698553 -0.8929092 0.2567506 0.369855 -0.892909 0.2567493 0.1261509 -0.9582096 0.7040675 0.2717561 -0.6560776 0.7040663 0.2717566 -0.6560785 0.9653624 0.09984692 -0.241052 0.7040665 0.09269118 -0.7040587 0.9653624 0.03405596 -0.2586805 0.7040668 0.09269119 -0.7040586 0.9653625 0.09984685 -0.2410517 0.9653624 0.03405595 -0.2586804 0.7064279 -0.3590317 0.6099638 0.3265392 -0.5568414 0.7637407 0.6912056 -0.5154771 0.5064762 0.9740858 -0.1699125 0.1492869 0.9301661 -0.2207525 0.2933585 0.9110163 -0.2796792 0.3030326 0.6294306 0.1100772 0.7692205 0.4078477 -0.4656801 0.7853675 0.4734312 -0.8180153 0.3266708 0.6245301 0.4060542 0.6671448 0.4109239 -0.2124495 0.8865702 0.4493157 0.1014203 0.8875975 0.9069185 -0.109578 0.4068067 0.9165297 -0.126487 0.3794395 0.3642173 -0.02197219 0.9310547 0.4026181 0.2177256 0.8890975 0.9446102 -0.03472343 0.3263522 0.9470539 0.07951047 0.311074 0.4112178 0.3902006 0.8237981 0.9515179 0.03753558 0.3052946 0.5126938 0.5542301 0.655724 0.5695094 0.1400734 0.8099621 0.9574814 0.1987275 0.2091336 0.9654935 0.1136886 0.2343015 0.5226246 0.5556537 0.6466161 0.6912058 0.1808824 -0.6996543 0.3265385 0.3829981 -0.8641094 0.706428 0.3487284 -0.6159125 0.9740859 0.04432981 -0.2217917 0.5833028 -0.2058347 0.7857416 0.4327539 -0.6486332 0.6260982 0.6022382 -0.7771286 0.1827025 0.9132649 -0.2826764 0.2933278 0.4897901 0.7844564 0.3804389 0.9641286 0.2026306 -0.1714552 0.4279093 -0.03406313 -0.9031796 0.4371992 0.7462056 -0.50203 0.706428 0.3487284 0.6159125 0.3265385 0.3829981 0.8641094 0.6912058 0.1808824 0.6996543 0.9740859 0.04432981 0.2217917 0.9301093 0.143606 0.3380446 0.9110166 0.1225946 0.3937249 0.6294301 0.7212042 0.2892788 0.407847 0.4473091 0.7959745 0.4734298 -0.1261045 0.8717579 0.6990195 0.681275 0.2173387 0.5232501 0.7120877 0.4681244 0.9013543 0.3089093 0.3035384 0.3956856 0.860403 0.3211535 0.9407627 0.2586313 0.219261 0.9470509 0.3091626 0.08667821 0.4114008 0.9083794 0.07480785 0.9515275 0.2829869 0.1204733 0.51292 0.84501 -0.1512324 0.5695097 0.7714841 0.2836742 0.9574814 0.2804785 -0.06753622 0.523423 0.8374218 -0.1573314 0.9655029 0.259707 0.0188838 -0.04943277 -0.6214906 -0.7818605 0.4216853 0.687218 -0.5915345 0.964658 0.1681205 -0.202905 0.9646311 0.1678231 -0.2032789 0.422877 0.7009668 -0.5743002 0.6159222 0.785421 -0.06126739 0.9552116 0.1373519 -0.2621171 0.447798 0.5611559 -0.6961185 0.9621379 0.1461875 -0.2300434 0.4172054 0.645808 -0.6394308 0.9559572 0.07066026 -0.2848736 -0.09067503 -0.8350183 -0.5426992 0.4372002 0.2925828 -0.8504418 0.6347157 0.6947312 -0.3383555 0.9444038 0.02488247 -0.3278449 0.9519022 0.04083705 -0.3036683 0.4072386 0.3996041 -0.8212633 0.4013164 0.1528602 -0.9030941 0.9442769 -0.04058887 -0.3266401 -0.1185758 -0.9609495 -0.2500316 0.9430987 -0.04940471 -0.3288221 0.4054852 0.1835251 -0.8954888 0.4141476 0.03261798 -0.9096251 0.9244055 -0.1151096 -0.3636267 0.3977739 0.1274427 -0.9085892 0.9399377 -0.070438 -0.3339996 0.3839043 -0.02755103 -0.9229618 0.9285235 -0.1304277 -0.3476098 0.4805649 -0.3530206 -0.8027663 0.6608483 0.008069914 -0.7504761 0.906419 -0.2683393 -0.3261879 0.9265918 -0.2181018 -0.3063645 0.4046727 -0.2649717 -0.8752314 0.7064279 -0.3590317 -0.6099638 0.9740858 -0.1699125 -0.1492869 0.6912056 -0.5154771 -0.5064762 0.3265392 -0.5568414 -0.7637407 0.5838501 -0.2068452 -0.7850695 0.9132491 -0.2827024 -0.2933523 0.6017995 -0.7776886 -0.1817629 0.4328214 -0.6486083 -0.6260774 0.5833011 0.577556 0.5711294 0.432753 0.2179024 0.874782 0.6022382 -0.2303387 0.7643645 0.9132649 0.1126911 0.3914691 0.6119103 0.5452418 -0.5729548 0.9649327 -0.04706773 -0.2582432 0.1463716 -0.9685044 -0.2014314 0.4256975 0.01418564 -0.9047543 0.4119723 -0.09354933 -0.9063814 -0.04943278 -0.9878561 0.1472977 0.4216915 -0.1685535 -0.8909355 0.9646561 -0.09169517 -0.2470439 0.964636 -0.09204807 -0.2469909 0.4228877 -0.1466603 -0.8942354 0.6159215 0.3396513 -0.7108288 0.9552115 -0.1583242 -0.250009 0.4477986 -0.3222769 -0.8340347 0.9621379 -0.1261289 -0.2416238 0.4172057 -0.2308563 -0.8790022 0.9559519 -0.2114274 -0.2036035 -0.09067264 -0.887501 0.4517968 0.4372012 -0.5902136 -0.6786038 0.6347157 0.05434312 -0.7708325 0.9444038 -0.2714804 -0.1854722 0.9519024 -0.2425645 -0.187201 0.4072376 -0.5114298 -0.7567014 0.4013232 -0.7056486 -0.5839518 0.9442748 -0.303184 -0.1281582 -0.1185726 -0.6970114 0.7071885 0.9430579 -0.3096806 -0.1214071 0.4053907 -0.6842942 -0.6061351 0.4992426 -0.8444379 -0.194117 0.9232721 -0.374894 -0.08380356 0.9372401 -0.3357439 -0.09411245 0.3913787 -0.7500297 -0.5331773 0.6608488 -0.6458968 -0.3822253 0.9064184 -0.4166581 0.06929424 0.5599552 -0.8018775 -0.2084292 0.9341009 -0.3563525 0.02164092 0.7064271 -0.7077609 0.005948436 0.9740859 -0.2142421 0.07250509 0.6912056 -0.6963597 0.1931784 0.3265372 -0.9398402 0.1003683 0.5838504 -0.783313 -0.2134001 0.9132486 -0.3954026 0.09815186 0.6017991 -0.5462565 0.5826162 0.4328212 -0.8665029 0.2486735 1 0 0 1 0 -0 1 0 0 1 0 0 1 0 -0 1 0 0 1 0 -0 1 0 0 1 0 0 1 0 -0 1 0 -0 1 0 0 1 0 0 1 0 0 1 0 -0 1 0 0 1 0 -0 1 0 -0 1 0 0 1 0 0 1 0 -0 1 0 0 1 0 -0 1 0 0 1 0 0 1 0 0 1 0 -0 1 0 0 1 0 0 1 0 0 1 0 0 1 0 -0 1 0 -0 1 0 0 1 0 0 1 0 0 1 0 -0 1 0 0 1 0 0 1 0 0 1 0 0 1 0 -0 1 0 0 1 0 -0 1 0 0 1 0 -0 1 0 0 1 0 -0 1 0 0 1 0 0 1 0 0 1 0 0 1 0 -0 1 0 -0 1 0 0 1 0 -0 1 0 -0 1 0 0 1 0 -0 1 0 0 1 0 0 1 0 -0 1 0 -0 1 0 0 1 0 -0 1 0 0 0 -0.5735764 0.8191521 0 -0.5735764 0.8191521 0 -0.7285672 0.6849743 0.05820506 -0.8104135 0.5829597 0.0114852 -0.8967944 0.4422984 -0.02163199 -0.9962271 0.08404651 0 -0.9919692 0.1264795 0 -0.9969146 0.07849319 0 -0.9969146 0.07849319 0 -1 0 0 -1 0 -0 -0.9969146 -0.07849319 0 -0.9969146 -0.07849319 -0 -0.9919692 -0.1264795 0.04686778 -0.9749521 -0.2174211 0.0006201193 -0.8959471 -0.4441603 0 -0.7264551 -0.6872139 -0.001356002 -0.728592 -0.6849465 0 -0.5735764 -0.8191521 -0 -0.5735764 -0.8191521 0 0.4226182 0.9063078 0 0.4226182 0.9063078 0 0.2289237 0.9734443 0.005722679 0.216422 0.9762831 0 0.01280366 0.999918 0 -0.1181743 0.9929929 0 -0.4251994 0.9050997 -0.04688626 -0.2966529 0.9538337 0 -0.4304816 0.9025993 0 -0.4304816 0.9025993 0 -0.4999983 0.8660263 0 -0.4999983 0.8660263 0 -0.5664355 0.8241061 0 -0.5664355 0.8241061 0 -0.6737508 0.7389587 0.002209149 -0.6760431 0.7368587 0 -0.9583721 0.2855223 -0.00135616 -0.9574769 0.2885069 0 -0.9961947 0.08715549 0 -0.9961948 0.0871555 -0.5094739 0.1123159 0.8531246 -0.5094735 0.1123161 0.8531248 -0.5094736 0.3292939 0.7949857 -0.5094735 0.3292938 0.7949857 -0.5094734 0.523831 0.6826698 -0.5094737 0.5238307 0.6826697 -0.5094733 0.6826698 0.523831 -0.5094737 0.6826697 0.5238307 -0.509474 0.7949855 0.3292936 -0.5094731 0.7949858 0.3292941 -0.509474 0.8531245 0.1123159 -0.5094739 0.8531246 0.1123159 -0.509474 0.8531244 -0.1123159 -0.5094739 0.8531246 -0.1123159 -0.5094731 0.794986 -0.3292938 -0.509474 0.7949854 -0.3292939 -0.5094733 0.6826698 -0.523831 -0.5094739 0.6826697 -0.5238306 -0.5094734 0.5238309 -0.6826697 -0.5094737 0.5238307 -0.6826697 -0.5094735 0.3292939 -0.7949857 -0.5094735 0.3292938 -0.7949857 -0.5094739 0.1123159 -0.8531245 -0.5094734 0.1123161 -0.8531248 -0.0888376 -0.1300099 0.9875249 -0.4306987 -0.1177992 -0.8947749 -0.4307033 -0.1177991 -0.8947726 -0.08884525 -0.1300098 -0.9875242 -0.2638236 -0.1259018 -0.9563189 -0.08883765 -0.1300101 -0.9875248 -0.2638189 -0.1259018 -0.9563202 -0.4306968 -0.3453705 -0.8337983 -0.4307013 -0.3453699 -0.8337961 -0.08884092 -0.3811704 -0.9202263 -0.2638177 -0.3691258 -0.8911489 -0.2638275 -0.3691251 -0.8911462 -0.08884874 -0.3811698 -0.9202258 -0.4307099 -0.5494015 -0.7159937 -0.4307135 -0.7159922 -0.5494006 -0.263831 -0.5871919 -0.7652443 -0.4306933 -0.5494058 -0.7160004 -0.08885305 -0.6063535 -0.7902156 -0.2638091 -0.5871962 -0.7652486 -0.0888394 -0.6063545 -0.7902163 -0.4306958 -0.7159993 -0.5494052 -0.08882971 -0.7902173 -0.6063545 -0.2638043 -0.7652494 -0.5871972 -0.2638274 -0.7652449 -0.5871927 -0.08885865 -0.7902147 -0.6063538 -0.4306985 -0.8337977 -0.3453698 -0.4306983 -0.894775 -0.1177995 -0.4306955 -0.8337989 -0.3453704 -0.2638287 -0.8911462 -0.3691244 -0.08883596 -0.9202268 -0.3811704 -0.0888284 -0.9202275 -0.3811704 -0.2638328 -0.8911451 -0.3691241 -0.4306988 -0.8947747 -0.1177995 -0.08886012 -0.9875227 -0.1300105 -0.08886003 -0.9875227 0.1300105 -0.2638337 -0.9563162 -0.1259012 -0.2638237 -0.9563189 -0.1259019 -0.08883578 -0.987525 -0.1300099 -0.4306984 -0.8947749 0.1177995 -0.4306987 -0.8947748 0.1177995 -0.2638236 -0.9563189 0.1259016 -0.08883578 -0.987525 0.1300099 -0.2638339 -0.9563161 0.1259015 -0.4306959 -0.8337988 0.3453703 -0.4306986 -0.8337976 0.3453698 -0.2638284 -0.8911463 0.3691244 -0.0888284 -0.9202273 0.3811707 -0.08882923 -0.7902174 0.6063546 -0.08883596 -0.9202269 0.3811701 -0.2638329 -0.8911451 0.3691241 -0.430714 -0.715992 0.5494004 -0.43071 -0.5494015 0.7159936 -0.430696 -0.7159992 0.5494052 -0.263828 -0.7652448 0.5871926 -0.08885865 -0.7902147 0.6063538 -0.2638039 -0.7652495 0.5871973 -0.4306937 -0.5494056 0.7160002 -0.2638094 -0.5871962 0.7652485 -0.2638311 -0.5871919 0.7652442 -0.0888394 -0.6063542 0.7902165 -0.08884083 -0.3811704 0.9202263 -0.08885307 -0.6063539 0.7902153 -0.430702 -0.3453696 0.8337959 -0.4307034 -0.1177991 0.8947725 -0.4306987 -0.1177992 0.8947749 -0.4306965 -0.3453708 0.8337983 -0.08884874 -0.3811698 0.9202258 -0.263819 -0.1259018 0.9563202 -0.2638175 -0.3691261 0.8911488 -0.2638236 -0.1259018 0.9563189 -0.2638276 -0.3691247 0.8911464 -0.08884533 -0.1300101 0.9875242 0.7483014 0.5864097 0.3101109 0.7122561 0.6890321 0.133888 0.7337716 0.4540201 -0.5054157 0.9653724 0.0340515 0.2586437 0.9653689 0.0340528 0.2586568 0.2567565 0.1261505 0.9582078 0.7040438 0.09269397 0.7040812 0.2567606 0.1261502 0.9582067 0.7040449 0.09269387 0.70408 0.9657384 0.0861985 0.2447839 0.9657404 0.0861964 0.2447767 0.7060426 0.2352188 0.667964 -0.6278237 0.2978637 0.7191068 0.2581136 0.3208957 0.9112647 0.7060447 0.2352183 0.6679621 0.8982372 0.2076785 0.3873494 0.7065683 0.3201556 0.6310796 0.2584748 0.4370499 0.8614976 0.2500847 0.689817 0.679419 0.9646695 0.1510018 0.2158964 0.9657577 0.1554732 0.2077023 -0.5106685 0.5233995 0.6821076 0.6488761 0.4273255 0.6295655 0.7048422 0.4027394 0.5839507 0.90094 0.3081992 0.3054838 0.2586907 0.6589989 0.7062575 0.7068732 0.4825628 0.5171687 0.9637779 0.2198759 0.1509529 0.9657531 0.2090849 0.1536376 0.9641107 0.1564608 0.214501 -0.5505206 0.6623085 0.5082073 0.2586522 0.7091749 0.6558733 0.7068195 0.5193389 0.4803053 0.9657535 0.2090836 0.1536367 0.7061293 0.5705995 0.4192823 0.9241164 0.3643864 -0.1150278 0.7061331 0.5705963 0.4192803 -0.1638384 0.7949477 0.5841361 0.7018469 0.659235 0.269852 0.9598098 0.1904407 0.206149 -0.6311258 0.7166353 0.2968402 0.7050877 0.6157418 0.351729 0.965755 0.2446733 0.08632568 0.9657551 0.2446731 0.08632561 0.3140121 0.3295124 -0.8904033 0.4837444 0.6582354 -0.5768168 0.706121 0.6677486 0.2355952 0.7061269 0.667743 0.2355927 0.2246885 0.9189138 0.3242107 0.961603 0.2446846 0.1242938 0.7049067 0.6907445 0.1611783 -0.6384535 0.7630759 0.1004602 0.8896871 0.4561157 0.02038245 0.9647583 0.262496 -0.01836382 0.7064717 0.7065037 0.04183573 0.2583921 0.9643509 0.0571042 0.2405532 0.897774 -0.3689661 0.9657545 0.2580929 -0.02657369 -0.5773088 0.8095406 -0.1065773 0.6750093 0.7364971 -0.04398151 0.7048391 0.7079239 -0.04522964 0.900287 0.421779 -0.1076371 0.9643086 0.2442349 -0.1022659 0.2586098 0.9429066 -0.2098764 0.7067582 0.6905555 -0.153707 0.96337 0.2678579 -0.01304986 -0.4686399 0.8161452 -0.3380585 0.2587159 0.9248846 -0.2786656 0.7069204 0.6772215 -0.2040453 0.9657563 0.2392592 -0.1003484 0.7061285 0.6529779 -0.2738656 0.9657534 0.2392694 -0.100352 -0.3841736 0.8514091 -0.3570899 0.706127 0.6529793 -0.2738663 0.8987269 0.3751198 -0.2271019 0.2587658 0.8489946 -0.4607043 0.7069634 0.6216241 -0.3373224 0.9626436 0.1924884 -0.1904352 0.9644899 0.242268 -0.1051912 -0.6019537 0.6335171 -0.4861149 0.2585799 0.8128464 -0.5219361 0.7066994 0.5953479 -0.3822783 0.9657534 0.1998359 -0.1654871 0.9657531 0.1998367 -0.1654877 0.847932 -0.167881 -0.5028194 0.04945281 0.7692517 -0.6370292 0.7061332 0.5453582 -0.4516196 0.6925696 0.3598331 -0.625194 0.7061279 0.5453625 -0.4516226 0.9608895 0.2382299 -0.141202 -0.642696 0.466385 -0.607805 0.7050297 0.4916809 -0.5110608 0.971903 0.1299029 -0.1962897 0.9657842 0.1444899 -0.2153684 0.6721657 0.06730486 -0.7373353 0.2582802 0.5382264 -0.8022491 0.7062885 0.3944056 -0.5878781 0.7062893 0.3944051 -0.5878776 0.1937492 -0.2127327 -0.9577088 0.9657547 0.1098926 -0.235035 -0.6177585 0.3009299 -0.7265092 0.7048471 0.3251461 -0.6304526 0.6951593 0.3303962 -0.6384292 0.9645951 0.04287996 -0.2602262 0.2500827 -0.007347629 -0.9681966 0.8966905 0.1266196 -0.4241623 0.2585116 0.2972304 -0.919144 0.7066297 0.2177159 -0.6732565 0.965835 0.04188962 -0.2557499 0.9658344 0.01401805 -0.2587804 0.9658341 0.01401803 -0.2587815 0.6852471 0.1582138 -0.7109183 0.7050602 0.1514032 -0.6927966 0.7065698 0.03827645 -0.7066075 0.2584749 0.05225194 -0.9646037 -0.627827 0.1015955 -0.771694 0.70657 0.03827646 -0.7066072 0.7483014 -0.5864097 -0.3101109 0.7122535 -0.6890347 -0.1338889 0.7337716 -0.4540201 0.5054157 0.9653688 -0.03405282 -0.2586568 0.9653725 -0.03405152 -0.2586437 0.7040438 -0.09269401 -0.7040811 0.2567607 -0.1261503 -0.9582066 0.2567565 -0.1261505 -0.9582078 0.7040449 -0.09269392 -0.70408 0.9657381 -0.08619886 -0.2447851 0.9657404 -0.0861964 -0.2447767 -0.6278266 -0.2978628 -0.7191046 0.2581137 -0.3208954 -0.9112647 0.7060446 -0.2352181 -0.6679621 0.7060452 -0.235218 -0.6679616 0.2584748 -0.4370503 -0.8614974 0.898237 -0.2076788 -0.3873496 0.7065718 -0.3201544 -0.6310765 0.2500847 -0.689817 -0.679419 0.9646689 -0.1510026 -0.2158983 0.965757 -0.1554744 -0.2077042 -0.5106685 -0.5233995 -0.6821076 0.6488761 -0.4273255 -0.6295655 0.7048422 -0.4027394 -0.5839507 0.7068734 -0.4825621 -0.5171691 0.9009407 -0.3081985 -0.3054827 0.9637771 -0.2198775 -0.1509557 0.258681 -0.6589997 -0.7062601 0.9641107 -0.1564611 -0.2145007 -0.5505145 -0.6623117 -0.5082096 0.258642 -0.7091786 -0.6558737 0.7068169 -0.519342 -0.480306 0.9657539 -0.2090824 -0.1536357 0.9657531 -0.2090847 -0.1536376 0.7061263 -0.5706018 -0.4192842 0.9241168 -0.3643847 0.1150304 -0.1638398 -0.7949474 -0.5841362 0.70613 -0.5705986 -0.4192822 0.7018434 -0.6592376 -0.2698547 0.9657561 -0.2446698 -0.08632456 0.9598105 -0.190438 -0.2061481 -0.631134 -0.7166292 -0.2968374 0.7050877 -0.6157415 -0.3517296 0.9657551 -0.2446733 -0.08632558 0.314009 -0.3295118 0.8904046 0.7061246 -0.6677453 -0.2355938 0.224668 -0.9189183 -0.3242123 0.7061269 -0.667743 -0.2355927 0.4837335 -0.6582231 0.57684 0.9616036 -0.2446828 -0.124294 0.704903 -0.690748 -0.1611796 -0.6384563 -0.7630735 -0.1004606 0.8896863 -0.4561171 -0.02038252 0.9647588 -0.2624942 0.01836432 0.7064679 -0.7065075 -0.0418356 0.2584062 -0.9643472 -0.05710348 0.2405669 -0.8977728 0.36896 0.965755 -0.258091 0.02657371 -0.5773202 -0.8095325 0.106577 0.675011 -0.7364956 0.04398128 0.7048467 -0.7079163 0.04522966 0.900287 -0.421779 0.1076371 0.964309 -0.2442331 0.1022658 0.7067656 -0.6905481 0.1537068 0.2586029 -0.942908 0.2098787 0.96337 -0.2678579 0.01304986 -0.4686437 -0.8161435 0.3380575 0.2587093 -0.9248863 0.2786661 0.7069204 -0.6772215 0.2040453 0.9657568 -0.2392576 0.1003477 0.7061288 -0.6529778 0.2738653 0.9657534 -0.2392695 0.100352 -0.3841814 -0.8514062 0.3570883 0.706127 -0.6529793 0.2738661 0.8987281 -0.3751177 0.2271002 0.2587472 -0.8489999 0.460705 0.7069634 -0.6216246 0.3373211 0.962644 -0.1924873 0.1904343 0.9644905 -0.2422666 0.1051901 -0.6019558 -0.633516 0.4861138 0.2585623 -0.8128498 0.5219395 0.7066931 -0.5953528 0.3822824 0.9657542 -0.1998336 0.1654853 0.9657535 -0.1998356 0.1654868 0.8479323 0.1678778 0.5028199 0.04943925 -0.7692527 0.6370292 0.7061273 -0.545363 0.451623 0.6925693 -0.3598314 0.6251953 0.7061279 -0.5453625 0.4516226 0.9608895 -0.2382299 0.141202 -0.6426916 -0.4663873 0.6078079 0.7050244 -0.4916838 0.5110652 0.9719031 -0.129903 0.1962895 0.9657843 -0.14449 0.2153683 0.6721648 -0.06730471 0.7373361 0.2582802 -0.5382268 0.8022489 0.7062843 -0.3944082 0.5878814 0.7062851 -0.3944077 0.5878809 0.193749 0.2127342 0.9577085 0.9657543 -0.1098933 0.2350365 -0.6177556 -0.3009307 0.7265113 0.7048436 -0.3251475 0.6304558 0.6951578 -0.3303966 0.6384308 0.9645949 -0.0428802 0.2602268 0.2500827 0.007347629 0.9681966 0.8966904 -0.1266195 0.4241626 0.2585116 -0.2972307 0.919144 0.7066273 -0.2177169 0.6732586 0.9658352 -0.04188952 0.2557493 0.9658346 -0.01401806 0.2587802 0.9658341 -0.01401803 0.2587815 0.6852474 -0.1582139 0.710918 0.7050602 -0.1514034 0.6927966 0.7065698 -0.03827645 0.7066075 0.2584749 -0.05225194 0.9646037 -0.6278274 -0.1015955 0.7716936 0.70657 -0.03827646 0.7066072 -0.4306986 0.1177995 -0.8947748 -0.4306987 0.1177993 0.8947749 -0.4307034 0.1177992 0.8947725 -0.4307013 0.3453697 0.8337962 -0.08884328 0.1300099 0.9875243 -0.2638236 0.1259018 0.9563189 -0.08883765 0.1300101 0.9875248 -0.2638208 0.1259018 0.9563197 -0.4307009 0.3453698 0.8337964 -0.08884092 0.3811704 0.9202263 -0.2638224 0.3691255 0.8911477 -0.08884295 0.3811702 0.9202262 -0.2638232 0.3691254 0.8911474 -0.4306948 0.5494056 0.7159996 -0.4307009 0.549404 0.7159972 -0.08883464 0.6063547 0.7902166 -0.2638264 0.5871932 0.7652449 -0.0888394 0.6063543 0.7902164 -0.2638224 0.5871937 0.7652459 -0.4307002 0.7159975 0.549404 -0.4306937 0.7159998 0.5494061 -0.08884169 0.7902161 0.6063544 -0.2638224 0.7652457 0.5871939 -0.2638267 0.7652449 0.587193 -0.08883465 0.7902167 0.6063546 -0.4306993 0.833797 0.3453702 -0.2638222 0.8911477 0.3691255 -0.4307012 0.8337962 0.3453698 -0.08884294 0.9202262 0.3811702 -0.2638199 0.8911483 0.3691257 -0.08884237 0.9202263 0.3811702 -0.4306987 0.8947749 0.1177992 -0.4306987 0.8947748 -0.1177992 -0.4306983 0.894775 0.1177993 -0.08884515 0.9875241 0.1300101 -0.2638234 0.956319 0.1259017 -0.08884327 0.9875243 0.1300101 -0.2638197 0.95632 0.1259019 -0.4306984 0.894775 -0.1177992 -0.08884326 0.9875243 -0.1300101 -0.08884291 0.9202262 -0.3811702 -0.2638236 0.9563189 -0.1259018 -0.08884516 0.9875242 -0.13001 -0.2638197 0.95632 -0.1259018 -0.430701 0.8337963 -0.3453699 -0.4306986 0.8337974 -0.3453703 -0.2638198 0.8911483 -0.3691258 -0.2638219 0.8911478 -0.3691255 -0.08884237 0.9202263 -0.3811702 -0.4306933 0.7160003 -0.5494061 -0.4306948 0.5494056 -0.7159996 -0.4307008 0.7159972 -0.549404 -0.2638224 0.7652458 -0.5871939 -0.08884171 0.7902163 -0.6063542 -0.08883465 0.7902166 -0.6063548 -0.2638268 0.7652448 -0.587193 -0.430701 0.549404 -0.7159972 -0.2638267 0.587193 -0.7652449 -0.08883465 0.6063546 -0.7902167 -0.08883939 0.6063545 -0.7902163 -0.2638224 0.5871939 -0.7652457 -0.430702 0.3453696 -0.8337959 -0.4307012 0.3453698 -0.8337963 -0.4307034 0.117799 -0.8947725 -0.2638236 0.1259018 -0.9563189 -0.08883765 0.1300101 -0.9875248 -0.08884092 0.3811703 -0.9202263 -0.08884295 0.3811703 -0.9202262 -0.2638222 0.3691255 -0.8911477 -0.08884318 0.1300099 -0.9875243 -0.2638208 0.1259018 -0.9563196 -0.2638224 0.3691255 -0.8911477 0 -0.1305259 -0.9914448 0 -0.1305259 -0.9914448 0 -0.3826836 -0.9238796 0 -0.3826836 -0.9238796 0 -0.6087613 -0.7933536 0 -0.6087613 -0.7933536 0 -0.7933537 -0.6087611 0 -0.7933537 -0.6087611 0 -0.9238794 -0.3826834 0 -0.9238794 -0.3826834 0 -0.9914448 -0.1305268 0 -0.9914448 -0.1305268 0 -0.9914448 0.1305268 0 -0.9914448 0.1305268 0 -0.9238794 0.3826834 0 -0.7933537 0.6087611 0 -0.9238794 0.3826834 0 -0.7933537 0.6087611 0 -0.6087613 0.7933536 0 -0.6087613 0.7933536 0 -0.3826836 0.9238796 0 -0.3826836 0.9238796 0 -0.1305259 0.9914448 0 -0.1305259 0.9914448 -0 0.1305262 0.9914449 -0 0.1305262 0.9914449 -0 0.3826834 0.9238796 0 0.3826834 0.9238796 -0 0.6087614 0.7933534 0 0.6087614 0.7933534 -0 0.7933533 0.6087615 0 0.7933533 0.6087615 -0 0.9238795 0.3826835 0 0.9238795 0.3826835 -0 0.991445 0.1305254 0 0.991445 0.1305254 0 0.991445 -0.1305254 0 0.991445 -0.1305254 0 0.9238795 -0.3826835 0 0.9238795 -0.3826835 0 0.7933533 -0.6087615 0 0.7933533 -0.6087615 0 0.6087614 -0.7933534 0 0.3826834 -0.9238796 0 0.6087614 -0.7933534 0 0.3826834 -0.9238796 0 0.1305262 -0.9914449 0 0.1305262 -0.9914449 0 -0.1305263 -0.9914448 0 -0.1305263 -0.9914448 0 -0.3826834 -0.9238796 0 -0.3826834 -0.9238796 0 -0.6087614 -0.7933534 0 -0.6087614 -0.7933534 0 -0.7933534 -0.6087614 0 -0.7933534 -0.6087614 0 -0.9238796 -0.3826833 0 -0.9238796 -0.3826833 0 -0.9914448 -0.1305263 0 -0.9914448 -0.1305263 0 -0.9914448 0.1305263 0 -0.9914448 0.1305263 0 -0.9238796 0.3826833 0 -0.9238796 0.3826833 0 -0.7933534 0.6087614 0 -0.7933534 0.6087614 0 -0.6087614 0.7933534 0 -0.3826834 0.9238796 0 -0.6087614 0.7933534 0 -0.3826834 0.9238796 0 -0.1305263 0.9914448 0 -0.1305263 0.9914448 -0 0.130526 0.9914448 0 0.130526 0.9914448 0 0.3826836 0.9238796 -0 0.3826836 0.9238796 0 0.6087615 0.7933533 0 0.7933532 0.6087615 -0 0.6087615 0.7933533 0 0.7933532 0.6087615 0 0.9238794 0.3826834 -0 0.9238794 0.3826834 0 0.9914448 0.1305263 0 0.9914448 -0.1305263 -0 0.9914448 0.1305263 0 0.9238794 -0.3826834 0 0.9914448 -0.1305263 0 0.9238794 -0.3826834 0 0.7933532 -0.6087615 0 0.7933532 -0.6087615 0 0.6087615 -0.7933533 0 0.6087615 -0.7933533 0 0.3826836 -0.9238796 0 0.3826836 -0.9238796 0 0.130526 -0.9914448 0 0.130526 -0.9914448 -0.2567525 -0.1261504 -0.9582089 -0.9653678 -0.03405336 0.2586608 -0.9653678 -0.03405335 -0.2586608 -0.9653678 -0.03405336 -0.2586608 -0.7040613 -0.09269184 -0.7040639 -0.2567493 -0.1261508 -0.9582097 -0.7040614 -0.09269179 -0.7040637 -0.9653677 -0.09983934 -0.2410336 -0.9653678 -0.1588214 -0.2069802 -0.9653678 -0.09983923 -0.2410334 -0.7040612 -0.2717584 -0.6560833 -0.2567525 -0.3698549 -0.8929085 -0.704061 -0.2717585 -0.6560834 -0.2567492 -0.3698549 -0.8929094 -0.9653677 -0.1588217 -0.2069805 -0.7040604 -0.4323058 -0.5633922 -0.2567501 -0.5883542 -0.7667586 -0.7040628 -0.4323045 -0.56339 -0.2567537 -0.588354 -0.7667576 -0.9653682 -0.2069791 -0.1588206 -0.9653682 -0.241032 -0.09983864 -0.9653677 -0.2069807 -0.1588216 -0.2567509 -0.7667585 -0.5883539 -0.2567506 -0.8929089 -0.369855 -0.2567492 -0.7667587 -0.5883543 -0.7040607 -0.563392 -0.4323053 -0.7040629 -0.5633901 -0.4323042 -0.9653678 -0.2410335 -0.09983943 -0.7040606 -0.6560836 -0.2717589 -0.2567518 -0.958209 -0.1261512 -0.7040616 -0.6560827 -0.2717584 -0.2567517 -0.8929087 -0.369855 -0.965368 -0.2586602 -0.03405327 -0.965368 -0.2586602 0.03405327 -0.9653678 -0.2586608 -0.0340533 -0.2567426 -0.9582114 0.1261515 -0.2567427 -0.9582115 -0.1261506 -0.7040626 -0.7040626 -0.09269147 -0.7040616 -0.7040636 -0.09269147 -0.9653678 -0.2586608 0.0340533 -0.7040626 -0.7040626 0.09269147 -0.2567518 -0.958209 0.1261503 -0.7040616 -0.7040636 0.09269147 -0.9653682 -0.241032 0.09983864 -0.9653678 -0.2410335 0.09983944 -0.7040606 -0.6560836 0.271759 -0.2567506 -0.8929089 0.369855 -0.2567519 -0.8929086 0.369855 -0.7040615 -0.6560829 0.2717585 -0.9653677 -0.2069805 0.1588217 -0.9653682 -0.2069792 0.1588205 -0.704063 -0.5633903 0.4323039 -0.2567492 -0.7667589 0.5883542 -0.2567509 -0.7667584 0.5883541 -0.7040607 -0.5633919 0.4323055 -0.9653678 -0.1588214 0.2069802 -0.9653677 -0.09983934 0.2410336 -0.9653677 -0.1588216 0.2069805 -0.25675 -0.5883546 0.7667584 -0.7040606 -0.4323056 0.563392 -0.2567538 -0.5883536 0.7667577 -0.7040628 -0.4323045 0.56339 -0.7040613 -0.09269182 0.7040639 -0.9653678 -0.09983923 0.2410334 -0.9653678 -0.03405336 0.2586608 -0.7040611 -0.2717584 0.6560833 -0.2567524 -0.1261507 0.9582088 -0.2567526 -0.3698546 0.8929086 -0.704061 -0.2717585 0.6560834 -0.2567492 -0.3698553 0.8929092 -0.2567492 -0.1261505 0.9582097 -0.7040614 -0.09269182 0.7040638 -0.9653689 0.03405285 -0.2586568 -0.2567416 0.126151 0.9582117 -0.2567456 0.1261507 0.9582107 -0.9653692 0.03405267 0.2586555 -0.7040738 0.09269013 0.7040516 -0.9653689 0.0340528 0.2586568 -0.7040751 0.0926899 0.7040502 -0.2567463 0.3698553 0.89291 -0.256743 0.3698558 0.8929108 -0.7040749 0.2717534 0.6560706 -0.9653689 0.09983776 0.2410297 -0.9653693 0.09983727 0.2410284 -0.7040759 0.271753 0.6560697 -0.2567515 0.5883541 0.7667581 -0.256744 0.5883555 0.7667596 -0.965369 0.1588187 0.2069765 -0.7040786 0.432295 0.5633779 -0.7040743 0.4322976 0.563381 -0.9653686 0.1588196 0.2069778 -0.2567653 0.7667551 0.588352 -0.2567542 0.7667576 0.5883535 -0.9653692 0.2069759 0.1588183 -0.7040751 0.5633802 0.4322973 -0.7040634 0.5633898 0.4323039 -0.9653689 0.206977 0.1588192 -0.2567481 0.8929096 0.3698553 -0.2567686 0.8929042 0.3698539 -0.9653687 0.2410304 0.09983797 -0.7040619 0.6560827 0.271758 -0.7040818 0.6560641 0.2717512 -0.9653693 0.2410285 0.09983715 -0.2567319 0.9582145 0.1261505 -0.2567482 0.9582099 0.1261504 -0.9653689 0.2586568 0.03405279 -0.7040827 0.7040429 0.09268899 -0.9653686 0.2586575 0.03405291 -0.7040778 0.7040477 0.09268942 -0.2567481 0.9582101 -0.1261499 -0.256732 0.9582143 -0.126151 -0.9653687 0.2586575 -0.03405288 -0.9653689 0.2586567 -0.0340528 -0.7040776 0.7040479 -0.09268966 -0.7040827 0.7040429 -0.09268878 -0.2567685 0.8929046 -0.3698533 -0.2567653 0.7667551 -0.588352 -0.2567481 0.8929092 -0.3698559 -0.7040617 0.6560826 -0.2717589 -0.9653693 0.2410284 -0.09983716 -0.9653686 0.2410304 -0.09983794 -0.7040818 0.6560643 -0.2717504 -0.2567541 0.7667577 -0.5883536 -0.7040634 0.5633897 -0.4323039 -0.9653689 0.2069771 -0.1588192 -0.9653693 0.2069757 -0.1588182 -0.704075 0.5633803 -0.4322973 -0.2567443 0.5883553 -0.7667597 -0.2567526 0.5883541 -0.7667578 -0.965369 0.1588186 -0.2069765 -0.7040783 0.4322952 -0.5633779 -0.7040748 0.4322972 -0.5633808 -0.9653686 0.1588197 -0.2069778 -0.256743 0.3698557 -0.892911 -0.2567464 0.3698554 -0.89291 -0.2567416 0.126151 -0.9582117 -0.2567456 0.1261507 -0.9582107 -0.704074 0.09269005 -0.7040514 -0.7040759 0.271753 -0.6560697 -0.7040748 0.2717534 -0.6560708 -0.9653689 0.09983779 -0.2410297 -0.7040752 0.09268996 -0.7040503 -0.9653693 0.09983718 -0.2410284 -0.9653692 0.03405263 -0.2586555 -0.9653689 -0.03405285 0.2586568 -0.2567457 -0.1261508 -0.9582106 -0.2567416 -0.1261511 -0.9582117 -0.704074 -0.09269015 -0.7040513 -0.9653688 -0.03405282 -0.2586568 -0.965369 -0.03405274 -0.2586559 -0.7040752 -0.09268994 -0.7040502 -0.2567463 -0.3698553 -0.89291 -0.256743 -0.3698558 -0.8929108 -0.9653693 -0.09983723 -0.2410283 -0.704073 -0.2717541 -0.6560724 -0.9653689 -0.09983779 -0.2410298 -0.7040748 -0.2717533 -0.6560708 -0.256743 -0.5883555 -0.76676 -0.2567439 -0.5883552 -0.7667598 -0.9653696 -0.1588173 -0.2069747 -0.7040743 -0.4322974 -0.5633811 -0.9653693 -0.1588182 -0.2069759 -0.7040738 -0.4322978 -0.5633815 -0.2567486 -0.7667588 -0.5883546 -0.2567422 -0.7667602 -0.5883555 -0.9653692 -0.2069759 -0.1588182 -0.7040748 -0.5633808 -0.4322972 -0.7040725 -0.5633827 -0.4322985 -0.9653696 -0.2069746 -0.1588172 -0.2567416 -0.8929112 -0.3698558 -0.256749 -0.8929092 -0.3698552 -0.9653693 -0.2410287 -0.09983736 -0.7040747 -0.6560707 -0.2717535 -0.7040719 -0.6560732 -0.2717544 -0.9653693 -0.2410285 -0.09983727 -0.2567458 -0.9582105 -0.1261509 -0.2567458 -0.9582105 0.1261509 -0.256741 -0.9582119 -0.1261509 -0.9653689 -0.2586568 -0.03405285 -0.704074 -0.7040514 -0.09269007 -0.7040751 -0.7040502 -0.09268996 -0.9653692 -0.2586556 -0.03405265 -0.2567411 -0.9582119 0.1261509 -0.9653693 -0.2586556 0.03405269 -0.9653689 -0.2586567 0.0340528 -0.7040738 -0.7040515 0.09269013 -0.7040751 -0.7040503 0.09268991 -0.256749 -0.8929093 0.369855 -0.2567413 -0.8929112 0.369856 -0.7040722 -0.656073 0.2717544 -0.9653693 -0.2410283 0.09983721 -0.9653693 -0.2410285 0.09983727 -0.7040748 -0.6560707 0.2717533 -0.2567429 -0.7667599 0.5883555 -0.2567474 -0.7667591 0.5883547 -0.7040749 -0.5633806 0.4322969 -0.9653696 -0.2069747 0.1588173 -0.9653696 -0.1588173 0.2069747 -0.9653692 -0.2069759 0.1588182 -0.7040729 -0.5633822 0.4322983 -0.2567443 -0.5883553 0.7667597 -0.2567439 -0.5883552 0.7667598 -0.7040736 -0.4322979 0.5633817 -0.7040748 -0.4322972 0.5633808 -0.9653693 -0.1588182 0.2069759 -0.9653693 -0.09983723 0.2410283 -0.2567464 -0.3698554 0.89291 -0.256743 -0.3698557 0.892911 -0.2567416 -0.1261511 0.9582117 -0.2567457 -0.1261508 0.9582106 -0.7040748 -0.2717534 0.6560708 -0.9653689 -0.09983775 0.2410297 -0.704074 -0.09269015 0.7040513 -0.7040729 -0.271754 0.6560725 -0.7040752 -0.09268994 0.7040502 -0.9653691 -0.03405271 0.258656 -0.2567524 0.1261504 0.9582089 -0.9653678 0.03405338 -0.2586608 -0.9653678 0.03405337 0.2586608 -0.9653678 0.03405337 0.2586608 -0.7040613 0.09269188 0.7040638 -0.7040614 0.09269185 0.7040637 -0.2567493 0.1261509 0.9582096 -0.9653677 0.09983934 0.2410336 -0.9653678 0.09983923 0.2410334 -0.7040612 0.2717584 0.6560833 -0.2567506 0.3698551 0.8929089 -0.7040621 0.2717582 0.6560824 -0.2567493 0.3698551 0.8929093 -0.9653677 0.1588217 0.2069804 -0.9653677 0.2069805 0.1588218 -0.9653678 0.1588215 0.2069802 -0.2567531 0.588354 0.7667577 -0.2567531 0.7667577 0.5883541 -0.7040612 0.4323055 0.5633914 -0.2567509 0.5883542 0.7667583 -0.7040622 0.4323047 0.5633906 -0.9653677 0.2410337 0.0998394 -0.9653677 0.2069803 0.1588216 -0.7040617 0.5633909 0.4323051 -0.7040609 0.5633917 0.4323056 -0.2567509 0.7667583 0.5883543 -0.9653676 0.2586615 0.03405344 -0.9653676 0.2410341 0.0998396 -0.2567495 0.8929092 0.3698551 -0.2567494 0.9582096 0.1261508 -0.7040629 0.6560816 0.271758 -0.7040619 0.6560826 0.2717582 -0.2567506 0.892909 0.3698549 -0.7040629 0.7040623 0.09269144 -0.9653678 0.2586608 0.0340533 -0.25675 0.9582095 0.1261508 -0.7040613 0.7040638 0.09269188 -0.9653676 0.2586615 -0.03405344 -0.9653676 0.2410341 -0.09983957 -0.9653678 0.2586608 -0.0340533 -0.2567494 0.9582096 -0.1261508 -0.7040613 0.704064 -0.09269188 -0.25675 0.9582095 -0.1261508 -0.7040629 0.7040623 -0.09269143 -0.9653677 0.2410337 -0.09983946 -0.7040618 0.6560826 -0.2717583 -0.2567506 0.8929089 -0.369855 -0.2567496 0.8929093 -0.369855 -0.7040629 0.6560817 -0.2717578 -0.9653677 0.2069805 -0.1588218 -0.9653677 0.1588217 -0.2069804 -0.9653677 0.2069804 -0.1588217 -0.7040609 0.5633916 -0.4323056 -0.2567531 0.7667577 -0.5883541 -0.2567509 0.7667583 -0.5883542 -0.7040617 0.563391 -0.4323051 -0.9653678 0.1588215 -0.2069802 -0.7040613 0.4323054 -0.5633913 -0.9653677 0.09983934 -0.2410336 -0.2567529 0.5883539 -0.7667578 -0.2567508 0.5883544 -0.7667581 -0.7040622 0.4323047 -0.5633907 -0.9653678 0.09983923 -0.2410334 -0.9653678 0.03405337 -0.2586608 -0.7040622 0.2717582 -0.6560823 -0.2567506 0.369855 -0.892909 -0.7040613 0.09269188 -0.7040638 -0.2567524 0.1261508 -0.9582089 -0.7040614 0.09269185 -0.7040637 -0.2567492 0.3698553 -0.8929092 -0.2567493 0.1261505 -0.9582098 -0.704061 0.2717585 -0.6560834 -1 0 -0 -1 0 0 -1 0 -0 -1 0 -0 -1 0 0 -1 0 -0 -1 0 0 -1 0 -0 -1 0 -0 -1 0 0 -1 0 0 -1 0 -0 -1 0 -0 -1 0 -0 -1 0 0 -1 0 -0 -1 0 -0 -1 -0 0 -1 -0 0 -1 0 0 -1 0 -0 -1 0 0 -1 0 0 -1 0 -0 -1 0 -0 -1 0 -0 -1 -0 0 -1 0 0 -1 0 -0 -1 0 -0 -1 0 0 -1 -0 0 -1 -0 0 -1 0 -0 -1 0 0 -1 0 -0 -1 -0 0 -1 -0 -0 -1 0 -0 -1 0 -0 -1 0 0 -1 -0 0 -1 0 -0 -1 0 0 -1 0 -0 -1 -0 0 -1 -0 -0 -1 0 -0 -1 0 -0 -1 0 0 -1 0 0 -1 0 -0 -1 -0 0 -1 0 0 -1 0 -0 -1 0 0 -1 0 0 -1 0 -0 -1 0 0 -1 0 -0 -1 0 -0 -1 0 0 -1 0 0 -1 0 0 -1 0 0 -1 0 -0 -1 0 0 -1 0 0 -1 0 0 -1 -0 0 -1 0 -0 -1 0 0 -1 0 0 -1 -0 0 -1 -0 0 -1 0 0 -1 0 -0 -1 0 0 -1 0 0 -1 0 0 -1 -0 0 -1 -0 0 -1 0 -0 -1 0 -0 -1 0 0 -1 -0 0 -1 0 -0 -1 -0 0 -1 0 -0 -1 0 -0 -1 0 0 -1 -0 -0 -1 0 0 -1 -0 -0 -1 -0 -0 -1 0 0 -1 -0 -0 -1 0 0 -1 0 0 -1 -0 -0 -1 -0 -0 -1 -0 -0 -1 0 0 -1 0 0 -1 0 0 -1 -0 -0 -1 0 0 -1 0 0 -1 -0 0 -1 -0 -0 -1 0 0 -1 0 -0 -1 0 -0 -1 -0 -0 -1 -0 0 -1 0 0 -1 0 0 -1 0 0 -1 0 -0 -1 0 -0 -1 -0 0 -1 0 0 -1 0 0 -1 0 -0 -1 0 0 -1 0 0 -1 0 -0 -1 0 -0 -1 0 0 -1 0 -0 -1 0 -0 -1 0 0 -0.7483014 0.5864097 0.3101109 -0.7122561 0.6890321 0.133888 -0.7337716 0.4540201 -0.5054157 -0.9658342 0.01401811 -0.2587815 -0.256749 0.1261507 0.9582098 -0.2567531 0.1261505 0.9582087 -0.9653724 0.0340515 0.2586437 -0.7040587 0.09269208 0.7040664 -0.9653689 0.0340528 0.2586568 -0.70406 0.09269187 0.7040651 0.04309467 0.3823278 0.9230213 -0.7060601 0.2352131 0.6679476 -0.9657384 0.0861985 0.2447839 -0.2575165 0.3454773 0.9024028 -0.9657404 0.0861964 0.2447767 -0.2577879 0.4037304 0.8778081 -0.2500772 0.6898202 0.6794185 -0.9797801 0.09454086 0.176332 -0.9658343 0.1172505 0.2311199 -0.7031949 0.4425737 0.5564579 -0.7065874 0.3201474 0.6310624 -0.07869109 0.6068736 0.7908932 -0.9657577 0.1554732 0.2077023 -0.6419955 0.4338937 0.6321219 -0.2577457 0.6155875 0.7447276 -0.9807068 0.1388385 0.1376153 -0.706892 0.4825504 0.5171546 -0.9658944 0.176652 0.1893199 -0.257801 0.7432511 0.6173463 -0.7068345 0.519328 0.4802952 -0.9658805 0.190138 0.1758472 0.255455 0.7670305 0.5885634 -0.11729 0.779862 0.6148643 -0.9657535 0.2090836 0.1536366 -0.7061481 0.5705843 0.4192711 -0.9657531 0.2090848 0.1536376 -0.7018611 0.6592262 0.2698368 -0.9241164 0.3643864 -0.1150278 0.04712208 0.9228532 0.3822584 -0.9598098 0.1904407 0.206149 -0.2104281 0.9116741 0.3529452 -0.4837342 0.6582127 -0.5768511 -0.965755 0.2446733 0.08632568 -0.9657551 0.2446731 0.08632561 -0.706136 0.6677343 0.2355902 -0.3140121 0.3295124 -0.8904033 0.05620018 0.9898781 0.1303191 -0.961603 0.2446846 0.1242938 -0.2577341 0.961925 0.09095907 -0.2405458 0.8977743 -0.3689703 -0.7064877 0.7064877 0.04183469 -0.9766247 0.2147375 0.00959598 -0.9658157 0.2587764 0.01532345 -0.6992393 0.6992393 -0.1487578 -0.01401855 0.9913476 -0.1305125 -0.9657545 0.2580929 -0.02657369 -0.6727354 0.7384337 -0.04629001 -0.2578157 0.9521944 -0.1638806 -0.9658698 0.2528402 -0.05627901 -0.9804839 0.1904936 -0.04861354 -0.7067877 0.6905264 -0.1537024 -0.2576596 0.9043006 -0.3403705 -0.9658991 0.2479105 -0.07469436 -0.706943 0.6772004 -0.2040375 0.4075632 0.8436655 -0.3494578 -0.2256393 0.9091363 -0.3500829 -0.9657563 0.2392592 -0.1003484 -0.9657534 0.2392694 -0.100352 -0.7061421 0.6529654 -0.2738604 -0.2587583 0.8489963 -0.4607053 -0.7069784 0.6216108 -0.3373152 -0.9799469 0.170455 -0.1031954 -0.9659089 0.2275396 -0.1234728 -0.706968 0.6216211 -0.3373182 0.01282903 0.793288 -0.6087114 -0.9657531 0.1998366 -0.1654877 -0.9658586 0.2179976 -0.1399792 -0.2578361 0.7892522 -0.5573164 -0.7066976 0.5953484 -0.3822811 0.0568209 0.7942163 -0.6049725 -0.706143 0.5453509 -0.451613 -0.6925822 0.3598106 -0.6251929 -0.9657534 0.1998359 -0.165487 -0.847932 -0.167881 -0.5028194 -0.9608895 0.2382299 -0.141202 0.06155029 0.6076072 -0.7918492 -0.1937424 -0.2127384 -0.9577088 -0.2576561 0.5628171 -0.7853981 -0.971903 0.1299029 -0.1962897 -0.9657842 0.1444899 -0.2153684 -0.6721823 0.06730779 -0.7373198 -0.7063043 0.3943967 -0.5878651 -0.6948388 0.3298904 -0.6390394 0.03105055 0.3824988 -0.923434 -0.9657547 0.1098926 -0.235035 -0.2500752 -0.007350246 -0.9681985 -0.2578019 0.3345197 -0.9064407 -0.9792284 0.05799827 -0.1942881 -0.965845 0.0797286 -0.2465497 -0.7031916 0.08052965 -0.706425 -0.7066444 0.2177114 -0.6732424 -0.6822347 0.1569399 -0.7140908 0.04309669 0.1304049 -0.9905237 -0.2577877 0.08926304 -0.9620695 -0.7065849 0.03827566 -0.7065924 -0.9658344 0.01401797 -0.2587804 -0.965835 0.04188962 -0.2557499 -0.7483014 -0.5864097 -0.3101109 -0.7122535 -0.6890347 -0.1338889 -0.7337716 -0.4540201 0.5054157 -0.2567532 -0.1261505 -0.9582086 -0.256749 -0.1261508 -0.9582097 -0.7040588 -0.09269211 -0.7040663 -0.9653688 -0.03405282 -0.2586568 -0.9653725 -0.03405152 -0.2586437 -0.70406 -0.09269191 -0.7040652 -0.7060601 -0.2352131 -0.6679476 0.04309467 -0.3823278 -0.9230213 -0.9657381 -0.08619886 -0.2447851 -0.2575165 -0.3454773 -0.9024028 -0.9657404 -0.0861964 -0.2447767 -0.2577879 -0.4037304 -0.8778081 -0.2500772 -0.6898202 -0.6794185 -0.9797803 -0.09454057 -0.1763313 -0.9658339 -0.1172512 -0.2311215 -0.7065841 -0.3201486 -0.6310657 -0.70319 -0.442578 -0.5564607 -0.07869109 -0.6068736 -0.7908932 -0.965757 -0.1554744 -0.2077042 -0.6419955 -0.4338937 -0.6321219 -0.2577367 -0.6155876 -0.7447306 -0.7068919 -0.4825498 -0.5171552 -0.980707 -0.1388379 -0.1376144 -0.9658938 -0.1766536 -0.1893221 -0.2577904 -0.7432548 -0.6173461 -0.7068345 -0.5193288 -0.4802943 -0.9658806 -0.1901383 -0.1758469 0.2554542 -0.7670308 -0.5885634 -0.1172928 -0.7798619 -0.6148641 -0.9657539 -0.2090824 -0.1536357 -0.9657531 -0.2090847 -0.1536376 -0.7061451 -0.5705867 -0.4192731 -0.7018576 -0.6592287 -0.2698394 -0.9241168 -0.3643847 0.1150304 0.04713213 -0.9228529 -0.3822581 -0.9598105 -0.190438 -0.2061481 -0.2104073 -0.911678 -0.3529476 -0.9657551 -0.2446733 -0.08632579 -0.9657561 -0.2446698 -0.08632435 -0.7061396 -0.6677311 -0.2355888 -0.314009 -0.3295118 0.8904046 -0.4837233 -0.6582005 0.5768741 0.05620823 -0.9898773 -0.1303199 -0.9616036 -0.2446828 -0.124294 -0.2577481 -0.9619214 -0.09095702 -0.2405595 -0.8977731 0.3689642 -0.706484 -0.7064915 -0.04183455 -0.9766247 -0.2147375 -0.00959598 -0.9658162 -0.2587745 -0.01532321 -0.6992354 -0.6992428 0.1487591 -0.01401545 -0.9913474 0.1305134 -0.965755 -0.258091 0.02657371 -0.6727366 -0.7384326 0.04629027 -0.2578088 -0.9521962 0.1638811 -0.9658703 -0.2528384 0.05627843 -0.9804845 -0.1904916 0.04861302 -0.7067803 -0.6905336 0.1537035 -0.257653 -0.904302 0.3403717 -0.9658992 -0.2479104 0.07469482 -0.7069357 -0.6772069 0.2040409 0.4075698 -0.8436629 0.3494565 -0.2256375 -0.9091368 0.3500826 -0.9657568 -0.2392576 0.1003477 -0.9657534 -0.2392695 0.100352 -0.7061421 -0.6529655 0.2738601 -0.2587397 -0.8490016 0.4607059 -0.9799467 -0.1704557 0.1031957 -0.9659094 -0.2275381 0.1234722 -0.7069785 -0.6216115 0.3373138 -0.7069779 -0.6216119 0.3373142 0.01283844 -0.793288 0.6087112 -0.965859 -0.2179965 0.1399779 -0.2578188 -0.7892553 0.55732 -0.7067072 -0.595341 0.382275 0.05683466 -0.7942161 0.6049716 -0.9657542 -0.1998336 0.1654853 -0.9657535 -0.1998356 0.1654868 -0.706143 -0.5453509 0.451613 -0.6925819 -0.359809 0.6251942 -0.8479323 0.1678778 0.5028199 -0.9608895 -0.2382299 0.141202 0.06155029 -0.6076072 0.7918492 -0.1937422 0.2127399 0.9577085 -0.2576561 -0.5628171 0.7853981 -0.9719031 -0.129903 0.1962895 -0.9657843 -0.14449 0.2153683 -0.6721815 -0.06730764 0.7373206 -0.7063001 -0.3943994 0.5878685 -0.6948374 -0.3298908 0.6390407 0.03105055 -0.3824988 0.923434 -0.9657543 -0.1098933 0.2350365 -0.2500752 0.007350246 0.9681985 -0.2578019 -0.3345197 0.9064407 -0.9792284 -0.05799828 0.1942883 -0.9658447 -0.07972895 0.2465508 -0.7031916 -0.08052965 0.706425 -0.7066444 -0.2177114 0.6732424 -0.6822349 -0.15694 0.7140905 0.04309719 -0.130405 0.9905238 -0.2577877 -0.08926304 0.9620695 -0.7065849 -0.03827566 0.7065924 -0.9658341 -0.01401803 0.2587815 -0.9658352 -0.04188952 0.2557493 -0.9658346 -0.01401806 0.2587802 2.637673e-06 0.130528 0.9914446 2.045455e-06 0.3332269 0.9428467 0 0.1305263 0.9914449 0.01546566 0.475486 0.8795872 -0.02873966 0.6026577 0.7974821 -0.04820132 0.3822386 0.9228057 0.01562406 0.7133547 0.7006289 -0.03720156 0.6083397 0.7928044 -0.0167053 0.8084245 0.5883628 0.01076559 0.886079 0.4634093 -0.04322173 0.7926121 0.6081923 0.0003525138 0.9445379 0.3284024 -0.0003553457 0.9825018 0.1862527 -0.04931035 0.9227555 0.3822182 0.01115992 0.9991345 0.04006919 -0.01772243 0.994106 -0.1069542 -0.04915581 0.9902463 0.130368 0.01570176 0.9676853 -0.2516719 -0.04275006 0.9905385 -0.1304064 -0.02756342 0.920047 -0.3908374 0.01397832 0.8529818 -0.5217535 -0.03783093 0.923218 -0.3824098 -0.007396611 0.767248 -0.641308 0.005987284 0.6648476 -0.746955 -0.04704709 0.792475 -0.6080871 0.006539321 0.5480502 -0.8364199 -0.008260029 0.4193862 -0.9077703 -0.05001352 0.6079993 -0.7923607 0.01421248 0.2816286 -0.9594183 -0.02273519 0.1582092 -0.9871438 -0.04673536 0.3822653 -0.92287 -0.04820111 0.1303746 -0.9902925 0 0.05294801 -0.9985972 0 -0.1305393 -0.9914431 -1.734884e-05 -0.130528 -0.9914446 -1.850446e-05 -0.333227 -0.9428467 0.01544503 -0.4754859 -0.8795878 -0.02875982 -0.6026575 -0.7974815 -0.0482218 -0.3822382 -0.9228048 0.01562377 -0.7133551 -0.7006285 -0.03720684 -0.6083294 -0.7928121 -0.01672502 -0.8084245 -0.5883622 0.01074525 -0.8860787 -0.4634101 -0.04322801 -0.7926199 -0.6081817 0.0003318724 -0.9445381 -0.3284016 -0.0003756195 -0.9825016 -0.1862535 -0.04933137 -0.9227546 -0.3822175 0.01115992 -0.9991345 -0.04006919 -0.01772243 -0.994106 0.1069542 -0.04916479 -0.9902442 -0.1303814 0.01568036 -0.9676856 0.2516716 -0.04276437 -0.9905362 0.1304198 -0.02758329 -0.920046 0.3908383 0.01395795 -0.8529826 0.5217526 -0.03785248 -0.9232174 0.3824092 -0.007396555 -0.7672476 0.6413084 0.005987231 -0.664848 0.7469547 -0.04706014 -0.7924826 0.6080763 0.006519537 -0.5480494 0.8364205 -0.00828023 -0.4193862 0.9077702 -0.05002385 -0.6079888 0.7923682 0.01419207 -0.2816289 0.9594184 -0.0227553 -0.1582091 0.9871433 -0.04675557 -0.3822649 0.9228691 -0.0482091 -0.1303875 0.9902903 0 -0.05294808 0.9985973 -0 0.1305262 0.9914448 0 0.1305262 0.9914448 -0 0.3826834 0.9238796 0 0.3826834 0.9238796 -0 0.6087614 0.7933534 0 0.6087614 0.7933534 -0 0.7933533 0.6087615 0 0.7933533 0.6087615 -0 0.9238795 0.3826835 -0 0.9914449 0.1305254 0 0.9238795 0.3826835 -0 0.9914449 0.1305254 0 0.9914449 -0.1305254 0 0.9238795 -0.3826835 0 0.9914449 -0.1305254 0 0.9238795 -0.3826835 0 0.7933533 -0.6087615 0 0.6087614 -0.7933534 0 0.7933533 -0.6087615 0 0.6087614 -0.7933534 0 0.3826834 -0.9238796 0 0.3826834 -0.9238796 0 0.1305262 -0.9914448 0 0.1305262 -0.9914448 0 -0.1305263 -0.9914448 0 -0.1305263 -0.9914448 0 -0.3826834 -0.9238796 0 -0.3826834 -0.9238796 0 -0.6087614 -0.7933534 0 -0.6087614 -0.7933534 0 -0.7933533 -0.6087614 0 -0.7933533 -0.6087614 0 -0.9238796 -0.3826833 0 -0.9238796 -0.3826833 0 -0.9914448 -0.1305262 0 -0.9914448 -0.1305262 0 -0.9914448 0.1305262 0 -0.9914448 0.1305262 0 -0.9238796 0.3826833 0 -0.9238796 0.3826833 0 -0.7933533 0.6087614 0 -0.7933533 0.6087614 0 -0.6087614 0.7933534 0 -0.3826834 0.9238796 0 -0.6087614 0.7933534 0 -0.1305263 0.9914448 0 -0.3826834 0.9238796 0 -0.1305263 0.9914448 -0.4307126 0.1177984 -0.8947683 -0.08884508 0.1300101 0.9875242 -0.08884436 0.1300102 0.9875242 -0.4307123 0.1177984 0.8947684 -0.4307126 0.3453676 0.8337913 -0.2638161 0.125902 0.9563209 -0.4307126 0.1177984 0.8947682 -0.2638144 0.1259022 0.9563214 -0.08884272 0.3811702 0.9202262 -0.08884451 0.3811699 0.9202261 -0.2638143 0.3691261 0.8911498 -0.2638188 0.369126 0.8911485 -0.4307096 0.3453684 0.8337925 -0.08884858 0.6063535 0.790216 -0.08884904 0.7902158 0.6063536 -0.08884135 0.6063545 0.790216 -0.4307118 0.5494007 0.7159932 -0.2638202 0.5871938 0.7652466 -0.2638121 0.5871958 0.7652479 -0.4307087 0.5494013 0.7159945 -0.08884103 0.790216 0.6063547 -0.430715 0.715992 0.5493997 -0.2638114 0.7652482 0.5871958 -0.4307121 0.7159929 0.5494007 -0.2638146 0.7652473 0.5871955 -0.08884756 0.9202257 0.3811703 -0.0888407 0.9202265 0.3811699 -0.4307102 0.8337924 0.3453679 -0.2638189 0.8911486 0.3691255 -0.4307154 0.8337903 0.3453665 -0.2638144 0.89115 0.3691256 -0.08884195 0.9875244 0.1300097 -0.08884765 0.9875239 0.1300101 -0.4307106 0.8947691 0.1177988 -0.2638192 0.95632 0.1259021 -0.4307101 0.8947694 0.1177988 -0.2638184 0.9563203 0.1259021 -0.08884774 0.987524 -0.1300096 -0.08884197 0.9875244 -0.1300102 -0.4307101 0.8947694 -0.1177988 -0.4307106 0.8947692 -0.1177988 -0.2638184 0.9563203 -0.1259022 -0.2638192 0.95632 -0.1259021 -0.08884047 0.9202263 -0.3811706 -0.08884773 0.9202259 -0.3811697 -0.2638144 0.8911499 -0.369126 -0.4307154 0.8337901 -0.345367 -0.4307104 0.8337924 -0.3453674 -0.263819 0.8911489 -0.3691251 -0.08884904 0.7902158 -0.6063536 -0.08884101 0.790216 -0.6063547 -0.2638112 0.7652481 -0.587196 -0.4307122 0.715993 -0.5494006 -0.4307151 0.7159918 -0.5493999 -0.2638147 0.7652475 -0.5871952 -0.08884119 0.6063539 -0.7902164 -0.08884838 0.6063542 -0.7902156 -0.4307119 0.5494004 -0.7159933 -0.2638201 0.5871944 -0.7652462 -0.2638121 0.5871951 -0.7652484 -0.4307086 0.5494016 -0.7159944 -0.2638188 0.3691256 -0.8911487 -0.08884475 0.38117 -0.920226 -0.08884259 0.38117 -0.9202262 -0.08884508 0.1300101 -0.9875242 -0.08884436 0.1300102 -0.9875242 -0.2638161 0.1259022 -0.9563209 -0.2638144 0.3691265 -0.8911496 -0.4307096 0.3453684 -0.8337925 -0.2638144 0.1259021 -0.9563214 -0.4307126 0.3453676 -0.8337913 -0.4307123 0.1177985 -0.8947684 -0.4307126 -0.1177984 0.8947683 -0.0888444 -0.1300102 -0.9875242 -0.08870875 -0.1300247 -0.9875345 -0.263816 -0.1259021 -0.9563209 -0.4307126 -0.1177985 -0.8947681 -0.4307117 -0.1177985 -0.8947687 -0.2638144 -0.1259023 -0.9563214 -0.0887024 -0.381175 -0.9202378 -0.08870449 -0.3811747 -0.9202377 -0.4307112 -0.3453679 -0.8337918 -0.263817 -0.3691258 -0.8911491 -0.4307111 -0.345368 -0.8337919 -0.2638143 -0.3691263 -0.8911496 -0.08884843 -0.6063433 -0.7902238 -0.0888489 -0.7902239 -0.6063433 -0.08870676 -0.6063618 -0.7902256 -0.4307093 -0.5494015 -0.7159941 -0.4307111 -0.549401 -0.7159933 -0.2638171 -0.5871948 -0.765247 -0.2638149 -0.5871953 -0.7652473 -0.08870656 -0.7902256 -0.6063617 -0.263815 -0.7652473 -0.5871952 -0.4307117 -0.7159932 -0.5494007 -0.2638165 -0.7652471 -0.5871949 -0.430709 -0.7159941 -0.5494017 -0.08870418 -0.9202376 -0.381175 -0.08870227 -0.9202378 -0.3811749 -0.4307122 -0.8337915 -0.3453677 -0.4307116 -0.8337916 -0.3453679 -0.2638146 -0.8911496 -0.3691262 -0.2638165 -0.8911492 -0.3691261 -0.0888443 -0.9875225 -0.130023 -0.08870858 -0.9875361 -0.1300118 -0.4307126 -0.8947682 -0.1177984 -0.2638161 -0.9563209 -0.1259022 -0.4307121 -0.8947685 -0.1177985 -0.2638145 -0.9563214 -0.1259021 -0.08870867 -0.9875345 0.1300246 -0.263816 -0.9563209 0.1259022 -0.08884454 -0.9875242 0.1300102 -0.4307121 -0.8947684 0.1177984 -0.4307126 -0.8947682 0.1177984 -0.2638145 -0.9563214 0.1259021 -0.0887024 -0.9202378 0.381175 -0.08870419 -0.9202377 0.3811748 -0.2638165 -0.8911492 0.369126 -0.4307116 -0.8337917 0.3453678 -0.4307121 -0.8337914 0.3453678 -0.2638144 -0.8911497 0.3691264 -0.0888489 -0.7902239 0.6063433 -0.08870642 -0.7902256 0.6063617 -0.2638149 -0.7652473 0.5871952 -0.4307089 -0.7159943 0.5494015 -0.4307119 -0.715993 0.5494008 -0.2638165 -0.7652471 0.5871949 -0.08870672 -0.606351 0.7902338 -0.08884838 -0.6063542 0.7902156 -0.4307092 -0.5494016 0.7159939 -0.2638172 -0.5871949 0.7652468 -0.4307111 -0.5494009 0.7159934 -0.263815 -0.5871951 0.7652473 -0.263817 -0.3691258 0.8911491 -0.08870441 -0.3811749 0.9202377 -0.08870875 -0.1300247 0.9875345 -0.0888444 -0.1300102 0.9875242 -0.2638161 -0.1259022 0.9563209 -0.08870257 -0.3811748 0.9202378 -0.2638144 -0.3691263 0.8911496 -0.4307113 -0.3453679 0.8337918 -0.2638144 -0.1259021 0.9563214 -0.4307109 -0.345368 0.8337919 -0.4307117 -0.1177986 0.8947687 0.2567457 0.1261509 0.9582106 0.9653616 0.03405637 0.2586835 0.9653612 0.0340565 0.2586848 0.704074 0.09269005 0.7040514 0.2567415 0.1261509 0.9582117 0.7040752 0.09268996 0.7040503 0.9653612 0.0998486 0.2410559 0.9653615 0.09984809 0.2410546 0.2567463 0.3698553 0.89291 0.2567443 0.5883553 0.7667597 0.7040759 0.271753 0.6560697 0.256743 0.3698558 0.8929108 0.7040749 0.2717534 0.6560706 0.9653614 0.158836 0.206999 0.965361 0.1588368 0.2070002 0.7040743 0.4322975 0.5633811 0.2567515 0.5883543 0.7667581 0.7040788 0.4322949 0.5633776 0.9653617 0.2069984 0.1588355 0.9653611 0.2069995 0.1588364 0.2567653 0.7667551 0.588352 0.7040634 0.5633895 0.4323044 0.2567542 0.7667576 0.5883535 0.7040755 0.5633803 0.4322967 0.9653611 0.2410565 0.09984881 0.965361 0.2586856 0.03405657 0.9653615 0.2410547 0.09984797 0.2567481 0.8929096 0.3698553 0.7040818 0.6560644 0.2717504 0.2567686 0.8929042 0.3698539 0.7040619 0.6560823 0.2717588 0.9653612 0.2586849 0.03405651 0.2567319 0.9582145 0.1261505 0.7040825 0.7040429 0.09268878 0.2567482 0.9582099 0.1261504 0.7040777 0.7040477 0.09268963 0.965361 0.2586856 -0.03405657 0.9653612 0.2586848 -0.0340565 0.7040776 0.7040479 -0.09268966 0.2567481 0.9582101 -0.1261499 0.256732 0.9582143 -0.126151 0.7040827 0.7040429 -0.09268878 0.9653617 0.2410545 -0.099848 0.9653611 0.2410566 -0.09984878 0.7040616 0.6560829 -0.271758 0.2567685 0.8929046 -0.3698533 0.2567481 0.8929092 -0.3698559 0.7040818 0.6560641 -0.2717512 0.9653612 0.2069995 -0.1588364 0.9653617 0.2069982 -0.1588355 0.704075 0.5633803 -0.4322973 0.2567541 0.7667575 -0.5883539 0.2567645 0.7667555 -0.5883519 0.7040634 0.5633897 -0.4323039 0.9653609 0.1588369 -0.2070002 0.7040748 0.4322972 -0.5633808 0.9653614 0.1588358 -0.2069989 0.2567526 0.5883541 -0.7667578 0.7040783 0.4322952 -0.5633779 0.2567443 0.5883553 -0.7667597 0.9653612 0.09984864 -0.2410559 0.9653616 0.09984802 -0.2410545 0.9653616 0.03405637 -0.2586835 0.9653612 0.0340565 -0.2586848 0.704074 0.09269005 -0.7040514 0.7040758 0.271753 -0.6560698 0.2567456 0.1261507 -0.9582107 0.2567464 0.3698554 -0.89291 0.256743 0.3698557 -0.892911 0.2567416 0.126151 -0.9582117 0.7040747 0.2717535 -0.6560708 0.7040752 0.09268996 -0.7040503 0.9653612 -0.03405654 0.2586849 0.2567458 -0.1261509 0.9582106 0.9653612 -0.03405652 -0.2586849 0.9653614 -0.03405643 -0.258684 0.7040741 -0.09269009 -0.7040514 0.2567457 -0.1261508 -0.9582106 0.2567416 -0.1261511 -0.9582117 0.256743 -0.3698557 -0.892911 0.7040752 -0.09269001 -0.7040503 0.9653617 -0.09984807 -0.2410545 0.9653611 -0.09984863 -0.241056 0.7040729 -0.271754 -0.6560725 0.2567463 -0.3698554 -0.89291 0.7040749 -0.2717534 -0.6560706 0.965362 -0.1588345 -0.2069972 0.965362 -0.2069972 -0.1588345 0.7040738 -0.4322978 -0.5633815 0.9653615 -0.1588354 -0.2069984 0.256743 -0.5883555 -0.76676 0.7040743 -0.4322974 -0.5633811 0.2567439 -0.5883552 -0.7667598 0.9653615 -0.2069984 -0.1588354 0.2567486 -0.7667588 -0.5883546 0.256749 -0.8929093 -0.369855 0.7040725 -0.5633826 -0.4322986 0.2567422 -0.7667602 -0.5883555 0.7040755 -0.5633803 -0.4322967 0.9653616 -0.2410549 -0.0998482 0.9653615 -0.2410547 -0.09984809 0.2567416 -0.8929111 -0.369856 0.7040722 -0.6560732 -0.2717545 0.7040748 -0.6560708 -0.2717534 0.9653612 -0.2586849 -0.03405654 0.9653615 -0.2586837 -0.03405634 0.2567458 -0.9582105 -0.1261509 0.7040752 -0.7040502 -0.09268991 0.7040739 -0.7040514 -0.09269011 0.256741 -0.9582119 -0.1261509 0.9653615 -0.2586837 0.03405638 0.9653612 -0.2586848 0.0340565 0.2567411 -0.9582118 0.126151 0.2567457 -0.9582107 0.1261508 0.7040741 -0.7040514 0.09269006 0.7040752 -0.7040502 0.09268998 0.9653617 -0.2410545 0.09984805 0.9653615 -0.2410547 0.09984809 0.7040722 -0.6560732 0.2717544 0.256749 -0.8929093 0.369855 0.2567486 -0.7667588 0.5883546 0.2567413 -0.8929112 0.369856 0.7040749 -0.6560706 0.2717534 0.965362 -0.2069972 0.1588345 0.9653615 -0.2069984 0.1588354 0.7040729 -0.5633822 0.4322983 0.2567429 -0.7667601 0.5883554 0.256743 -0.5883555 0.76676 0.7040749 -0.5633806 0.4322969 0.7040748 -0.4322972 0.5633808 0.9653616 -0.1588355 0.2069984 0.9653617 -0.09984807 0.2410545 0.965362 -0.1588344 0.2069971 0.7040736 -0.4322979 0.5633817 0.2567442 -0.5883552 0.7667598 0.9653612 -0.09984858 0.2410559 0.9653614 -0.03405641 0.258684 0.7040747 -0.2717533 0.6560708 0.7040731 -0.2717541 0.6560724 0.2567464 -0.3698554 0.89291 0.7040741 -0.09269009 0.7040514 0.7040752 -0.09269001 0.7040503 0.256743 -0.3698557 0.892911 0.2567415 -0.1261509 0.9582118 -0.5094739 0.1123159 -0.8531246 -0.5094739 0.1123159 -0.8531245 -0.5094737 0.3292937 -0.7949857 -0.5094735 0.3292937 -0.7949857 -0.5094734 0.5238312 -0.6826696 -0.5094746 0.5238304 -0.6826693 -0.5094748 0.682669 -0.5238305 -0.5094738 0.6826697 -0.5238307 -0.509474 0.7949855 -0.3292935 -0.5094737 0.7949857 -0.3292936 -0.5094725 0.8531253 -0.1123167 -0.509474 0.8531244 -0.1123161 -0.509474 0.8531243 0.1123166 -0.5094726 0.8531253 0.1123162 -0.5094737 0.7949857 0.3292936 -0.509474 0.7949855 0.3292935 -0.5094748 0.6826691 0.5238305 -0.5094737 0.6826697 0.5238307 -0.5094734 0.5238312 0.6826696 -0.5094746 0.5238304 0.6826693 -0.5094737 0.3292937 0.7949857 -0.5094734 0.3292937 0.7949857 -0.5094738 0.1123159 0.8531246 -0.5094739 0.1123159 0.8531245 -0.5094739 -0.1123159 0.8531245 -0.5094741 -0.112316 0.8531245 -0.509474 -0.3292938 0.7949855 -0.509474 -0.3292938 0.7949854 -0.5094737 -0.5238306 0.6826698 -0.5094742 -0.5238306 0.6826695 -0.5094737 -0.6826696 0.5238306 -0.5094739 -0.6826697 0.5238307 -0.5094737 -0.7949855 0.3292939 -0.5094734 -0.7949857 0.3292939 -0.5094734 -0.8531248 0.112316 -0.5094732 -0.8531249 0.112316 -0.5094732 -0.8531249 -0.112316 -0.5094734 -0.8531249 -0.112316 -0.5094737 -0.7949855 -0.3292939 -0.5094734 -0.7949858 -0.3292939 -0.5094737 -0.6826697 -0.5238306 -0.5094737 -0.6826697 -0.5238307 -0.5094742 -0.5238305 -0.6826695 -0.5094737 -0.5238307 -0.6826697 -0.509474 -0.3292937 -0.7949854 -0.509474 -0.3292938 -0.7949855 -0.5094739 -0.112316 -0.8531246 -0.509474 -0.1123159 -0.8531244 1 0 -0 1 0 0 1 0 -0 1 0 0 1 0 0 1 0 -0 1 0 0 1 0 0 1 0 0 1 0 0 1 0 0 1 0 -0 1 0 0 1 0 0 1 0 0 1 0 0 1 0 -0 1 0 0 1 0 0 1 0 -0 1 0 0 1 0 -0 1 0 0 1 0 0 1 0 0 1 0 0 1 0 0 1 0 0 1 0 0 1 0 0 1 0 0 1 0 0 1 0 0 1 0 0 1 0 0 1 0 0 1 0 0 1 0 0 1 0 0 1 0 0 1 0 0 1 0 0 1 0 -0 1 0 0 1 0 -0 1 0 0 1 0 0 1 0 -0 1 0 -0 1 0 0 1 0 0 1 0 -0 1 0 0 1 0 0 1 0 0 1 0 0 1 0 -0 1 0 0 1 0 0 1 0 -0 1 0 0 1 0 0 1 0 -0 1 0 0 1 0 0 1 0 0 -0.0888427 0.1300101 -0.9875243 -0.08884265 0.13001 0.9875244 -0.08884322 0.1300101 0.9875243 -0.08884295 0.3811703 0.9202261 -0.4307023 0.1177991 0.8947731 -0.2638212 0.1259018 0.9563196 -0.4307027 0.117799 0.8947729 -0.263822 0.1259018 0.9563193 -0.08884474 0.3811701 0.920226 -0.4307049 0.3453689 0.8337947 -0.2638217 0.3691256 0.8911478 -0.4307027 0.3453695 0.8337956 -0.2638203 0.3691256 0.8911482 -0.088845 0.6063541 0.790216 -0.08884554 0.6063541 0.790216 -0.4307039 0.5494033 0.7159958 -0.2638191 0.5871944 0.7652465 -0.4307057 0.5494027 0.7159954 -0.2638195 0.5871944 0.7652465 -0.08883943 0.7902161 0.6063546 -0.08884571 0.7902161 0.6063538 -0.2638178 0.765247 0.5871943 -0.4307064 0.715995 0.5494025 -0.2638198 0.7652465 0.5871941 -0.4307042 0.715996 0.549403 -0.08884601 0.9202259 0.3811701 -0.08883868 0.9202263 0.381171 -0.4307023 0.8947731 0.1177998 -0.4307023 0.8337958 0.3453692 -0.4307071 0.8337936 0.3453689 -0.2638154 0.8911492 0.3691269 -0.2638195 0.8911483 0.369126 -0.08885017 0.9875237 0.1300093 -0.08884593 0.9875241 0.1300098 -0.4307108 0.8947691 -0.1177993 -0.2638141 0.9563215 0.1259019 -0.263815 0.9563212 0.1259018 -0.4307109 0.8947691 0.1177983 -0.08884594 0.9875242 -0.1300093 -0.2638142 0.9563215 -0.1259019 -0.08885015 0.9875237 -0.1300097 -0.4307022 0.8337959 -0.3453693 -0.4307021 0.8947732 -0.1177988 -0.263815 0.9563212 -0.1259018 -0.08883876 0.9202265 -0.3811703 -0.08884574 0.9202256 -0.3811707 -0.2638196 0.8911481 -0.3691264 -0.4307071 0.8337936 -0.3453689 -0.2638154 0.8911493 -0.3691264 -0.088846 0.7902157 -0.6063543 -0.08883925 0.7902166 -0.6063542 -0.4307065 0.7159951 -0.5494023 -0.430704 0.5494033 -0.7159958 -0.4307043 0.7159958 -0.5494031 -0.2638179 0.765247 -0.5871943 -0.2638198 0.7652465 -0.5871941 -0.08884478 0.6063541 -0.790216 -0.2638191 0.5871944 -0.7652465 -0.08884569 0.6063541 -0.7902159 -0.08884479 0.3811703 -0.920226 -0.4307057 0.5494027 -0.7159954 -0.2638195 0.5871943 -0.7652464 -0.08884302 0.3811701 -0.9202262 -0.08884327 0.13001 -0.9875243 -0.4307022 0.1177991 -0.8947731 -0.4307027 0.3453693 -0.8337957 -0.2638204 0.3691258 -0.8911481 -0.263822 0.1259018 -0.9563193 -0.2638212 0.1259018 -0.9563196 -0.4307027 0.117799 -0.8947729 -0.4307049 0.3453691 -0.8337945 -0.2638216 0.3691255 -0.8911479 -0.08884265 -0.1300102 0.9875243 -0.08884265 -0.1300101 -0.9875243 -0.08884326 -0.1300101 -0.9875243 -0.4307023 -0.1177991 -0.8947731 -0.2638212 -0.1259018 -0.9563195 -0.4307027 -0.1177991 -0.894773 -0.263822 -0.1259019 -0.9563193 -0.08884501 -0.3811702 -0.9202259 -0.08884295 -0.3811701 -0.9202262 -0.4307033 -0.3453694 -0.8337954 -0.2638217 -0.3691256 -0.8911478 -0.2638203 -0.3691256 -0.8911482 -0.4307027 -0.3453695 -0.8337956 -0.08884185 -0.606354 -0.7902164 -0.08884171 -0.7902163 -0.6063542 -0.08884554 -0.6063541 -0.790216 -0.4307039 -0.5494029 -0.7159962 -0.2638217 -0.587194 -0.7652459 -0.4307032 -0.5494032 -0.7159964 -0.2638195 -0.5871941 -0.7652466 -0.08884339 -0.7902161 -0.6063542 -0.4307032 -0.7159965 -0.5494031 -0.2638215 -0.7652461 -0.5871938 -0.4307042 -0.715996 -0.549403 -0.2638197 -0.7652464 -0.5871943 -0.08884326 -0.9202262 -0.3811699 -0.08884333 -0.9202263 -0.38117 -0.4307042 -0.8337949 -0.3453693 -0.4307033 -0.8337954 -0.3453694 -0.263822 -0.8911479 -0.3691253 -0.2638195 -0.8911483 -0.3691258 -0.08884265 -0.9875243 -0.1300101 -0.08884265 -0.9875243 0.1300101 -0.08884344 -0.9875243 -0.1300101 -0.4307047 -0.8947719 0.117799 -0.4307047 -0.8947719 -0.117799 -0.4307042 -0.8947722 -0.1177989 -0.263822 -0.9563194 -0.1259018 -0.2638212 -0.9563195 -0.1259019 -0.08884346 -0.9875243 0.1300101 -0.2638212 -0.9563195 0.1259018 -0.4307042 -0.8947722 0.1177989 -0.263822 -0.9563193 0.1259018 -0.08884326 -0.9202262 0.3811699 -0.08884344 -0.9202263 0.38117 -0.263822 -0.8911479 0.3691253 -0.2638198 -0.8911483 0.3691258 -0.4307033 -0.8337953 0.3453695 -0.4307043 -0.833795 0.3453692 -0.08884188 -0.7902163 0.6063542 -0.08884323 -0.7902161 0.6063542 -0.4307032 -0.7159964 0.5494032 -0.4307043 -0.7159961 0.5494028 -0.2638217 -0.7652459 0.587194 -0.2638198 -0.7652465 0.5871941 -0.08884172 -0.6063543 0.7902162 -0.08884566 -0.6063538 0.7902161 -0.08884479 -0.3811703 0.920226 -0.4307032 -0.5494031 0.7159965 -0.4307039 -0.549403 0.7159961 -0.2638197 -0.5871943 0.7652464 -0.263822 -0.5871937 0.765246 -0.2638212 -0.1259019 0.9563196 -0.2638204 -0.3691256 0.8911482 -0.08884302 -0.3811701 0.9202262 -0.08884328 -0.1300101 0.9875243 -0.4307027 -0.1177991 0.894773 -0.4307023 -0.1177991 0.8947731 -0.4307027 -0.3453695 0.8337955 -0.4307033 -0.3453694 0.8337953 -0.2638217 -0.3691256 0.8911478 -0.263822 -0.1259018 0.9563193 -0 0.1305263 0.9914449 -2.637681e-06 0.130528 0.9914446 0.04820146 0.3822386 0.9228057 -2.036369e-06 0.333227 0.9428467 -0.0154657 0.4754861 0.8795874 0.03720168 0.6083397 0.7928044 0.02873974 0.6026578 0.797482 0.04322185 0.7926122 0.6081923 -0.01562408 0.7133547 0.7006289 0.01670534 0.8084245 0.5883628 0.04931049 0.9227555 0.3822182 -0.01076561 0.886079 0.4634093 -0.0003525148 0.9445379 0.3284023 0.04915596 0.9902464 0.130368 0.0003553501 0.9825019 0.1862527 -0.01115995 0.9991346 0.0400692 0.04275019 0.9905385 -0.1304065 0.01772248 0.9941059 -0.1069542 0.03783105 0.923218 -0.3824098 -0.01570182 0.9676852 -0.2516719 0.0275635 0.920047 -0.3908374 0.04704727 0.7924751 -0.6080871 -0.01397838 0.8529818 -0.5217534 0.007396633 0.767248 -0.641308 0.05001367 0.6079993 -0.7923607 -0.00598733 0.6648476 -0.746955 -0.006539337 0.5480502 -0.8364199 0.04673551 0.3822652 -0.92287 0.008260033 0.4193862 -0.9077703 -0.01421252 0.2816286 -0.9594182 0.02273526 0.1582092 -0.9871439 0.04820126 0.1303746 -0.9902925 0 0.05294802 -0.9985973 0 -0.1305393 -0.9914431 1.734889e-05 -0.130528 -0.9914446 0.04822194 -0.3822382 -0.9228047 1.852313e-05 -0.333227 -0.9428467 -0.01544508 -0.4754859 -0.8795877 0.03720696 -0.6083294 -0.792812 0.0287599 -0.6026575 -0.7974816 0.04322814 -0.7926199 -0.6081817 -0.0156238 -0.7133551 -0.7006285 0.01672507 -0.8084245 -0.5883622 0.0493315 -0.9227546 -0.3822176 -0.01074527 -0.8860788 -0.4634101 -0.0003318733 -0.9445381 -0.3284015 0.04916493 -0.9902441 -0.1303814 0.0003756045 -0.9825017 -0.1862535 -0.01115995 -0.9991346 -0.0400692 0.0427645 -0.9905362 0.1304198 0.01772248 -0.9941059 0.1069542 0.03785256 -0.9232174 0.3824092 -0.01568041 -0.9676856 0.2516716 0.02758338 -0.920046 0.3908383 0.04706023 -0.7924825 0.6080763 -0.013958 -0.8529826 0.5217527 0.007396575 -0.7672475 0.6413084 0.05002401 -0.6079887 0.7923681 -0.005987251 -0.664848 0.7469547 -0.006519559 -0.5480494 0.8364205 0.04675571 -0.3822649 0.9228691 0.008280255 -0.4193862 0.9077702 -0.0141921 -0.2816289 0.9594185 0.02275535 -0.1582092 0.9871435 0.04820925 -0.1303875 0.9902903 0 -0.05294808 0.9985973 -0 0.1305262 0.9914448 -2.210841e-05 0.1305393 0.9914432 -2.249418e-05 0.3826836 0.9238794 -2.289483e-05 0.3826833 0.9238796 -0 0.6087614 0.7933533 -2.180755e-05 0.6087512 0.7933612 -2.240123e-05 0.7933531 0.6087617 0 0.7933612 0.6087511 -2.273253e-05 0.9238795 0.3826834 -2.307606e-05 0.9238794 0.3826836 1.758301e-12 0.9914449 0.1305255 -2.204918e-05 0.9914432 0.1305385 -2.205084e-05 0.9914449 -0.1305255 0 0.9914432 -0.1305385 -2.30696e-05 0.9238795 -0.3826834 -2.271361e-05 0.9238794 -0.3826836 0 0.7933531 -0.6087617 -2.241162e-05 0.7933612 -0.6087511 -2.178373e-05 0.6087614 -0.7933533 0 0.6087512 -0.7933612 -2.290106e-05 0.3826836 -0.9238794 -2.247197e-05 0.3826833 -0.9238796 0 0.1305262 -0.9914448 -2.210958e-05 0.1305393 -0.9914432 0 -0.1305263 -0.9914448 -2.290106e-05 -0.3826836 -0.9238794 -2.210841e-05 -0.1305393 -0.9914432 -2.178373e-05 -0.6087612 -0.7933535 -2.249418e-05 -0.3826833 -0.9238796 0 -0.7933534 -0.6087614 0 -0.6087509 -0.7933614 -2.24013e-05 -0.7933615 -0.6087508 -2.273253e-05 -0.9238796 -0.3826832 -2.307606e-05 -0.9238796 -0.3826834 1.75812e-12 -0.9914448 -0.1305263 -2.206428e-05 -0.9914432 -0.1305393 -2.205084e-05 -0.9914448 0.1305263 0 -0.9914432 0.1305393 -2.30696e-05 -0.9238796 0.3826832 -2.277402e-05 -0.9238796 0.3826834 0 -0.7933534 0.6087614 -2.241163e-05 -0.7933615 0.6087508 -2.178373e-05 -0.6087612 0.7933535 0 -0.6087509 0.7933614 -2.290106e-05 -0.3826836 0.9238794 -2.247197e-05 -0.3826833 0.9238796 0 -0.1305263 0.9914448 -2.210959e-05 -0.1305393 0.9914432 0.4307047 0.1177989 0.894772 0.08884262 0.1300101 0.9875243 0.08884265 0.1300101 -0.9875243 0.4307043 0.117799 0.8947721 0.2638213 0.125902 0.9563195 0.08884328 0.1300102 0.9875243 0.2638196 0.1259019 0.9563199 0.4307017 0.3453696 0.8337961 0.4307046 0.3453693 0.8337947 0.08884092 0.3811702 0.9202264 0.0888394 0.6063541 0.7902166 0.263824 0.3691255 0.8911472 0.08884272 0.38117 0.9202263 0.2638195 0.3691255 0.8911484 0.4307039 0.549403 0.7159961 0.4307008 0.5494036 0.7159975 0.2638172 0.5871943 0.7652473 0.0888468 0.6063542 0.7902157 0.263825 0.5871936 0.7652451 0.4307071 0.715995 0.549402 0.4307042 0.7159958 0.5494031 0.2638165 0.765247 0.5871948 0.08883924 0.7902166 0.6063541 0.2638198 0.7652462 0.5871946 0.0888472 0.7902156 0.6063543 0.4307023 0.8337958 0.3453694 0.4307075 0.8337938 0.3453679 0.08884575 0.9202258 0.3811704 0.08884594 0.9875242 0.1300096 0.2638242 0.8911476 0.3691245 0.08883891 0.9202267 0.38117 0.2638196 0.8911484 0.3691255 0.4307027 0.8947729 0.1177992 0.4307027 0.8947729 -0.1177992 0.2638244 0.9563187 0.125902 0.4307022 0.8947731 0.1177993 0.08884014 0.9875246 0.1300102 0.2638236 0.9563189 0.1259019 0.4307022 0.8947731 -0.1177993 0.08884594 0.9875242 -0.1300096 0.08884575 0.9202258 -0.3811704 0.08884017 0.9875246 -0.1300102 0.2638235 0.9563189 -0.1259019 0.2638244 0.9563187 -0.125902 0.4307075 0.8337936 -0.3453684 0.4307071 0.715995 -0.549402 0.4307025 0.833796 -0.3453688 0.2638195 0.8911487 -0.369125 0.08883924 0.7902166 -0.6063541 0.08883867 0.9202267 -0.38117 0.2638241 0.8911473 -0.369125 0.4307042 0.7159958 -0.5494031 0.08884726 0.7902156 -0.6063543 0.2638163 0.7652471 -0.5871949 0.2638198 0.7652461 -0.5871946 0.2638173 0.5871943 -0.7652472 0.4307007 0.5494039 -0.7159973 0.430704 0.5494027 -0.7159963 0.2638253 0.5871935 -0.7652451 0.0888394 0.6063541 -0.7902166 0.08884092 0.3811702 -0.9202264 0.08884659 0.6063542 -0.7902157 0.4307046 0.345369 -0.8337948 0.4307016 0.3453698 -0.833796 0.4307044 0.1177989 -0.8947722 0.4307047 0.1177989 -0.894772 0.263824 0.3691251 -0.8911474 0.2638195 0.369126 -0.8911483 0.2638213 0.125902 -0.9563195 0.08884295 0.38117 -0.9202263 0.2638196 0.1259019 -0.9563199 0.08884328 0.1300102 -0.9875243 0.4307047 -0.1177989 0.8947719 0.08884249 -0.1300231 0.9875227 0.4307047 -0.117799 -0.8947719 0.4307038 -0.117799 -0.8947724 0.2638213 -0.125902 -0.9563196 0.08884262 -0.1300102 -0.9875244 0.08870695 -0.1300247 -0.9875346 0.2638196 -0.125902 -0.95632 0.4307033 -0.3453694 -0.8337953 0.4307031 -0.3453694 -0.8337955 0.0887006 -0.381175 -0.920238 0.2638222 -0.3691255 -0.8911477 0.08870269 -0.3811748 -0.9202378 0.2638195 -0.3691255 -0.8911484 0.4307014 -0.5494037 -0.7159971 0.4307032 -0.5494034 -0.7159963 0.08884663 -0.6063435 -0.7902239 0.2638201 -0.5871942 -0.7652463 0.08870497 -0.6063619 -0.7902257 0.2638223 -0.587194 -0.7652457 0.4307038 -0.7159963 -0.549403 0.4307011 -0.7159971 -0.549404 0.08870493 -0.790234 -0.606351 0.2638217 -0.7652459 -0.587194 0.2638202 -0.7652462 -0.5871944 0.08884721 -0.7902157 -0.6063542 0.4307043 -0.833795 -0.3453692 0.4307036 -0.8337951 -0.3453693 0.08870238 -0.9202378 -0.381175 0.08870687 -0.9875346 -0.1300246 0.2638197 -0.8911483 -0.3691258 0.2638217 -0.8911479 -0.3691254 0.08870047 -0.920238 -0.3811749 0.4307047 -0.8947719 -0.1177989 0.4307042 -0.8947722 -0.117799 0.2638197 -0.95632 -0.1259019 0.2638212 -0.9563195 -0.125902 0.08884265 -0.9875244 -0.1300102 0.4307042 -0.8947722 0.1177989 0.4307047 -0.8947719 0.1177989 0.08870687 -0.9875346 0.1300246 0.08884273 -0.9875244 0.1300102 0.2638212 -0.9563195 0.125902 0.2638197 -0.95632 0.1259019 0.4307037 -0.8337952 0.3453693 0.4307042 -0.8337949 0.3453692 0.2638217 -0.8911478 0.3691256 0.0887006 -0.9202378 0.3811751 0.0887024 -0.9202378 0.3811749 0.2638199 -0.8911483 0.3691256 0.430701 -0.7159973 0.5494038 0.430704 -0.715996 0.5494031 0.2638201 -0.7652463 0.5871942 0.0888471 -0.790224 0.6063434 0.08870464 -0.7902257 0.6063619 0.2638217 -0.7652458 0.5871941 0.4307032 -0.5494032 0.7159963 0.4307013 -0.5494039 0.715997 0.08884659 -0.6063542 0.7902157 0.2638223 -0.5871939 0.7652458 0.08870494 -0.6063512 0.790234 0.0887006 -0.381175 0.920238 0.2638199 -0.5871944 0.7652462 0.4307034 -0.3453694 0.8337953 0.430703 -0.3453694 0.8337954 0.2638222 -0.3691255 0.8911477 0.2638212 -0.1259019 0.9563195 0.4307038 -0.1177991 0.8947724 0.08870263 -0.3811748 0.9202378 0.2638196 -0.1259021 0.9563199 0.08870681 -0.1300118 0.9875363 0.2638195 -0.3691255 0.8911484 0.08884339 0.1300231 0.9875226 0.4307066 0.1177988 -0.8947711 0.08884339 0.1300231 -0.9875226 0.4307066 0.1177988 0.8947711 0.4307062 0.1177988 0.8947713 0.2638187 0.1259019 0.9563203 0.08897065 0.1300085 0.987513 0.2638193 0.1259018 0.95632 0.4307088 0.3453682 0.833793 0.4307067 0.3453688 0.8337939 0.08897436 0.3811656 0.9202154 0.2638192 0.3691258 0.8911485 0.2638178 0.369126 0.8911487 0.08897486 0.3811656 0.9202154 0.4307079 0.5494022 0.7159943 0.4307097 0.5494015 0.7159938 0.08884554 0.6063437 0.7902238 0.2638166 0.5871948 0.765247 0.08897106 0.6063473 0.790207 0.2638169 0.5871948 0.765247 0.4307105 0.7159935 0.5494013 0.4307082 0.7159945 0.5494018 0.2638152 0.7652475 0.5871949 0.08896845 0.7902151 0.6063371 0.0888466 0.790216 0.6063537 0.2638172 0.7652472 0.5871944 0.4307062 0.8337942 0.3453686 0.4307111 0.8337918 0.3453682 0.08897671 0.9202151 0.3811658 0.08897156 0.9202152 0.3811665 0.263817 0.8911487 0.3691267 0.263813 0.8911499 0.3691267 0.4307148 0.8947672 0.117799 0.4307061 0.8947713 0.1177986 0.08885089 0.987522 0.1300222 0.08897297 0.9875128 0.1300083 0.2638124 0.956322 0.125902 0.2638116 0.9563222 0.1259019 0.4307062 0.8947712 -0.1177995 0.2638116 0.9563222 -0.1259019 0.4307148 0.8947672 -0.1177981 0.08897312 0.9875112 -0.1300208 0.08885104 0.9875236 -0.1300097 0.2638125 0.956322 -0.125902 0.4307112 0.8337919 -0.3453676 0.4307063 0.8337939 -0.3453691 0.2638168 0.891149 -0.3691263 0.08897156 0.9202155 -0.381166 0.0889767 0.9202149 -0.3811663 0.2638128 0.8911498 -0.3691271 0.4307083 0.7159943 -0.5494019 0.4307104 0.7159936 -0.5494011 0.2638149 0.7652475 -0.587195 0.08884647 0.7902238 -0.6063437 0.2638172 0.7652472 -0.5871944 0.0889683 0.7902074 -0.6063471 0.4307078 0.5494021 -0.7159945 0.4307096 0.5494017 -0.7159937 0.08884569 0.6063541 -0.7902159 0.08897121 0.606337 -0.7902149 0.2638169 0.5871948 -0.7652469 0.2638165 0.5871949 -0.765247 0.4307088 0.3453684 -0.8337929 0.4307069 0.3453685 -0.8337938 0.4307062 0.1177988 -0.8947713 0.08897436 0.3811657 -0.9202154 0.08897486 0.3811656 -0.9202154 0.2638191 0.3691259 -0.8911484 0.2638178 0.3691259 -0.8911489 0.2638194 0.1259018 -0.95632 0.2638187 0.1259019 -0.9563203 0.0889706 0.1300085 -0.987513 0.0888434 -0.1300231 -0.9875226 0.4307067 -0.1177988 0.894771 0.4307066 -0.1177988 -0.894771 0.4307062 -0.1177989 -0.8947713 0.08897481 -0.3811656 -0.9202154 0.2638187 -0.125902 -0.9563203 0.08897065 -0.1300086 -0.987513 0.2638194 -0.1259019 -0.95632 0.4307074 -0.3453687 -0.8337936 0.4307067 -0.3453688 -0.8337939 0.08897125 -0.6063367 -0.7902151 0.2638178 -0.369126 -0.8911487 0.08897436 -0.3811657 -0.9202154 0.2638192 -0.3691258 -0.8911485 0.430708 -0.5494018 -0.7159947 0.4307072 -0.549402 -0.715995 0.2638169 -0.5871946 -0.7652472 0.08884237 -0.7902243 -0.6063436 0.2638191 -0.5871944 -0.7652466 0.08884262 -0.6063542 -0.7902161 0.4307072 -0.7159949 -0.5494019 0.4307082 -0.7159945 -0.5494018 0.08897622 -0.9202152 -0.3811657 0.08897229 -0.7902069 -0.6063472 0.2638172 -0.7652471 -0.5871946 0.2638189 -0.7652466 -0.5871944 0.4307081 -0.8337932 -0.3453686 0.4307072 -0.8337936 -0.3453687 0.08897067 -0.9875113 -0.1300216 0.263817 -0.8911491 -0.3691258 0.2638194 -0.8911484 -0.3691258 0.08897439 -0.9202154 -0.3811655 0.4307087 -0.8947701 -0.1177987 0.4307082 -0.8947703 -0.1177987 0.08884341 -0.9875226 0.1300231 0.08884355 -0.9875242 -0.1300101 0.2638187 -0.9563202 -0.1259019 0.2638195 -0.95632 -0.1259019 0.4307081 -0.8947703 0.1177987 0.2638187 -0.9563202 0.1259019 0.4307087 -0.8947701 0.1177987 0.08897449 -0.9202153 0.3811657 0.08897049 -0.9875131 0.1300086 0.2638195 -0.95632 0.1259019 0.4307072 -0.8337936 0.3453688 0.4307082 -0.8337932 0.3453685 0.2638172 -0.891149 0.3691261 0.08897232 -0.7902151 0.6063366 0.0889762 -0.9202152 0.3811654 0.2638194 -0.8911485 0.3691256 0.4307084 -0.7159945 0.5494016 0.4307072 -0.715995 0.5494021 0.08884262 -0.7902161 0.6063542 0.2638188 -0.7652467 0.5871943 0.08884234 -0.6063436 0.7902242 0.2638172 -0.7652469 0.5871947 0.4307078 -0.5494018 0.7159947 0.2638194 -0.5871941 0.7652466 0.4307074 -0.5494019 0.7159949 0.08897106 -0.6063473 0.790207 0.08897447 -0.3811656 0.9202154 0.2638171 -0.5871947 0.7652469 0.2638187 -0.1259019 0.9563202 0.4307072 -0.3453687 0.8337936 0.2638178 -0.369126 0.8911487 0.4307068 -0.3453687 0.8337938 0.4307062 -0.1177988 0.8947712 0.08884355 -0.1300101 0.9875243 0.2638194 -0.125902 0.9563201 0.08897079 -0.1300216 0.9875113 0.08897486 -0.3811656 0.9202154 0.263819 -0.3691258 0.8911485 0.5094739 0.1123159 0.8531246 0.5094739 0.1123159 0.8531245 0.5094736 0.3292937 0.7949858 0.5094736 0.3292937 0.7949857 0.5094746 0.5238308 0.682669 0.5094733 0.5238309 0.6826699 0.5094738 0.6826695 0.523831 0.5094748 0.6826693 0.5238303 0.509474 0.7949855 0.3292935 0.5094737 0.7949857 0.3292936 0.5094725 0.8531253 0.1123167 0.509474 0.8531244 0.1123161 0.5094725 0.8531253 -0.1123167 0.509474 0.8531244 -0.1123161 0.5094737 0.7949857 -0.3292936 0.509474 0.7949855 -0.3292935 0.5094748 0.6826691 -0.5238305 0.5094737 0.6826697 -0.5238307 0.5094734 0.5238312 -0.6826696 0.5094746 0.5238304 -0.6826693 0.5094737 0.3292937 -0.7949857 0.5094734 0.3292937 -0.7949857 0.5094738 0.1123159 -0.8531246 0.5094739 0.1123159 -0.8531245 0.5094739 -0.1123159 -0.8531245 0.5094741 -0.112316 -0.8531245 0.509474 -0.3292937 -0.7949854 0.509474 -0.3292938 -0.7949855 0.5094737 -0.5238306 -0.6826698 0.5094742 -0.5238306 -0.6826695 0.5094737 -0.6826696 -0.5238306 0.5094739 -0.6826697 -0.5238307 0.5094734 -0.7949857 -0.3292941 0.5094738 -0.7949855 -0.3292938 0.5094732 -0.8531249 -0.112316 0.5094734 -0.8531249 -0.112316 0.5094732 -0.8531249 0.112316 0.5094734 -0.8531249 0.112316 0.5094737 -0.7949855 0.3292939 0.5094734 -0.7949858 0.3292939 0.5094737 -0.6826697 0.5238306 0.5094737 -0.6826697 0.5238307 0.5094742 -0.5238305 0.6826695 0.5094737 -0.5238307 0.6826697 0.509474 -0.3292937 0.7949854 0.509474 -0.3292938 0.7949855 0.5094739 -0.112316 0.8531246 0.509474 -0.1123159 0.8531244</float_array>
          <technique_common>
            <accessor count="9849" source="#cubenormals-array0-array" stride="3">
              <param type="float" name="X"/>
              <param type="float" name="Y"/>
              <param type="float" name="Z"/>
            </accessor>
          </technique_common>
        </source>
        <vertices id="cubeverts-array0-vertices">
          <input semantic="POSITION" source="#cubeverts-array0"/>
        </vertices>
        <triangles count="9849" material="ref_Mesh">
          <input offset="0" semantic="VERTEX" source="#cubeverts-array0-vertices"/>
          <input offset="1" semantic="NORMAL" source="#cubenormals-array0"/>
          <p>0 0 1 0 2 0 0 1 2 1 3 1 4 2 3 2 5 2 4 3 0 3 3 3 6 4 4 4 5 4 7 5 5 5 8 5 7 6 6 6 5 6 9 7 8 7 10 7 9 8 7 8 8 8 11 9 10 9 12 9 11 10 9 10 10 10 13 11 12 11 14 11 13 12 11 12 12 12 15 13 13 13 14 13 16 14 14 14 17 14 16 15 15 15 14 15 18 16 16 16 17 16 19 17 17 17 20 17 19 18 18 18 17 18 21 19 20 19 22 19 21 20 19 20 20 20 23 21 22 21 24 21 23 22 21 22 22 22 25 23 24 23 26 23 25 24 23 24 24 24 27 25 26 25 28 25 27 26 25 26 26 26 29 27 27 27 28 27 29 28 28 28 30 28 31 29 30 29 32 29 31 30 29 30 30 30 33 31 32 31 34 31 33 32 31 32 32 32 35 33 34 33 36 33 35 34 33 34 34 34 37 35 38 35 39 35 37 36 36 36 38 36 37 37 35 37 36 37 40 38 39 38 41 38 40 39 37 39 39 39 42 40 41 40 43 40 42 41 40 41 41 41 44 42 43 42 45 42 44 43 42 43 43 43 46 44 47 44 48 44 46 45 45 45 47 45 46 46 44 46 45 46 49 47 48 47 50 47 49 48 46 48 48 48 51 49 52 49 53 49 51 50 50 50 52 50 51 51 49 51 50 51 54 52 53 52 55 52 54 53 51 53 53 53 56 54 54 54 55 54 56 55 55 55 57 55 58 56 57 56 59 56 58 57 56 57 57 57 60 58 59 58 61 58 60 59 58 59 59 59 62 60 61 60 63 60 62 61 60 61 61 61 64 62 65 62 2 62 64 63 63 63 65 63 64 64 62 64 63 64 1 65 64 65 2 65 0 66 66 66 1 66 9 67 67 67 7 67 68 68 27 68 29 68 69 69 66 69 0 69 70 70 71 70 72 70 70 71 73 71 66 71 70 72 72 72 73 72 70 73 66 73 69 73 74 74 0 74 4 74 74 75 69 75 0 75 75 76 4 76 71 76 75 77 71 77 70 77 75 78 70 78 69 78 75 79 74 79 4 79 75 80 69 80 74 80 76 81 4 81 6 81 76 82 6 82 7 82 77 83 78 83 71 83 77 84 71 84 4 84 77 85 4 85 76 85 77 86 76 86 78 86 79 87 7 87 67 87 79 88 76 88 7 88 79 89 78 89 76 89 80 90 67 90 78 90 80 91 79 91 67 91 80 92 78 92 79 92 81 93 67 93 9 93 82 94 83 94 67 94 82 95 67 95 81 95 84 96 9 96 11 96 84 97 81 97 9 97 84 98 82 98 81 98 84 99 83 99 82 99 85 100 84 100 11 100 86 101 87 101 83 101 86 102 83 102 84 102 86 103 84 103 85 103 88 104 11 104 13 104 88 105 85 105 11 105 88 106 87 106 86 106 88 107 86 107 85 107 89 108 88 108 13 108 90 109 87 109 88 109 90 110 88 110 89 110 90 111 91 111 87 111 92 112 13 112 15 112 92 113 89 113 13 113 92 114 90 114 89 114 92 115 91 115 90 115 92 116 15 116 91 116 93 117 15 117 16 117 94 118 95 118 91 118 94 119 91 119 15 119 94 120 15 120 93 120 96 121 16 121 18 121 96 122 94 122 93 122 96 123 93 123 16 123 97 124 96 124 18 124 97 125 95 125 94 125 97 126 94 126 96 126 97 127 18 127 95 127 98 128 18 128 19 128 99 129 100 129 95 129 99 130 95 130 18 130 99 131 18 131 98 131 101 132 19 132 21 132 101 133 98 133 19 133 101 134 100 134 99 134 101 135 99 135 98 135 102 136 101 136 21 136 103 137 104 137 100 137 103 138 100 138 101 138 103 139 101 139 102 139 105 140 21 140 23 140 105 141 104 141 103 141 105 142 102 142 21 142 105 143 103 143 102 143 106 144 105 144 23 144 107 145 108 145 104 145 107 146 104 146 105 146 107 147 105 147 106 147 109 148 23 148 25 148 109 149 108 149 107 149 109 150 106 150 23 150 109 151 107 151 106 151 110 152 109 152 25 152 111 153 112 153 108 153 111 154 108 154 109 154 111 155 109 155 110 155 113 156 25 156 27 156 113 157 112 157 111 157 113 158 110 158 25 158 113 159 111 159 110 159 114 160 113 160 27 160 114 161 27 161 68 161 115 162 68 162 116 162 115 163 116 163 117 163 115 164 117 164 112 164 115 165 112 165 113 165 115 166 113 166 114 166 115 167 114 167 68 167 118 168 119 168 120 168 121 169 122 169 123 169 121 170 124 170 122 170 125 171 120 171 124 171 125 172 118 172 120 172 125 173 124 173 121 173 126 174 118 174 125 174 127 175 123 175 122 175 128 176 126 176 125 176 129 177 123 177 127 177 130 178 129 178 127 178 131 179 127 179 132 179 133 180 127 180 131 180 134 181 130 181 127 181 134 182 127 182 133 182 134 183 135 183 130 183 136 184 135 184 134 184 137 185 131 185 132 185 137 186 138 186 131 186 139 187 140 187 141 187 142 188 132 188 140 188 142 189 137 189 132 189 142 190 140 190 139 190 142 191 143 191 137 191 144 192 143 192 142 192 145 193 141 193 140 193 146 194 141 194 145 194 146 195 147 195 141 195 148 196 145 196 149 196 150 197 146 197 145 197 151 198 145 198 148 198 151 199 150 199 145 199 152 200 150 200 151 200 153 201 149 201 145 201 154 202 149 202 153 202 154 203 155 203 149 203 156 204 153 204 157 204 158 205 153 205 156 205 159 206 154 206 153 206 160 207 153 207 158 207 160 208 159 208 153 208 161 209 159 209 160 209 162 210 157 210 153 210 163 211 157 211 162 211 164 212 163 212 162 212 165 213 162 213 166 213 167 214 164 214 162 214 168 215 167 215 162 215 168 216 162 216 165 216 169 217 166 217 162 217 170 218 167 218 168 218 171 219 166 219 169 219 172 220 171 220 169 220 173 221 169 221 174 221 175 222 169 222 173 222 176 223 172 223 169 223 176 224 169 224 175 224 176 225 177 225 172 225 178 226 177 226 176 226 179 227 173 227 174 227 179 228 180 228 173 228 181 229 182 229 183 229 184 230 174 230 182 230 184 231 179 231 174 231 184 232 182 232 181 232 184 233 185 233 179 233 186 234 185 234 184 234 187 235 183 235 182 235 188 236 183 236 187 236 188 237 189 237 183 237 190 238 187 238 191 238 192 239 188 239 187 239 193 240 187 240 190 240 193 241 192 241 187 241 194 242 192 242 193 242 195 243 191 243 187 243 196 244 197 244 191 244 196 245 191 245 195 245 198 246 195 246 199 246 200 247 195 247 198 247 201 248 196 248 195 248 202 249 195 249 200 249 202 250 201 250 195 250 203 251 201 251 202 251 204 252 199 252 195 252 205 253 199 253 204 253 206 254 207 254 199 254 206 255 199 255 205 255 208 256 207 256 206 256 209 257 208 257 206 257 210 258 209 258 206 258 211 259 210 259 206 259 212 260 204 260 213 260 212 261 205 261 204 261 214 262 211 262 206 262 214 263 205 263 212 263 214 264 206 264 205 264 215 265 211 265 214 265 216 266 213 266 204 266 217 267 215 267 214 267 218 268 213 268 216 268 219 269 218 269 216 269 220 270 216 270 221 270 222 271 216 271 220 271 223 272 219 272 216 272 223 273 216 273 222 273 223 274 224 274 219 274 225 275 224 275 223 275 226 276 220 276 221 276 226 277 227 277 220 277 228 278 229 278 230 278 231 279 226 279 221 279 231 280 229 280 228 280 231 281 232 281 226 281 231 282 221 282 229 282 233 283 232 283 231 283 234 284 230 284 229 284 235 285 230 285 234 285 235 286 236 286 230 286 237 287 234 287 238 287 239 288 235 288 234 288 240 289 239 289 234 289 240 290 234 290 237 290 241 291 239 291 240 291 242 292 238 292 234 292 243 293 244 293 238 293 243 294 238 294 242 294 245 295 242 295 246 295 247 296 242 296 245 296 248 297 243 297 242 297 249 298 248 298 242 298 249 299 242 299 247 299 250 300 248 300 249 300 251 301 246 301 242 301 252 302 246 302 251 302 253 303 252 303 251 303 254 304 251 304 255 304 256 305 253 305 251 305 257 306 256 306 251 306 257 307 251 307 254 307 258 308 255 308 251 308 259 309 256 309 257 309 260 310 255 310 258 310 261 311 260 311 258 311 262 312 258 312 263 312 264 313 258 313 262 313 265 314 261 314 258 314 265 315 258 315 264 315 265 316 266 316 261 316 267 317 266 317 265 317 268 318 262 318 263 318 268 319 269 319 262 319 270 320 271 320 272 320 273 321 268 321 263 321 273 322 271 322 270 322 273 323 274 323 268 323 273 324 263 324 271 324 275 325 274 325 273 325 276 326 272 326 271 326 277 327 278 327 272 327 277 328 272 328 276 328 279 329 276 329 280 329 281 330 277 330 276 330 282 331 276 331 279 331 282 332 281 332 276 332 283 333 281 333 282 333 284 334 280 334 276 334 285 335 286 335 280 335 285 336 280 336 284 336 287 337 284 337 288 337 289 338 284 338 287 338 290 339 285 339 284 339 291 340 284 340 289 340 291 341 290 341 284 341 292 342 290 342 291 342 122 343 288 343 284 343 124 344 288 344 122 344 120 345 293 345 288 345 120 346 288 346 124 346 294 347 293 347 120 347 295 348 294 348 120 348 119 349 295 349 120 349 37 350 296 350 35 350 297 351 298 351 49 351 56 352 299 352 54 352 300 353 301 353 62 353 66 354 64 354 1 354 73 355 64 355 66 355 72 356 64 356 73 356 72 357 300 357 64 357 302 358 68 358 29 358 302 359 29 359 31 359 303 360 304 360 117 360 303 361 116 361 68 361 303 362 117 362 116 362 303 363 68 363 302 363 305 364 31 364 33 364 305 365 302 365 31 365 305 366 303 366 302 366 305 367 304 367 303 367 306 368 305 368 33 368 307 369 296 369 304 369 307 370 305 370 306 370 307 371 304 371 305 371 308 372 33 372 35 372 308 373 306 373 33 373 308 374 35 374 296 374 309 375 296 375 307 375 309 376 307 376 306 376 309 377 306 377 308 377 309 378 308 378 296 378 310 379 296 379 37 379 311 380 312 380 296 380 311 381 296 381 310 381 313 382 37 382 40 382 313 383 310 383 37 383 313 384 312 384 311 384 313 385 311 385 310 385 314 386 313 386 40 386 315 387 313 387 314 387 315 388 312 388 313 388 315 389 316 389 312 389 317 390 40 390 42 390 317 391 314 391 40 391 318 392 314 392 317 392 318 393 315 393 314 393 318 394 316 394 315 394 318 395 317 395 42 395 318 396 42 396 316 396 319 397 42 397 44 397 320 398 321 398 316 398 320 399 42 399 319 399 320 400 316 400 42 400 322 401 321 401 320 401 322 402 319 402 44 402 322 403 320 403 319 403 322 404 44 404 46 404 323 405 322 405 46 405 324 406 298 406 321 406 324 407 322 407 323 407 324 408 321 408 322 408 325 409 323 409 46 409 325 410 324 410 323 410 325 411 46 411 49 411 326 412 298 412 324 412 326 413 325 413 49 413 326 414 324 414 325 414 326 415 49 415 298 415 327 416 49 416 51 416 328 417 297 417 49 417 328 418 49 418 327 418 329 419 51 419 54 419 329 420 327 420 51 420 329 421 54 421 299 421 330 422 299 422 297 422 330 423 328 423 327 423 330 424 297 424 328 424 330 425 327 425 329 425 330 426 329 426 299 426 331 427 56 427 58 427 331 428 299 428 56 428 332 429 333 429 299 429 332 430 299 430 331 430 334 431 58 431 60 431 334 432 331 432 58 432 335 433 332 433 331 433 335 434 331 434 334 434 335 435 334 435 333 435 335 436 333 436 332 436 336 437 333 437 334 437 336 438 334 438 60 438 337 439 301 439 333 439 337 440 333 440 336 440 338 441 60 441 62 441 338 442 336 442 60 442 339 443 301 443 337 443 339 444 337 444 336 444 339 445 336 445 338 445 339 446 338 446 62 446 339 447 62 447 301 447 340 448 62 448 64 448 341 449 62 449 340 449 341 450 340 450 64 450 341 451 300 451 62 451 341 452 64 452 300 452 71 453 342 453 72 453 343 454 344 454 342 454 343 455 342 455 71 455 345 456 346 456 344 456 345 457 347 457 346 457 345 458 344 458 343 458 348 459 71 459 78 459 348 460 343 460 71 460 349 461 350 461 351 461 349 462 352 462 347 462 349 463 351 463 352 463 349 464 347 464 345 464 353 465 345 465 343 465 353 466 349 466 345 466 353 467 343 467 348 467 354 468 78 468 67 468 354 469 353 469 348 469 354 470 348 470 78 470 355 471 349 471 353 471 355 472 356 472 350 472 355 473 357 473 356 473 355 474 350 474 349 474 358 475 353 475 354 475 359 476 67 476 83 476 359 477 354 477 67 477 360 478 361 478 357 478 360 479 353 479 358 479 360 480 355 480 353 480 360 481 357 481 355 481 362 482 358 482 354 482 362 483 354 483 359 483 363 484 83 484 87 484 363 485 359 485 83 485 364 486 358 486 362 486 364 487 360 487 358 487 364 488 361 488 360 488 365 489 362 489 359 489 365 490 359 490 363 490 366 491 87 491 91 491 366 492 365 492 363 492 366 493 363 493 87 493 367 494 364 494 362 494 367 495 368 495 361 495 367 496 362 496 365 496 367 497 361 497 364 497 369 498 365 498 366 498 370 499 91 499 95 499 370 500 366 500 91 500 371 501 367 501 365 501 371 502 372 502 368 502 371 503 365 503 369 503 371 504 368 504 367 504 373 505 369 505 366 505 373 506 371 506 369 506 373 507 366 507 370 507 374 508 95 508 100 508 374 509 370 509 95 509 375 510 371 510 373 510 375 511 372 511 371 511 375 512 376 512 372 512 375 513 377 513 376 513 378 514 370 514 374 514 378 515 373 515 370 515 379 516 100 516 104 516 379 517 378 517 374 517 379 518 374 518 100 518 380 519 375 519 373 519 380 520 373 520 378 520 380 521 377 521 375 521 381 522 378 522 379 522 382 523 104 523 108 523 382 524 379 524 104 524 383 525 384 525 377 525 383 526 377 526 380 526 383 527 380 527 378 527 383 528 378 528 381 528 385 529 381 529 379 529 385 530 379 530 382 530 386 531 108 531 112 531 386 532 112 532 117 532 386 533 117 533 387 533 386 534 387 534 388 534 386 535 382 535 108 535 389 536 390 536 384 536 389 537 384 537 383 537 389 538 383 538 381 538 389 539 381 539 385 539 391 540 388 540 392 540 391 541 392 541 393 541 391 542 385 542 382 542 391 543 386 543 388 543 391 544 382 544 386 544 394 545 391 545 393 545 394 546 393 546 395 546 394 547 395 547 396 547 394 548 397 548 390 548 394 549 396 549 397 549 394 550 389 550 385 550 394 551 385 551 391 551 394 552 390 552 389 552 186 553 398 553 185 553 398 554 399 554 185 554 398 555 400 555 399 555 192 556 401 556 188 556 188 557 401 557 189 557 189 558 401 558 400 558 400 559 401 559 399 559 185 560 402 560 179 560 179 561 402 561 180 561 399 562 402 562 185 562 402 563 403 563 180 563 404 564 405 564 194 564 194 565 405 565 192 565 192 566 405 566 401 566 402 567 406 567 403 567 407 568 177 568 178 568 406 569 177 569 407 569 404 570 408 570 405 570 408 571 409 571 405 571 196 572 409 572 197 572 197 573 409 573 408 573 406 574 410 574 177 574 177 575 410 575 172 575 172 576 411 576 171 576 410 577 411 577 172 577 196 578 412 578 409 578 201 579 412 579 196 579 201 580 203 580 412 580 203 581 413 581 412 581 410 582 414 582 411 582 413 583 415 583 412 583 416 584 167 584 170 584 207 585 208 585 417 585 416 586 418 586 167 586 414 587 418 587 416 587 418 588 164 588 167 588 210 589 419 589 209 589 209 590 419 590 208 590 417 591 419 591 415 591 208 592 419 592 417 592 210 593 211 593 419 593 164 594 420 594 163 594 418 595 420 595 164 595 211 596 215 596 419 596 418 597 421 597 420 597 217 598 422 598 215 598 215 599 422 599 419 599 423 600 159 600 161 600 422 601 424 601 419 601 423 602 425 602 159 602 421 603 425 603 423 603 218 604 426 604 424 604 424 605 426 605 419 605 218 606 219 606 426 606 425 607 154 607 159 607 154 608 427 608 155 608 425 609 427 609 154 609 425 610 428 610 427 610 224 611 429 611 219 611 219 612 429 612 426 612 224 613 225 613 429 613 225 614 430 614 429 614 430 615 431 615 429 615 432 616 150 616 152 616 428 617 433 617 432 617 432 618 433 618 150 618 227 619 434 619 431 619 431 620 434 620 429 620 227 621 226 621 434 621 433 622 146 622 150 622 433 623 435 623 146 623 146 624 435 624 147 624 435 625 436 625 147 625 232 626 437 626 226 626 226 627 437 627 434 627 232 628 233 628 437 628 437 629 233 629 438 629 435 630 439 630 436 630 435 631 440 631 439 631 439 632 440 632 144 632 441 633 442 633 438 633 438 634 442 634 437 634 441 635 236 635 442 635 440 636 143 636 144 636 236 637 235 637 442 637 440 638 137 638 143 638 440 639 443 639 137 639 235 640 444 640 442 640 235 641 239 641 444 641 443 642 138 642 137 642 445 643 138 643 443 643 239 644 446 644 444 644 239 645 241 645 446 645 443 646 447 646 445 646 445 647 447 647 448 647 448 648 447 648 136 648 446 649 449 649 444 649 447 650 135 650 136 650 244 651 243 651 450 651 447 652 130 652 135 652 447 653 451 653 130 653 243 654 452 654 450 654 450 655 452 655 449 655 243 656 248 656 452 656 451 657 129 657 130 657 453 658 129 658 451 658 248 659 454 659 452 659 248 660 250 660 454 660 454 661 455 661 452 661 456 662 126 662 128 662 456 663 457 663 126 663 453 664 457 664 456 664 126 665 457 665 118 665 451 666 457 666 453 666 252 667 253 667 458 667 457 668 119 668 118 668 458 669 459 669 455 669 253 670 459 670 458 670 457 671 295 671 119 671 457 672 294 672 295 672 457 673 460 673 294 673 253 674 256 674 459 674 460 675 293 675 294 675 457 676 461 676 460 676 256 677 462 677 459 677 256 678 259 678 462 678 462 679 463 679 459 679 461 680 464 680 465 680 465 681 464 681 292 681 464 682 290 682 292 682 466 683 467 683 463 683 260 684 261 684 466 684 466 685 261 685 467 685 464 686 285 686 290 686 468 687 285 687 464 687 261 688 266 688 467 688 468 689 286 689 285 689 469 690 286 690 468 690 266 691 470 691 467 691 266 692 471 692 470 692 468 693 472 693 469 693 266 694 267 694 471 694 472 695 473 695 469 695 472 696 283 696 473 696 474 697 475 697 470 697 474 698 269 698 475 698 476 699 281 699 472 699 472 700 281 700 283 700 476 701 477 701 478 701 269 702 268 702 475 702 476 703 277 703 281 703 477 704 479 704 478 704 477 705 274 705 479 705 268 706 274 706 475 706 475 707 274 707 477 707 476 708 278 708 277 708 478 709 278 709 476 709 274 710 275 710 479 710 413 711 417 711 415 711 407 712 403 712 406 712 416 713 411 713 414 713 423 714 420 714 421 714 432 715 427 715 428 715 465 716 460 716 461 716 471 717 474 717 470 717 462 718 466 718 463 718 454 719 458 719 455 719 446 720 450 720 449 720 199 721 207 721 417 721 200 722 413 722 202 722 199 723 417 723 198 723 198 724 417 724 200 724 200 725 417 725 413 725 203 726 202 726 413 726 191 727 197 727 408 727 190 728 404 728 193 728 191 729 408 729 190 729 190 730 408 730 404 730 194 731 193 731 404 731 189 732 400 732 183 732 181 733 398 733 184 733 183 734 400 734 181 734 181 735 400 735 398 735 398 736 186 736 184 736 180 737 403 737 173 737 175 738 407 738 176 738 173 739 403 739 175 739 175 740 403 740 407 740 407 741 178 741 176 741 166 742 171 742 411 742 165 743 416 743 168 743 166 744 411 744 165 744 165 745 411 745 416 745 170 746 168 746 416 746 157 747 163 747 420 747 158 748 423 748 160 748 157 749 420 749 156 749 156 750 420 750 158 750 158 751 420 751 423 751 161 752 160 752 423 752 149 753 155 753 427 753 148 754 432 754 151 754 149 755 427 755 148 755 148 756 427 756 432 756 152 757 151 757 432 757 147 758 436 758 141 758 139 759 439 759 142 759 141 760 436 760 139 760 139 761 436 761 439 761 439 762 144 762 142 762 138 763 445 763 131 763 133 764 448 764 134 764 131 765 445 765 133 765 133 766 445 766 448 766 448 767 136 767 134 767 453 768 123 768 129 768 121 769 456 769 125 769 123 770 453 770 121 770 121 771 453 771 456 771 125 772 456 772 128 772 460 773 288 773 293 773 289 774 465 774 291 774 288 775 460 775 287 775 287 776 460 776 289 776 289 777 460 777 465 777 291 778 465 778 292 778 469 779 280 779 286 779 279 780 473 780 282 780 280 781 469 781 279 781 279 782 469 782 473 782 282 783 473 783 283 783 278 784 478 784 272 784 270 785 479 785 273 785 272 786 478 786 270 786 270 787 478 787 479 787 479 788 275 788 273 788 269 789 474 789 262 789 264 790 471 790 265 790 262 791 474 791 264 791 264 792 474 792 471 792 471 793 267 793 265 793 466 794 255 794 260 794 254 795 462 795 257 795 255 796 466 796 254 796 254 797 466 797 462 797 257 798 462 798 259 798 458 799 246 799 252 799 247 800 454 800 249 800 246 801 458 801 245 801 245 802 458 802 247 802 247 803 458 803 454 803 249 804 454 804 250 804 450 805 238 805 244 805 237 806 446 806 240 806 238 807 450 807 237 807 237 808 450 808 446 808 240 809 446 809 241 809 236 810 441 810 230 810 228 811 438 811 231 811 230 812 441 812 228 812 228 813 441 813 438 813 438 814 233 814 231 814 227 815 431 815 220 815 222 816 430 816 223 816 220 817 431 817 222 817 222 818 431 818 430 818 430 819 225 819 223 819 213 820 218 820 424 820 212 821 422 821 214 821 213 822 424 822 212 822 212 823 424 823 422 823 217 824 214 824 422 824 304 825 387 825 117 825 480 826 388 826 387 826 480 827 387 827 304 827 481 828 392 828 388 828 481 829 393 829 392 829 481 830 388 830 480 830 482 831 304 831 296 831 482 832 480 832 304 832 482 833 481 833 480 833 483 834 395 834 393 834 483 835 396 835 395 835 483 836 484 836 396 836 483 837 393 837 481 837 485 838 481 838 482 838 485 839 483 839 481 839 486 840 296 840 312 840 486 841 312 841 316 841 486 842 482 842 296 842 487 843 483 843 485 843 487 844 488 844 484 844 487 845 484 845 483 845 489 846 485 846 482 846 489 847 482 847 486 847 490 848 486 848 316 848 491 849 492 849 488 849 491 850 485 850 489 850 491 851 487 851 485 851 491 852 488 852 487 852 493 853 489 853 486 853 493 854 491 854 489 854 493 855 486 855 490 855 494 856 316 856 321 856 494 857 490 857 316 857 495 858 492 858 491 858 495 859 496 859 492 859 495 860 497 860 496 860 495 861 491 861 493 861 498 862 493 862 490 862 498 863 490 863 494 863 499 864 321 864 298 864 499 865 498 865 494 865 499 866 494 866 321 866 500 867 493 867 498 867 500 868 497 868 495 868 500 869 495 869 493 869 501 870 498 870 499 870 502 871 298 871 297 871 502 872 499 872 298 872 503 873 497 873 500 873 503 874 504 874 497 874 503 875 498 875 501 875 503 876 500 876 498 876 505 877 501 877 499 877 505 878 499 878 502 878 506 879 297 879 299 879 506 880 505 880 502 880 506 881 502 881 297 881 507 882 503 882 501 882 507 883 501 883 505 883 507 884 504 884 503 884 507 885 508 885 504 885 507 886 509 886 508 886 510 887 507 887 505 887 510 888 505 888 506 888 511 889 299 889 333 889 511 890 333 890 301 890 511 891 506 891 299 891 512 892 507 892 510 892 512 893 509 893 507 893 513 894 510 894 506 894 513 895 506 895 511 895 514 896 301 896 300 896 514 897 511 897 301 897 515 898 516 898 509 898 515 899 517 899 516 899 515 900 510 900 513 900 515 901 512 901 510 901 515 902 509 902 512 902 518 903 513 903 511 903 518 904 511 904 514 904 519 905 300 905 72 905 519 906 72 906 342 906 519 907 342 907 344 907 519 908 514 908 300 908 520 909 517 909 515 909 520 910 515 910 513 910 520 911 513 911 518 911 521 912 344 912 346 912 521 913 346 913 347 913 521 914 518 914 514 914 521 915 514 915 519 915 521 916 519 916 344 916 522 917 518 917 521 917 522 918 347 918 352 918 522 919 352 919 351 919 522 920 523 920 517 920 522 921 351 921 523 921 522 922 517 922 520 922 522 923 521 923 347 923 522 924 520 924 518 924 516 925 524 925 525 925 525 926 526 926 516 926 516 927 517 927 524 927 526 928 509 928 516 928 517 929 527 929 524 929 526 930 528 930 509 930 517 931 529 931 527 931 528 932 530 932 509 932 530 933 508 933 509 933 517 934 523 934 529 934 523 935 531 935 529 935 530 936 532 936 508 936 523 937 533 937 531 937 534 938 504 938 532 938 532 939 504 939 508 939 523 940 351 940 533 940 351 941 535 941 533 941 534 942 536 942 504 942 351 943 350 943 535 943 536 944 497 944 504 944 536 945 537 945 497 945 350 946 538 946 535 946 537 947 539 947 497 947 350 948 540 948 538 948 539 949 496 949 497 949 350 950 356 950 540 950 539 951 541 951 496 951 356 952 542 952 540 952 541 953 543 953 496 953 356 954 544 954 542 954 543 955 492 955 496 955 356 956 357 956 544 956 543 957 545 957 492 957 357 958 546 958 544 958 547 959 488 959 545 959 545 960 488 960 492 960 357 961 361 961 546 961 546 962 361 962 548 962 547 963 549 963 488 963 361 964 550 964 548 964 551 965 484 965 549 965 549 966 484 966 488 966 550 967 368 967 552 967 361 968 368 968 550 968 368 969 553 969 552 969 551 970 554 970 484 970 554 971 396 971 484 971 372 972 555 972 553 972 554 973 556 973 396 973 372 974 557 974 555 974 372 975 376 975 557 975 556 976 397 976 396 976 558 977 397 977 556 977 376 978 559 978 557 978 558 979 560 979 397 979 559 980 377 980 561 980 376 981 377 981 559 981 562 982 390 982 560 982 560 983 390 983 397 983 377 984 563 984 561 984 562 985 564 985 390 985 563 986 384 986 565 986 565 987 384 987 564 987 377 988 384 988 563 988 564 989 384 989 390 989 368 990 372 990 553 990 461 991 457 991 566 991 461 992 566 992 567 992 464 993 461 993 567 993 468 994 567 994 568 994 468 995 464 995 567 995 472 996 468 996 568 996 476 997 568 997 569 997 476 998 472 998 568 998 477 999 476 999 569 999 475 1000 569 1000 570 1000 475 1001 477 1001 569 1001 470 1002 475 1002 570 1002 467 1003 570 1003 571 1003 467 1004 470 1004 570 1004 463 1005 571 1005 572 1005 463 1006 467 1006 571 1006 459 1007 463 1007 572 1007 455 1008 572 1008 573 1008 455 1009 459 1009 572 1009 452 1010 455 1010 573 1010 449 1011 573 1011 574 1011 449 1012 452 1012 573 1012 444 1013 449 1013 574 1013 442 1014 574 1014 575 1014 442 1015 444 1015 574 1015 437 1016 575 1016 576 1016 437 1017 442 1017 575 1017 434 1018 437 1018 576 1018 429 1019 576 1019 577 1019 429 1020 434 1020 576 1020 426 1021 429 1021 577 1021 419 1022 426 1022 577 1022 419 1023 577 1023 578 1023 415 1024 578 1024 579 1024 415 1025 419 1025 578 1025 412 1026 415 1026 579 1026 409 1027 579 1027 580 1027 409 1028 412 1028 579 1028 405 1029 409 1029 580 1029 401 1030 580 1030 581 1030 401 1031 405 1031 580 1031 399 1032 401 1032 581 1032 402 1033 581 1033 582 1033 402 1034 399 1034 581 1034 406 1035 402 1035 582 1035 410 1036 582 1036 583 1036 410 1037 406 1037 582 1037 414 1038 583 1038 584 1038 414 1039 410 1039 583 1039 418 1040 414 1040 584 1040 421 1041 584 1041 585 1041 421 1042 418 1042 584 1042 425 1043 421 1043 585 1043 428 1044 585 1044 586 1044 428 1045 425 1045 585 1045 433 1046 428 1046 586 1046 435 1047 586 1047 587 1047 435 1048 433 1048 586 1048 440 1049 587 1049 588 1049 440 1050 435 1050 587 1050 443 1051 440 1051 588 1051 447 1052 588 1052 589 1052 447 1053 443 1053 588 1053 451 1054 447 1054 589 1054 457 1055 451 1055 589 1055 457 1056 589 1056 566 1056 535 1057 538 1057 590 1057 590 1058 538 1058 591 1058 591 1059 540 1059 592 1059 538 1060 540 1060 591 1060 540 1061 542 1061 592 1061 592 1062 544 1062 593 1062 542 1063 544 1063 592 1063 593 1064 546 1064 594 1064 544 1065 546 1065 593 1065 546 1066 548 1066 594 1066 594 1067 550 1067 595 1067 548 1068 550 1068 594 1068 550 1069 552 1069 595 1069 595 1070 553 1070 596 1070 552 1071 553 1071 595 1071 553 1072 555 1072 596 1072 596 1073 557 1073 597 1073 555 1074 557 1074 596 1074 597 1075 559 1075 598 1075 557 1076 559 1076 597 1076 559 1077 561 1077 598 1077 598 1078 563 1078 599 1078 561 1079 563 1079 598 1079 563 1080 565 1080 599 1080 599 1081 564 1081 600 1081 565 1082 564 1082 599 1082 564 1083 562 1083 600 1083 600 1084 560 1084 601 1084 562 1085 560 1085 600 1085 560 1086 558 1086 601 1086 558 1087 556 1087 601 1087 601 1088 556 1088 602 1088 556 1089 554 1089 602 1089 554 1090 551 1090 602 1090 602 1091 551 1091 603 1091 603 1092 549 1092 604 1092 551 1093 549 1093 603 1093 549 1094 547 1094 604 1094 604 1095 545 1095 605 1095 547 1096 545 1096 604 1096 605 1097 543 1097 606 1097 545 1098 543 1098 605 1098 543 1099 541 1099 606 1099 606 1100 539 1100 607 1100 541 1101 539 1101 606 1101 539 1102 537 1102 607 1102 607 1103 536 1103 608 1103 537 1104 536 1104 607 1104 536 1105 534 1105 608 1105 608 1106 532 1106 609 1106 534 1107 532 1107 608 1107 609 1108 530 1108 610 1108 532 1109 530 1109 609 1109 530 1110 528 1110 610 1110 610 1111 526 1111 611 1111 528 1112 526 1112 610 1112 526 1113 525 1113 611 1113 611 1114 524 1114 612 1114 525 1115 524 1115 611 1115 524 1116 527 1116 612 1116 612 1117 529 1117 613 1117 527 1118 529 1118 612 1118 529 1119 531 1119 613 1119 531 1120 533 1120 613 1120 613 1121 533 1121 590 1121 533 1122 535 1122 590 1122 614 1123 615 1123 616 1123 581 1124 616 1124 617 1124 581 1125 614 1125 616 1125 618 1126 619 1126 620 1126 621 1127 617 1127 622 1127 621 1128 581 1128 617 1128 580 1129 623 1129 624 1129 580 1130 624 1130 619 1130 580 1131 619 1131 618 1131 580 1132 618 1132 581 1132 582 1133 581 1133 621 1133 625 1134 623 1134 580 1134 626 1135 627 1135 628 1135 629 1136 625 1136 580 1136 630 1137 631 1137 629 1137 579 1138 632 1138 630 1138 579 1139 630 1139 629 1139 579 1140 629 1140 580 1140 583 1141 626 1141 633 1141 583 1142 633 1142 634 1142 583 1143 627 1143 626 1143 583 1144 582 1144 627 1144 635 1145 583 1145 634 1145 636 1146 637 1146 632 1146 636 1147 632 1147 579 1147 638 1148 639 1148 640 1148 641 1149 636 1149 579 1149 641 1150 642 1150 643 1150 584 1151 583 1151 635 1151 584 1152 639 1152 638 1152 584 1153 635 1153 639 1153 584 1154 638 1154 644 1154 578 1155 645 1155 646 1155 578 1156 642 1156 641 1156 578 1157 646 1157 642 1157 578 1158 641 1158 579 1158 647 1159 645 1159 578 1159 648 1160 584 1160 644 1160 649 1161 584 1161 648 1161 650 1162 647 1162 578 1162 651 1163 652 1163 650 1163 651 1164 650 1164 578 1164 653 1165 654 1165 655 1165 656 1166 651 1166 578 1166 585 1167 584 1167 649 1167 585 1168 649 1168 654 1168 585 1169 654 1169 653 1169 577 1170 657 1170 656 1170 577 1171 656 1171 578 1171 658 1172 585 1172 653 1172 659 1173 657 1173 577 1173 660 1174 585 1174 658 1174 660 1175 658 1175 661 1175 662 1176 659 1176 577 1176 663 1177 664 1177 662 1177 663 1178 662 1178 577 1178 586 1179 660 1179 665 1179 586 1180 665 1180 666 1180 586 1181 585 1181 660 1181 576 1182 663 1182 577 1182 667 1183 586 1183 666 1183 668 1184 586 1184 667 1184 669 1185 670 1185 671 1185 672 1186 668 1186 673 1186 672 1187 586 1187 668 1187 674 1188 675 1188 676 1188 587 1189 586 1189 672 1189 575 1190 676 1190 675 1190 575 1191 675 1191 669 1191 575 1192 669 1192 671 1192 575 1193 671 1193 576 1193 677 1194 587 1194 678 1194 677 1195 678 1195 679 1195 680 1196 587 1196 677 1196 681 1197 682 1197 683 1197 684 1198 587 1198 680 1198 685 1199 684 1199 680 1199 588 1200 587 1200 684 1200 574 1201 681 1201 683 1201 574 1202 683 1202 575 1202 574 1203 686 1203 681 1203 687 1204 686 1204 574 1204 687 1205 574 1205 688 1205 689 1206 690 1206 691 1206 692 1207 688 1207 574 1207 693 1208 694 1208 692 1208 589 1209 690 1209 689 1209 589 1210 588 1210 690 1210 589 1211 689 1211 695 1211 573 1212 692 1212 574 1212 573 1213 693 1213 692 1213 696 1214 589 1214 695 1214 696 1215 697 1215 589 1215 698 1216 693 1216 573 1216 699 1217 698 1217 573 1217 700 1218 698 1218 699 1218 701 1219 702 1219 703 1219 704 1220 699 1220 573 1220 566 1221 589 1221 697 1221 566 1222 702 1222 701 1222 566 1223 697 1223 702 1223 566 1224 701 1224 705 1224 572 1225 706 1225 704 1225 572 1226 704 1226 573 1226 707 1227 566 1227 705 1227 708 1228 706 1228 572 1228 709 1229 566 1229 707 1229 710 1230 566 1230 709 1230 710 1231 711 1231 566 1231 712 1232 711 1232 710 1232 713 1233 708 1233 572 1233 714 1234 713 1234 572 1234 715 1235 713 1235 714 1235 716 1236 714 1236 572 1236 571 1237 716 1237 572 1237 567 1238 711 1238 717 1238 567 1239 566 1239 711 1239 718 1240 567 1240 717 1240 718 1241 717 1241 719 1241 720 1242 716 1242 571 1242 721 1243 567 1243 718 1243 722 1244 720 1244 571 1244 723 1245 567 1245 721 1245 724 1246 723 1246 721 1246 725 1247 722 1247 571 1247 726 1248 725 1248 571 1248 568 1249 567 1249 723 1249 568 1250 723 1250 727 1250 570 1251 726 1251 571 1251 728 1252 725 1252 726 1252 729 1253 568 1253 727 1253 730 1254 568 1254 729 1254 569 1255 731 1255 570 1255 569 1256 568 1256 732 1256 733 1257 568 1257 730 1257 733 1258 732 1258 568 1258 734 1259 735 1259 731 1259 734 1260 731 1260 569 1260 736 1261 732 1261 733 1261 737 1262 734 1262 569 1262 737 1263 569 1263 738 1263 739 1264 737 1264 738 1264 683 1265 676 1265 575 1265 671 1266 663 1266 576 1266 618 1267 614 1267 581 1267 621 1268 627 1268 582 1268 672 1269 678 1269 587 1269 684 1270 690 1270 588 1270 732 1271 738 1271 569 1271 731 1272 726 1272 570 1272 605 1273 740 1273 741 1273 605 1274 606 1274 740 1274 742 1275 604 1275 741 1275 741 1276 604 1276 605 1276 606 1277 743 1277 740 1277 606 1278 607 1278 743 1278 744 1279 603 1279 742 1279 742 1280 603 1280 604 1280 607 1281 745 1281 743 1281 607 1282 608 1282 745 1282 746 1283 602 1283 744 1283 744 1284 602 1284 603 1284 608 1285 747 1285 745 1285 608 1286 609 1286 747 1286 748 1287 601 1287 746 1287 746 1288 601 1288 602 1288 609 1289 749 1289 747 1289 609 1290 610 1290 749 1290 750 1291 600 1291 748 1291 748 1292 600 1292 601 1292 610 1293 751 1293 749 1293 610 1294 611 1294 751 1294 750 1295 599 1295 600 1295 750 1296 752 1296 599 1296 611 1297 612 1297 751 1297 752 1298 598 1298 599 1298 612 1299 753 1299 751 1299 752 1300 754 1300 598 1300 612 1301 613 1301 753 1301 754 1302 597 1302 598 1302 613 1303 755 1303 753 1303 754 1304 756 1304 597 1304 613 1305 590 1305 755 1305 756 1306 596 1306 597 1306 590 1307 757 1307 755 1307 756 1308 758 1308 596 1308 590 1309 591 1309 757 1309 758 1310 595 1310 596 1310 591 1311 759 1311 757 1311 758 1312 760 1312 595 1312 591 1313 592 1313 759 1313 760 1314 594 1314 595 1314 592 1315 761 1315 759 1315 760 1316 762 1316 594 1316 592 1317 593 1317 761 1317 762 1318 593 1318 594 1318 593 1319 763 1319 761 1319 762 1320 763 1320 593 1320 682 1321 764 1321 683 1321 765 1322 766 1322 764 1322 764 1323 766 1323 683 1323 683 1324 767 1324 676 1324 683 1325 766 1325 767 1325 676 1326 768 1326 674 1326 767 1327 769 1327 768 1327 676 1328 767 1328 768 1328 770 1329 670 1329 669 1329 771 1330 770 1330 669 1330 771 1331 669 1331 772 1331 675 1332 772 1332 669 1332 773 1333 772 1333 675 1333 774 1334 771 1334 772 1334 775 1335 773 1335 675 1335 776 1336 774 1336 772 1336 777 1337 675 1337 674 1337 777 1338 775 1338 675 1338 778 1339 779 1339 777 1339 780 1340 777 1340 674 1340 780 1341 778 1341 777 1341 768 1342 780 1342 674 1342 670 1343 770 1343 671 1343 781 1344 782 1344 770 1344 770 1345 782 1345 671 1345 671 1346 783 1346 663 1346 671 1347 782 1347 783 1347 663 1348 784 1348 664 1348 783 1349 785 1349 784 1349 663 1350 783 1350 784 1350 786 1351 657 1351 659 1351 787 1352 786 1352 659 1352 787 1353 659 1353 788 1353 662 1354 788 1354 659 1354 789 1355 788 1355 662 1355 790 1356 787 1356 788 1356 791 1357 789 1357 662 1357 792 1358 790 1358 788 1358 793 1359 662 1359 664 1359 793 1360 791 1360 662 1360 794 1361 795 1361 793 1361 796 1362 793 1362 664 1362 796 1363 794 1363 793 1363 784 1364 796 1364 664 1364 657 1365 786 1365 656 1365 786 1366 797 1366 656 1366 786 1367 798 1367 797 1367 656 1368 799 1368 651 1368 656 1369 797 1369 799 1369 800 1370 801 1370 799 1370 801 1371 651 1371 799 1371 801 1372 652 1372 651 1372 802 1373 803 1373 645 1373 802 1374 804 1374 803 1374 802 1375 645 1375 647 1375 805 1376 802 1376 647 1376 806 1377 807 1377 804 1377 650 1378 805 1378 647 1378 808 1379 804 1379 802 1379 808 1380 806 1380 804 1380 809 1381 805 1381 650 1381 810 1382 808 1382 802 1382 811 1383 650 1383 652 1383 811 1384 809 1384 650 1384 812 1385 813 1385 811 1385 814 1386 811 1386 652 1386 814 1387 812 1387 811 1387 801 1388 814 1388 652 1388 803 1389 646 1389 645 1389 803 1390 642 1390 646 1390 815 1391 643 1391 642 1391 804 1392 815 1392 642 1392 804 1393 642 1393 803 1393 816 1394 815 1394 804 1394 817 1395 816 1395 804 1395 807 1396 817 1396 804 1396 815 1397 818 1397 819 1397 641 1398 815 1398 819 1398 643 1399 815 1399 641 1399 641 1400 820 1400 636 1400 641 1401 819 1401 820 1401 821 1402 637 1402 636 1402 820 1403 821 1403 636 1403 822 1404 821 1404 820 1404 823 1405 631 1405 630 1405 824 1406 823 1406 630 1406 824 1407 630 1407 825 1407 632 1408 825 1408 630 1408 826 1409 825 1409 632 1409 827 1410 824 1410 825 1410 828 1411 826 1411 632 1411 829 1412 827 1412 825 1412 830 1413 632 1413 637 1413 830 1414 828 1414 632 1414 831 1415 832 1415 830 1415 833 1416 830 1416 637 1416 833 1417 831 1417 830 1417 821 1418 833 1418 637 1418 631 1419 823 1419 629 1419 823 1420 834 1420 629 1420 823 1421 835 1421 834 1421 629 1422 836 1422 625 1422 629 1423 834 1423 836 1423 837 1424 838 1424 836 1424 838 1425 625 1425 836 1425 838 1426 623 1426 625 1426 839 1427 620 1427 619 1427 840 1428 839 1428 619 1428 840 1429 619 1429 841 1429 624 1430 841 1430 619 1430 842 1431 841 1431 624 1431 843 1432 840 1432 841 1432 844 1433 842 1433 624 1433 845 1434 843 1434 841 1434 846 1435 624 1435 623 1435 846 1436 844 1436 624 1436 847 1437 848 1437 846 1437 849 1438 846 1438 623 1438 849 1439 847 1439 846 1439 838 1440 849 1440 623 1440 620 1441 839 1441 618 1441 850 1442 851 1442 839 1442 839 1443 851 1443 618 1443 618 1444 852 1444 614 1444 618 1445 851 1445 852 1445 614 1446 853 1446 615 1446 852 1447 854 1447 853 1447 614 1448 852 1448 853 1448 855 1449 622 1449 617 1449 856 1450 855 1450 617 1450 856 1451 617 1451 857 1451 616 1452 857 1452 617 1452 858 1453 857 1453 616 1453 859 1454 856 1454 857 1454 860 1455 858 1455 616 1455 861 1456 859 1456 857 1456 862 1457 616 1457 615 1457 862 1458 860 1458 616 1458 863 1459 864 1459 862 1459 865 1460 862 1460 615 1460 865 1461 863 1461 862 1461 853 1462 865 1462 615 1462 622 1463 855 1463 621 1463 866 1464 867 1464 855 1464 855 1465 867 1465 621 1465 621 1466 868 1466 627 1466 621 1467 867 1467 868 1467 627 1468 869 1468 628 1468 868 1469 870 1469 869 1469 627 1470 868 1470 869 1470 871 1471 634 1471 633 1471 872 1472 871 1472 633 1472 872 1473 633 1473 873 1473 626 1474 873 1474 633 1474 874 1475 873 1475 626 1475 875 1476 872 1476 873 1476 876 1477 874 1477 626 1477 877 1478 875 1478 873 1478 878 1479 626 1479 628 1479 878 1480 876 1480 626 1480 879 1481 880 1481 878 1481 881 1482 878 1482 628 1482 881 1483 879 1483 878 1483 869 1484 881 1484 628 1484 634 1485 871 1485 635 1485 871 1486 882 1486 635 1486 871 1487 883 1487 882 1487 635 1488 884 1488 639 1488 635 1489 882 1489 884 1489 885 1490 886 1490 884 1490 886 1491 639 1491 884 1491 886 1492 640 1492 639 1492 887 1493 648 1493 644 1493 888 1494 887 1494 644 1494 888 1495 644 1495 889 1495 638 1496 889 1496 644 1496 890 1497 889 1497 638 1497 891 1498 888 1498 889 1498 892 1499 890 1499 638 1499 893 1500 891 1500 889 1500 894 1501 638 1501 640 1501 894 1502 892 1502 638 1502 895 1503 896 1503 894 1503 897 1504 894 1504 640 1504 897 1505 895 1505 894 1505 886 1506 897 1506 640 1506 887 1507 898 1507 899 1507 649 1508 887 1508 899 1508 648 1509 887 1509 649 1509 649 1510 900 1510 654 1510 649 1511 899 1511 900 1511 901 1512 655 1512 654 1512 900 1513 901 1513 654 1513 902 1514 901 1514 900 1514 903 1515 661 1515 658 1515 904 1516 903 1516 658 1516 904 1517 658 1517 905 1517 653 1518 905 1518 658 1518 906 1519 905 1519 653 1519 907 1520 904 1520 905 1520 908 1521 906 1521 653 1521 909 1522 907 1522 905 1522 910 1523 653 1523 655 1523 910 1524 908 1524 653 1524 911 1525 912 1525 910 1525 913 1526 910 1526 655 1526 913 1527 911 1527 910 1527 901 1528 913 1528 655 1528 661 1529 903 1529 660 1529 903 1530 914 1530 660 1530 903 1531 915 1531 914 1531 660 1532 916 1532 665 1532 660 1533 914 1533 916 1533 917 1534 918 1534 916 1534 918 1535 665 1535 916 1535 918 1536 666 1536 665 1536 919 1537 673 1537 668 1537 920 1538 919 1538 668 1538 920 1539 668 1539 921 1539 667 1540 921 1540 668 1540 922 1541 921 1541 667 1541 923 1542 920 1542 921 1542 924 1543 922 1543 667 1543 925 1544 923 1544 921 1544 926 1545 667 1545 666 1545 926 1546 924 1546 667 1546 927 1547 928 1547 926 1547 929 1548 926 1548 666 1548 929 1549 927 1549 926 1549 918 1550 929 1550 666 1550 673 1551 919 1551 672 1551 930 1552 931 1552 919 1552 919 1553 931 1553 672 1553 672 1554 932 1554 678 1554 672 1555 931 1555 932 1555 678 1556 933 1556 679 1556 932 1557 934 1557 933 1557 678 1558 932 1558 933 1558 935 1559 685 1559 680 1559 936 1560 935 1560 680 1560 936 1561 680 1561 937 1561 677 1562 937 1562 680 1562 938 1563 937 1563 677 1563 939 1564 936 1564 937 1564 940 1565 938 1565 677 1565 941 1566 939 1566 937 1566 942 1567 677 1567 679 1567 942 1568 940 1568 677 1568 943 1569 944 1569 942 1569 945 1570 942 1570 679 1570 945 1571 943 1571 942 1571 933 1572 945 1572 679 1572 685 1573 935 1573 684 1573 946 1574 947 1574 935 1574 935 1575 947 1575 684 1575 684 1576 948 1576 690 1576 684 1577 947 1577 948 1577 690 1578 949 1578 691 1578 948 1579 950 1579 949 1579 690 1580 948 1580 949 1580 951 1581 696 1581 695 1581 952 1582 951 1582 695 1582 952 1583 695 1583 953 1583 689 1584 953 1584 695 1584 954 1585 953 1585 689 1585 955 1586 952 1586 953 1586 956 1587 954 1587 689 1587 957 1588 955 1588 953 1588 958 1589 689 1589 691 1589 958 1590 956 1590 689 1590 959 1591 960 1591 958 1591 961 1592 958 1592 691 1592 961 1593 959 1593 958 1593 949 1594 961 1594 691 1594 962 1595 951 1595 963 1595 951 1596 697 1596 696 1596 962 1597 697 1597 951 1597 697 1598 964 1598 702 1598 697 1599 962 1599 964 1599 702 1600 965 1600 703 1600 965 1601 964 1601 966 1601 702 1602 964 1602 965 1602 967 1603 968 1603 707 1603 967 1604 969 1604 968 1604 967 1605 707 1605 705 1605 970 1606 967 1606 705 1606 971 1607 972 1607 969 1607 701 1608 970 1608 705 1608 973 1609 969 1609 967 1609 973 1610 971 1610 969 1610 974 1611 970 1611 701 1611 975 1612 973 1612 967 1612 976 1613 701 1613 703 1613 976 1614 974 1614 701 1614 977 1615 978 1615 976 1615 979 1616 976 1616 703 1616 979 1617 977 1617 976 1617 965 1618 979 1618 703 1618 968 1619 709 1619 707 1619 968 1620 710 1620 709 1620 980 1621 712 1621 710 1621 969 1622 980 1622 710 1622 969 1623 710 1623 968 1623 981 1624 980 1624 969 1624 982 1625 981 1625 969 1625 972 1626 982 1626 969 1626 980 1627 711 1627 712 1627 983 1628 980 1628 984 1628 983 1629 711 1629 980 1629 711 1630 985 1630 717 1630 711 1631 983 1631 985 1631 986 1632 985 1632 987 1632 717 1633 986 1633 719 1633 717 1634 985 1634 986 1634 988 1635 724 1635 721 1635 989 1636 988 1636 721 1636 989 1637 721 1637 990 1637 718 1638 990 1638 721 1638 991 1639 990 1639 718 1639 992 1640 989 1640 990 1640 993 1641 991 1641 718 1641 994 1642 992 1642 990 1642 995 1643 718 1643 719 1643 995 1644 993 1644 718 1644 996 1645 997 1645 995 1645 998 1646 995 1646 719 1646 998 1647 996 1647 995 1647 986 1648 998 1648 719 1648 999 1649 988 1649 1000 1649 988 1650 723 1650 724 1650 999 1651 723 1651 988 1651 723 1652 1001 1652 727 1652 723 1653 999 1653 1001 1653 727 1654 1002 1654 729 1654 1002 1655 1001 1655 1003 1655 727 1656 1001 1656 1002 1656 1004 1657 736 1657 733 1657 1005 1658 1004 1658 733 1658 1005 1659 733 1659 1006 1659 730 1660 1006 1660 733 1660 1007 1661 1006 1661 730 1661 1008 1662 1005 1662 1006 1662 1009 1663 1007 1663 730 1663 1010 1664 1008 1664 1006 1664 1011 1665 730 1665 729 1665 1011 1666 1009 1666 730 1666 1012 1667 1013 1667 1011 1667 1014 1668 1011 1668 729 1668 1014 1669 1012 1669 1011 1669 1002 1670 1014 1670 729 1670 736 1671 1004 1671 732 1671 1015 1672 1016 1672 1004 1672 1004 1673 1016 1673 732 1673 732 1674 1017 1674 738 1674 732 1675 1016 1675 1017 1675 738 1676 1018 1676 739 1676 1017 1677 1019 1677 1018 1677 738 1678 1017 1678 1018 1678 1020 1679 735 1679 734 1679 1021 1680 1020 1680 734 1680 1021 1681 734 1681 1022 1681 737 1682 1022 1682 734 1682 1023 1683 1022 1683 737 1683 1024 1684 1021 1684 1022 1684 1025 1685 1023 1685 737 1685 1026 1686 1024 1686 1022 1686 1027 1687 737 1687 739 1687 1027 1688 1025 1688 737 1688 1028 1689 1029 1689 1027 1689 1030 1690 1027 1690 739 1690 1030 1691 1028 1691 1027 1691 1018 1692 1030 1692 739 1692 735 1693 1020 1693 731 1693 1031 1694 1032 1694 1020 1694 1020 1695 1032 1695 731 1695 731 1696 1033 1696 726 1696 731 1697 1032 1697 1033 1697 726 1698 1034 1698 728 1698 1033 1699 1035 1699 1034 1699 726 1700 1033 1700 1034 1700 1036 1701 720 1701 722 1701 1037 1702 1036 1702 722 1702 1037 1703 722 1703 1038 1703 725 1704 1038 1704 722 1704 1039 1705 1038 1705 725 1705 1040 1706 1037 1706 1038 1706 1041 1707 1039 1707 725 1707 1042 1708 1040 1708 1038 1708 1043 1709 725 1709 728 1709 1043 1710 1041 1710 725 1710 1044 1711 1045 1711 1043 1711 1046 1712 1043 1712 728 1712 1046 1713 1044 1713 1043 1713 1034 1714 1046 1714 728 1714 1047 1715 1036 1715 1048 1715 1036 1716 716 1716 720 1716 1047 1717 716 1717 1036 1717 716 1718 1049 1718 714 1718 716 1719 1047 1719 1049 1719 714 1720 1050 1720 715 1720 1050 1721 1049 1721 1051 1721 714 1722 1049 1722 1050 1722 1052 1723 706 1723 708 1723 1053 1724 1052 1724 708 1724 1053 1725 708 1725 1054 1725 713 1726 1054 1726 708 1726 1055 1727 1054 1727 713 1727 1056 1728 1053 1728 1054 1728 1057 1729 1055 1729 713 1729 1058 1730 1056 1730 1054 1730 1059 1731 713 1731 715 1731 1059 1732 1057 1732 713 1732 1060 1733 1061 1733 1059 1733 1062 1734 1059 1734 715 1734 1062 1735 1060 1735 1059 1735 1050 1736 1062 1736 715 1736 1052 1737 704 1737 706 1737 1063 1738 1052 1738 1064 1738 1063 1739 704 1739 1052 1739 704 1740 1065 1740 699 1740 704 1741 1063 1741 1065 1741 1066 1742 1065 1742 1067 1742 699 1743 1066 1743 700 1743 699 1744 1065 1744 1066 1744 1068 1745 694 1745 693 1745 1069 1746 1068 1746 693 1746 1069 1747 693 1747 1070 1747 698 1748 1070 1748 693 1748 1071 1749 1070 1749 698 1749 1072 1750 1069 1750 1070 1750 1073 1751 1071 1751 698 1751 1074 1752 1072 1752 1070 1752 1075 1753 698 1753 700 1753 1075 1754 1073 1754 698 1754 1076 1755 1077 1755 1075 1755 1078 1756 1075 1756 700 1756 1078 1757 1076 1757 1075 1757 1066 1758 1078 1758 700 1758 1079 1759 1068 1759 1080 1759 1068 1760 692 1760 694 1760 1079 1761 692 1761 1068 1761 692 1762 1081 1762 688 1762 692 1763 1079 1763 1081 1763 688 1764 1082 1764 687 1764 1082 1765 1081 1765 1083 1765 688 1766 1081 1766 1082 1766 764 1767 682 1767 681 1767 1084 1768 764 1768 681 1768 1084 1769 681 1769 1085 1769 686 1770 1085 1770 681 1770 1086 1771 1085 1771 686 1771 1087 1772 1084 1772 1085 1772 1088 1773 1086 1773 686 1773 1089 1774 1087 1774 1085 1774 1090 1775 686 1775 687 1775 1090 1776 1088 1776 686 1776 1091 1777 1092 1777 1090 1777 1093 1778 1090 1778 687 1778 1093 1779 1091 1779 1090 1779 1082 1780 1093 1780 687 1780 1094 1781 748 1781 746 1781 1095 1782 1096 1782 1097 1782 1098 1783 757 1783 759 1783 1098 1784 1099 1784 757 1784 1098 1785 1100 1785 1099 1785 1101 1786 1102 1786 1103 1786 1101 1787 1103 1787 1100 1787 1101 1788 1100 1788 1098 1788 1104 1789 759 1789 761 1789 1104 1790 1098 1790 759 1790 1105 1791 1106 1791 1102 1791 1105 1792 1107 1792 1106 1792 1105 1793 1098 1793 1104 1793 1105 1794 1102 1794 1101 1794 1105 1795 1101 1795 1098 1795 1108 1796 761 1796 763 1796 1108 1797 1104 1797 761 1797 1108 1798 1105 1798 1104 1798 1109 1799 1105 1799 1108 1799 1109 1800 1107 1800 1105 1800 1110 1801 763 1801 762 1801 1110 1802 1108 1802 763 1802 1111 1803 1112 1803 1107 1803 1111 1804 1108 1804 1110 1804 1111 1805 1107 1805 1109 1805 1111 1806 1109 1806 1108 1806 1113 1807 762 1807 760 1807 1113 1808 1110 1808 762 1808 1114 1809 1115 1809 1112 1809 1114 1810 1116 1810 1115 1810 1114 1811 1110 1811 1113 1811 1114 1812 1112 1812 1111 1812 1114 1813 1111 1813 1110 1813 1117 1814 760 1814 758 1814 1117 1815 1114 1815 1113 1815 1117 1816 1113 1816 760 1816 1118 1817 1119 1817 1116 1817 1118 1818 1114 1818 1117 1818 1118 1819 1116 1819 1114 1819 1120 1820 758 1820 756 1820 1120 1821 1117 1821 758 1821 1121 1822 1119 1822 1118 1822 1121 1823 1118 1823 1117 1823 1121 1824 1117 1824 1120 1824 1122 1825 756 1825 754 1825 1122 1826 1120 1826 756 1826 1123 1827 1120 1827 1122 1827 1123 1828 1124 1828 1119 1828 1123 1829 1119 1829 1121 1829 1123 1830 1121 1830 1120 1830 1125 1831 754 1831 752 1831 1125 1832 1122 1832 754 1832 1125 1833 1123 1833 1122 1833 1126 1834 1127 1834 1124 1834 1126 1835 1123 1835 1125 1835 1126 1836 1124 1836 1123 1836 1128 1837 752 1837 750 1837 1128 1838 1125 1838 752 1838 1129 1839 1127 1839 1126 1839 1129 1840 1125 1840 1128 1840 1129 1841 1130 1841 1127 1841 1129 1842 1126 1842 1125 1842 1131 1843 1129 1843 1128 1843 1131 1844 750 1844 748 1844 1131 1845 1128 1845 750 1845 1131 1846 748 1846 1094 1846 1132 1847 1129 1847 1131 1847 1132 1848 1094 1848 1097 1848 1132 1849 1130 1849 1129 1849 1132 1850 1131 1850 1094 1850 1132 1851 1096 1851 1130 1851 1132 1852 1097 1852 1096 1852 1103 1853 1133 1853 1100 1853 1134 1854 1094 1854 746 1854 1134 1855 746 1855 744 1855 1135 1856 1097 1856 1094 1856 1135 1857 1095 1857 1097 1857 1135 1858 1136 1858 1095 1858 1135 1859 1094 1859 1134 1859 1137 1860 744 1860 742 1860 1137 1861 742 1861 741 1861 1137 1862 1134 1862 744 1862 1138 1863 1139 1863 1136 1863 1138 1864 1134 1864 1137 1864 1138 1865 1136 1865 1135 1865 1138 1866 1135 1866 1134 1866 1140 1867 1138 1867 1137 1867 1140 1868 1137 1868 741 1868 1141 1869 1142 1869 1139 1869 1141 1870 1138 1870 1140 1870 1141 1871 1139 1871 1138 1871 1143 1872 741 1872 740 1872 1143 1873 1140 1873 741 1873 1144 1874 1145 1874 1142 1874 1144 1875 1140 1875 1143 1875 1144 1876 1141 1876 1140 1876 1144 1877 1142 1877 1141 1877 1146 1878 740 1878 743 1878 1146 1879 1143 1879 740 1879 1147 1880 1148 1880 1145 1880 1147 1881 1144 1881 1143 1881 1147 1882 1145 1882 1144 1882 1147 1883 1143 1883 1146 1883 1149 1884 743 1884 745 1884 1149 1885 1146 1885 743 1885 1149 1886 1147 1886 1146 1886 1150 1887 1151 1887 1148 1887 1150 1888 1148 1888 1147 1888 1150 1889 1147 1889 1149 1889 1152 1890 745 1890 747 1890 1152 1891 747 1891 749 1891 1152 1892 1149 1892 745 1892 1153 1893 1154 1893 1151 1893 1153 1894 1151 1894 1150 1894 1153 1895 1150 1895 1149 1895 1153 1896 1149 1896 1152 1896 1155 1897 749 1897 751 1897 1155 1898 1152 1898 749 1898 1156 1899 1152 1899 1155 1899 1156 1900 1157 1900 1154 1900 1156 1901 1154 1901 1153 1901 1156 1902 1153 1902 1152 1902 1158 1903 1155 1903 751 1903 1158 1904 1156 1904 1155 1904 1159 1905 1160 1905 1157 1905 1159 1906 1157 1906 1156 1906 1159 1907 1156 1907 1158 1907 1161 1908 1159 1908 1158 1908 1161 1909 751 1909 753 1909 1161 1910 1158 1910 751 1910 1162 1911 1160 1911 1159 1911 1162 1912 1159 1912 1161 1912 1162 1913 1163 1913 1160 1913 1164 1914 1161 1914 753 1914 1164 1915 753 1915 755 1915 1164 1916 755 1916 757 1916 1164 1917 757 1917 1099 1917 1165 1918 1162 1918 1161 1918 1165 1919 1161 1919 1164 1919 1165 1920 1163 1920 1162 1920 1165 1921 1099 1921 1100 1921 1165 1922 1164 1922 1099 1922 1165 1923 1133 1923 1163 1923 1165 1924 1100 1924 1133 1924 765 1925 1166 1925 766 1925 1166 1926 1167 1926 766 1926 769 1927 767 1927 1167 1927 1167 1928 767 1928 766 1928 1168 1929 778 1929 780 1929 1168 1930 779 1930 778 1930 769 1931 780 1931 768 1931 769 1932 1168 1932 780 1932 1169 1933 769 1933 1167 1933 1169 1934 1168 1934 769 1934 1166 1935 1169 1935 1167 1935 765 1936 1084 1936 1087 1936 765 1937 764 1937 1084 1937 1170 1938 1166 1938 765 1938 1170 1939 1087 1939 1089 1939 1170 1940 1169 1940 1166 1940 1170 1941 765 1941 1087 1941 1171 1942 1170 1942 1089 1942 777 1943 779 1943 1172 1943 1168 1944 1173 1944 779 1944 1173 1945 1172 1945 779 1945 1172 1946 775 1946 777 1946 775 1947 1174 1947 773 1947 1172 1948 1174 1948 775 1948 1174 1949 772 1949 773 1949 1174 1950 776 1950 772 1950 1174 1951 1175 1951 776 1951 1175 1952 1176 1952 776 1952 1177 1953 794 1953 796 1953 1177 1954 795 1954 794 1954 785 1955 796 1955 784 1955 785 1956 1177 1956 796 1956 1178 1957 785 1957 1179 1957 1178 1958 1177 1958 785 1958 1180 1959 1178 1959 1179 1959 781 1960 771 1960 774 1960 781 1961 770 1961 771 1961 1181 1962 1180 1962 781 1962 1181 1963 774 1963 776 1963 1181 1964 1178 1964 1180 1964 1181 1965 781 1965 774 1965 1176 1966 1181 1966 776 1966 1180 1967 782 1967 781 1967 1179 1968 782 1968 1180 1968 785 1969 783 1969 1179 1969 1179 1970 783 1970 782 1970 793 1971 795 1971 1182 1971 1177 1972 1183 1972 795 1972 1183 1973 1182 1973 795 1973 1182 1974 791 1974 793 1974 791 1975 1184 1975 789 1975 1182 1976 1184 1976 791 1976 1184 1977 788 1977 789 1977 1184 1978 792 1978 788 1978 1184 1979 1185 1979 792 1979 1185 1980 1186 1980 792 1980 1187 1981 812 1981 814 1981 1187 1982 813 1982 812 1982 800 1983 814 1983 801 1983 800 1984 1187 1984 814 1984 1188 1985 800 1985 1189 1985 1188 1986 1187 1986 800 1986 1190 1987 1188 1987 1189 1987 798 1988 787 1988 790 1988 798 1989 786 1989 787 1989 1191 1990 1190 1990 798 1990 1191 1991 790 1991 792 1991 1191 1992 1188 1992 1190 1992 1191 1993 798 1993 790 1993 1186 1994 1191 1994 792 1994 1190 1995 797 1995 798 1995 1190 1996 1189 1996 797 1996 800 1997 799 1997 1189 1997 1189 1998 799 1998 797 1998 1192 1999 807 1999 806 1999 808 2000 1192 2000 806 2000 1193 2001 1192 2001 808 2001 1194 2002 1195 2002 1193 2002 1196 2003 808 2003 810 2003 1196 2004 1193 2004 808 2004 1196 2005 1194 2005 1193 2005 1197 2006 1196 2006 810 2006 813 2007 1187 2007 1198 2007 1199 2008 813 2008 1198 2008 811 2009 813 2009 1199 2009 809 2010 811 2010 1199 2010 1200 2011 805 2011 809 2011 1200 2012 802 2012 805 2012 1200 2013 809 2013 1199 2013 810 2014 802 2014 1200 2014 1201 2015 810 2015 1200 2015 1197 2016 810 2016 1201 2016 1202 2017 831 2017 833 2017 1202 2018 832 2018 831 2018 822 2019 833 2019 821 2019 822 2020 1202 2020 833 2020 1203 2021 822 2021 1204 2021 1203 2022 1202 2022 822 2022 1192 2023 817 2023 807 2023 1192 2024 816 2024 817 2024 1192 2025 815 2025 816 2025 1205 2026 1204 2026 1206 2026 1205 2027 1203 2027 1204 2027 818 2028 1205 2028 1206 2028 1193 2029 818 2029 1192 2029 1195 2030 1205 2030 818 2030 1195 2031 818 2031 1193 2031 818 2032 815 2032 1192 2032 1206 2033 819 2033 818 2033 1204 2034 819 2034 1206 2034 820 2035 819 2035 1204 2035 822 2036 820 2036 1204 2036 1207 2037 847 2037 849 2037 1207 2038 848 2038 847 2038 837 2039 849 2039 838 2039 837 2040 1207 2040 849 2040 1208 2041 837 2041 1209 2041 1208 2042 1207 2042 837 2042 1210 2043 1208 2043 1209 2043 835 2044 824 2044 827 2044 835 2045 823 2045 824 2045 1211 2046 1210 2046 835 2046 1211 2047 827 2047 829 2047 1211 2048 1208 2048 1210 2048 1211 2049 835 2049 827 2049 1212 2050 1211 2050 829 2050 830 2051 832 2051 1213 2051 1202 2052 1214 2052 832 2052 1214 2053 1213 2053 832 2053 1213 2054 828 2054 830 2054 1213 2055 1215 2055 828 2055 1215 2056 826 2056 828 2056 1215 2057 825 2057 826 2057 1215 2058 829 2058 825 2058 1215 2059 1216 2059 829 2059 1216 2060 1212 2060 829 2060 835 2061 1210 2061 834 2061 1210 2062 1209 2062 834 2062 837 2063 836 2063 1209 2063 1209 2064 836 2064 834 2064 846 2065 848 2065 1217 2065 1207 2066 1218 2066 848 2066 1218 2067 1217 2067 848 2067 1219 2068 844 2068 1217 2068 1217 2069 844 2069 846 2069 1219 2070 842 2070 844 2070 1219 2071 841 2071 842 2071 1219 2072 845 2072 841 2072 1219 2073 1220 2073 845 2073 1220 2074 1221 2074 845 2074 1222 2075 863 2075 865 2075 1222 2076 864 2076 863 2076 854 2077 865 2077 853 2077 854 2078 1222 2078 865 2078 1223 2079 854 2079 1224 2079 1223 2080 1222 2080 854 2080 1225 2081 1223 2081 1224 2081 850 2082 840 2082 843 2082 850 2083 839 2083 840 2083 1226 2084 1225 2084 850 2084 1226 2085 843 2085 845 2085 1226 2086 1223 2086 1225 2086 1226 2087 850 2087 843 2087 1221 2088 1226 2088 845 2088 850 2089 1225 2089 851 2089 1225 2090 1224 2090 851 2090 854 2091 852 2091 1224 2091 1224 2092 852 2092 851 2092 862 2093 864 2093 1227 2093 1222 2094 1228 2094 864 2094 1228 2095 1227 2095 864 2095 857 2096 858 2096 1229 2096 858 2097 860 2097 1229 2097 862 2098 1227 2098 860 2098 860 2099 1227 2099 1229 2099 1229 2100 861 2100 857 2100 1229 2101 1230 2101 861 2101 1230 2102 1231 2102 861 2102 1232 2103 879 2103 881 2103 1232 2104 880 2104 879 2104 870 2105 881 2105 869 2105 870 2106 1232 2106 881 2106 1233 2107 870 2107 1234 2107 1233 2108 1232 2108 870 2108 1235 2109 1233 2109 1234 2109 866 2110 856 2110 859 2110 866 2111 855 2111 856 2111 1236 2112 1235 2112 866 2112 1236 2113 859 2113 861 2113 1236 2114 1233 2114 1235 2114 1236 2115 866 2115 859 2115 1231 2116 1236 2116 861 2116 867 2117 1234 2117 868 2117 868 2118 1234 2118 870 2118 867 2119 1235 2119 1234 2119 867 2120 866 2120 1235 2120 873 2121 874 2121 1237 2121 874 2122 876 2122 1237 2122 878 2123 1238 2123 876 2123 876 2124 1238 2124 1237 2124 1237 2125 877 2125 873 2125 1237 2126 1239 2126 877 2126 1239 2127 1240 2127 877 2127 1241 2128 895 2128 897 2128 1241 2129 896 2129 895 2129 885 2130 897 2130 886 2130 885 2131 1241 2131 897 2131 1242 2132 885 2132 1243 2132 1242 2133 1241 2133 885 2133 1244 2134 1242 2134 1243 2134 883 2135 872 2135 875 2135 883 2136 871 2136 872 2136 1245 2137 875 2137 877 2137 1245 2138 1244 2138 883 2138 1245 2139 1242 2139 1244 2139 1245 2140 883 2140 875 2140 1240 2141 1245 2141 877 2141 878 2142 880 2142 1238 2142 1232 2143 1246 2143 880 2143 1246 2144 1238 2144 880 2144 884 2145 1243 2145 885 2145 884 2146 882 2146 1243 2146 882 2147 1244 2147 1243 2147 882 2148 883 2148 1244 2148 896 2149 1241 2149 1247 2149 1248 2150 896 2150 1247 2150 894 2151 896 2151 1248 2151 890 2152 1249 2152 889 2152 892 2153 1249 2153 890 2153 1248 2154 1249 2154 892 2154 894 2155 1248 2155 892 2155 893 2156 889 2156 1249 2156 1250 2157 893 2157 1249 2157 1251 2158 893 2158 1250 2158 1252 2159 911 2159 913 2159 1252 2160 912 2160 911 2160 902 2161 913 2161 901 2161 902 2162 1252 2162 913 2162 1253 2163 902 2163 1254 2163 1253 2164 1252 2164 902 2164 1255 2165 1253 2165 1254 2165 898 2166 888 2166 891 2166 898 2167 887 2167 888 2167 1256 2168 1255 2168 898 2168 1256 2169 891 2169 893 2169 1256 2170 1253 2170 1255 2170 1256 2171 898 2171 891 2171 1251 2172 1256 2172 893 2172 1254 2173 902 2173 900 2173 899 2174 898 2174 1255 2174 899 2175 1255 2175 1254 2175 899 2176 1254 2176 900 2176 906 2177 1257 2177 905 2177 906 2178 908 2178 1257 2178 910 2179 1258 2179 908 2179 908 2180 1258 2180 1257 2180 1257 2181 909 2181 905 2181 1257 2182 1259 2182 909 2182 1259 2183 1260 2183 909 2183 1261 2184 927 2184 929 2184 1261 2185 928 2185 927 2185 917 2186 929 2186 918 2186 917 2187 1261 2187 929 2187 1262 2188 917 2188 1263 2188 1262 2189 1261 2189 917 2189 1264 2190 1262 2190 1263 2190 915 2191 904 2191 907 2191 915 2192 903 2192 904 2192 1265 2193 907 2193 909 2193 1265 2194 1264 2194 915 2194 1265 2195 1262 2195 1264 2195 1265 2196 915 2196 907 2196 1260 2197 1265 2197 909 2197 910 2198 912 2198 1258 2198 1252 2199 1266 2199 912 2199 1266 2200 1258 2200 912 2200 916 2201 1263 2201 917 2201 1263 2202 914 2202 1264 2202 916 2203 914 2203 1263 2203 914 2204 915 2204 1264 2204 1267 2205 943 2205 945 2205 1267 2206 944 2206 943 2206 934 2207 945 2207 933 2207 934 2208 1267 2208 945 2208 1268 2209 934 2209 1269 2209 1268 2210 1267 2210 934 2210 1270 2211 1268 2211 1269 2211 930 2212 920 2212 923 2212 930 2213 919 2213 920 2213 1271 2214 1270 2214 930 2214 1271 2215 923 2215 925 2215 1271 2216 1268 2216 1270 2216 1271 2217 930 2217 923 2217 1272 2218 1271 2218 925 2218 926 2219 928 2219 1273 2219 1261 2220 1274 2220 928 2220 1274 2221 1273 2221 928 2221 924 2222 1275 2222 922 2222 922 2223 1275 2223 921 2223 926 2224 1273 2224 924 2224 924 2225 1273 2225 1275 2225 1275 2226 925 2226 921 2226 1275 2227 1276 2227 925 2227 1276 2228 1272 2228 925 2228 932 2229 1269 2229 934 2229 1269 2230 931 2230 1270 2230 932 2231 931 2231 1269 2231 931 2232 930 2232 1270 2232 937 2233 938 2233 1277 2233 938 2234 940 2234 1277 2234 942 2235 1278 2235 940 2235 940 2236 1278 2236 1277 2236 1277 2237 941 2237 937 2237 1277 2238 1279 2238 941 2238 1279 2239 1280 2239 941 2239 1281 2240 959 2240 961 2240 1281 2241 960 2241 959 2241 950 2242 961 2242 949 2242 950 2243 1281 2243 961 2243 1282 2244 950 2244 1283 2244 1282 2245 1281 2245 950 2245 1284 2246 1282 2246 1283 2246 946 2247 936 2247 939 2247 946 2248 935 2248 936 2248 1285 2249 939 2249 941 2249 1285 2250 1284 2250 946 2250 1285 2251 1282 2251 1284 2251 1285 2252 946 2252 939 2252 1280 2253 1285 2253 941 2253 942 2254 944 2254 1278 2254 1267 2255 1286 2255 944 2255 1286 2256 1278 2256 944 2256 947 2257 1283 2257 948 2257 948 2258 1283 2258 950 2258 947 2259 1284 2259 1283 2259 947 2260 946 2260 1284 2260 1287 2261 977 2261 979 2261 1287 2262 978 2262 977 2262 966 2263 979 2263 965 2263 966 2264 1287 2264 979 2264 1288 2265 966 2265 1289 2265 1288 2266 1287 2266 966 2266 1290 2267 1288 2267 1289 2267 963 2268 952 2268 955 2268 963 2269 951 2269 952 2269 1291 2270 1290 2270 963 2270 1291 2271 955 2271 957 2271 1291 2272 1288 2272 1290 2272 1291 2273 963 2273 955 2273 1292 2274 1291 2274 957 2274 958 2275 960 2275 1293 2275 1281 2276 1294 2276 960 2276 1294 2277 1293 2277 960 2277 953 2278 954 2278 1295 2278 954 2279 956 2279 1295 2279 958 2280 1293 2280 956 2280 956 2281 1293 2281 1295 2281 1295 2282 957 2282 953 2282 1295 2283 1296 2283 957 2283 1296 2284 1292 2284 957 2284 964 2285 1289 2285 966 2285 964 2286 962 2286 1289 2286 962 2287 1290 2287 1289 2287 962 2288 963 2288 1290 2288 1297 2289 972 2289 971 2289 973 2290 1297 2290 971 2290 1298 2291 1297 2291 973 2291 1299 2292 1300 2292 1298 2292 1301 2293 973 2293 975 2293 1301 2294 1298 2294 973 2294 1301 2295 1299 2295 1298 2295 1302 2296 1301 2296 975 2296 978 2297 1303 2297 976 2297 1304 2298 978 2298 1287 2298 1304 2299 1303 2299 978 2299 970 2300 1305 2300 967 2300 974 2301 1305 2301 970 2301 1303 2302 1305 2302 974 2302 976 2303 1303 2303 974 2303 975 2304 1306 2304 1302 2304 1305 2305 975 2305 967 2305 1305 2306 1306 2306 975 2306 1307 2307 996 2307 998 2307 1307 2308 997 2308 996 2308 987 2309 998 2309 986 2309 987 2310 1307 2310 998 2310 1308 2311 987 2311 1309 2311 1308 2312 1307 2312 987 2312 1297 2313 982 2313 972 2313 1297 2314 981 2314 982 2314 1297 2315 980 2315 981 2315 1310 2316 1309 2316 1311 2316 1310 2317 1308 2317 1309 2317 984 2318 1310 2318 1311 2318 1298 2319 984 2319 1297 2319 1300 2320 1310 2320 984 2320 1300 2321 984 2321 1298 2321 984 2322 980 2322 1297 2322 1309 2323 987 2323 985 2323 983 2324 984 2324 1311 2324 983 2325 1311 2325 1309 2325 983 2326 1309 2326 985 2326 995 2327 997 2327 1312 2327 1307 2328 1313 2328 997 2328 1313 2329 1312 2329 997 2329 991 2330 1314 2330 990 2330 991 2331 993 2331 1314 2331 995 2332 1312 2332 993 2332 993 2333 1312 2333 1314 2333 1314 2334 994 2334 990 2334 1314 2335 1315 2335 994 2335 1315 2336 1316 2336 994 2336 1317 2337 1012 2337 1014 2337 1317 2338 1013 2338 1012 2338 1003 2339 1014 2339 1002 2339 1003 2340 1317 2340 1014 2340 1318 2341 1003 2341 1319 2341 1318 2342 1317 2342 1003 2342 1320 2343 1318 2343 1319 2343 1000 2344 989 2344 992 2344 1000 2345 988 2345 989 2345 1321 2346 1320 2346 1000 2346 1321 2347 992 2347 994 2347 1321 2348 1318 2348 1320 2348 1321 2349 1000 2349 992 2349 1316 2350 1321 2350 994 2350 1001 2351 1319 2351 1003 2351 1319 2352 999 2352 1320 2352 1001 2353 999 2353 1319 2353 999 2354 1000 2354 1320 2354 1009 2355 1322 2355 1007 2355 1007 2356 1322 2356 1006 2356 1011 2357 1323 2357 1009 2357 1009 2358 1323 2358 1322 2358 1322 2359 1010 2359 1006 2359 1322 2360 1324 2360 1010 2360 1324 2361 1325 2361 1010 2361 1326 2362 1028 2362 1030 2362 1326 2363 1029 2363 1028 2363 1019 2364 1030 2364 1018 2364 1019 2365 1326 2365 1030 2365 1327 2366 1019 2366 1328 2366 1327 2367 1326 2367 1019 2367 1329 2368 1327 2368 1328 2368 1015 2369 1005 2369 1008 2369 1015 2370 1004 2370 1005 2370 1330 2371 1008 2371 1010 2371 1330 2372 1329 2372 1015 2372 1330 2373 1327 2373 1329 2373 1330 2374 1015 2374 1008 2374 1325 2375 1330 2375 1010 2375 1011 2376 1013 2376 1323 2376 1317 2377 1331 2377 1013 2377 1331 2378 1323 2378 1013 2378 1017 2379 1328 2379 1019 2379 1328 2380 1016 2380 1329 2380 1017 2381 1016 2381 1328 2381 1016 2382 1015 2382 1329 2382 1332 2383 1044 2383 1046 2383 1332 2384 1045 2384 1044 2384 1035 2385 1046 2385 1034 2385 1035 2386 1332 2386 1046 2386 1333 2387 1035 2387 1334 2387 1333 2388 1332 2388 1035 2388 1335 2389 1333 2389 1334 2389 1031 2390 1021 2390 1024 2390 1031 2391 1020 2391 1021 2391 1336 2392 1335 2392 1031 2392 1336 2393 1024 2393 1026 2393 1336 2394 1333 2394 1335 2394 1336 2395 1031 2395 1024 2395 1337 2396 1336 2396 1026 2396 1027 2397 1029 2397 1338 2397 1326 2398 1339 2398 1029 2398 1339 2399 1338 2399 1029 2399 1338 2400 1025 2400 1027 2400 1025 2401 1340 2401 1023 2401 1338 2402 1340 2402 1025 2402 1340 2403 1022 2403 1023 2403 1340 2404 1026 2404 1022 2404 1340 2405 1341 2405 1026 2405 1341 2406 1337 2406 1026 2406 1335 2407 1032 2407 1031 2407 1334 2408 1032 2408 1335 2408 1035 2409 1033 2409 1334 2409 1334 2410 1033 2410 1032 2410 1342 2411 1041 2411 1043 2411 1041 2412 1343 2412 1039 2412 1342 2413 1343 2413 1041 2413 1343 2414 1038 2414 1039 2414 1343 2415 1042 2415 1038 2415 1343 2416 1344 2416 1042 2416 1344 2417 1345 2417 1042 2417 1346 2418 1060 2418 1062 2418 1346 2419 1061 2419 1060 2419 1051 2420 1062 2420 1050 2420 1051 2421 1346 2421 1062 2421 1347 2422 1051 2422 1348 2422 1347 2423 1346 2423 1051 2423 1349 2424 1347 2424 1348 2424 1048 2425 1037 2425 1040 2425 1048 2426 1036 2426 1037 2426 1350 2427 1040 2427 1042 2427 1350 2428 1349 2428 1048 2428 1350 2429 1347 2429 1349 2429 1350 2430 1048 2430 1040 2430 1345 2431 1350 2431 1042 2431 1043 2432 1045 2432 1342 2432 1332 2433 1351 2433 1045 2433 1351 2434 1342 2434 1045 2434 1349 2435 1047 2435 1048 2435 1349 2436 1348 2436 1047 2436 1051 2437 1049 2437 1348 2437 1348 2438 1049 2438 1047 2438 1061 2439 1352 2439 1059 2439 1353 2440 1061 2440 1346 2440 1353 2441 1352 2441 1061 2441 1057 2442 1059 2442 1352 2442 1354 2443 1055 2443 1057 2443 1354 2444 1054 2444 1055 2444 1354 2445 1057 2445 1352 2445 1058 2446 1355 2446 1356 2446 1354 2447 1058 2447 1054 2447 1354 2448 1355 2448 1058 2448 1357 2449 1076 2449 1078 2449 1357 2450 1077 2450 1076 2450 1067 2451 1078 2451 1066 2451 1067 2452 1357 2452 1078 2452 1358 2453 1067 2453 1359 2453 1358 2454 1357 2454 1067 2454 1360 2455 1358 2455 1359 2455 1064 2456 1053 2456 1056 2456 1064 2457 1052 2457 1053 2457 1361 2458 1360 2458 1064 2458 1361 2459 1056 2459 1058 2459 1361 2460 1358 2460 1360 2460 1361 2461 1064 2461 1056 2461 1356 2462 1361 2462 1058 2462 1360 2463 1063 2463 1064 2463 1359 2464 1063 2464 1360 2464 1065 2465 1063 2465 1359 2465 1067 2466 1065 2466 1359 2466 1362 2467 1073 2467 1075 2467 1362 2468 1363 2468 1073 2468 1363 2469 1071 2469 1073 2469 1363 2470 1070 2470 1071 2470 1363 2471 1074 2471 1070 2471 1363 2472 1364 2472 1074 2472 1364 2473 1365 2473 1074 2473 1366 2474 1091 2474 1093 2474 1366 2475 1092 2475 1091 2475 1083 2476 1093 2476 1082 2476 1083 2477 1366 2477 1093 2477 1367 2478 1083 2478 1368 2478 1367 2479 1366 2479 1083 2479 1369 2480 1367 2480 1368 2480 1080 2481 1069 2481 1072 2481 1080 2482 1068 2482 1069 2482 1370 2483 1072 2483 1074 2483 1370 2484 1369 2484 1080 2484 1370 2485 1367 2485 1369 2485 1370 2486 1080 2486 1072 2486 1365 2487 1370 2487 1074 2487 1075 2488 1077 2488 1362 2488 1357 2489 1371 2489 1077 2489 1371 2490 1362 2490 1077 2490 1080 2491 1369 2491 1079 2491 1369 2492 1368 2492 1079 2492 1083 2493 1081 2493 1368 2493 1368 2494 1081 2494 1079 2494 1090 2495 1092 2495 1372 2495 1366 2496 1373 2496 1092 2496 1373 2497 1372 2497 1092 2497 1374 2498 1088 2498 1372 2498 1372 2499 1088 2499 1090 2499 1374 2500 1086 2500 1088 2500 1374 2501 1085 2501 1086 2501 1374 2502 1089 2502 1085 2502 1374 2503 1375 2503 1089 2503 1375 2504 1171 2504 1089 2504 1096 2505 1095 2505 1376 2505 1377 2506 1378 2506 1379 2506 1380 2507 1378 2507 1377 2507 1379 2508 1378 2508 1381 2508 1382 2509 1383 2509 1380 2509 1384 2510 1383 2510 1382 2510 1380 2511 1383 2511 1378 2511 1102 2512 1385 2512 1103 2512 1106 2513 1385 2513 1102 2513 1386 2514 1385 2514 1384 2514 1103 2515 1385 2515 1386 2515 1384 2516 1385 2516 1383 2516 1381 2517 1387 2517 1388 2517 1378 2518 1387 2518 1381 2518 1378 2519 1389 2519 1387 2519 1383 2520 1389 2520 1378 2520 1385 2521 1389 2521 1383 2521 1385 2522 1390 2522 1389 2522 1106 2523 1390 2523 1385 2523 1389 2524 1391 2524 1387 2524 1388 2525 1391 2525 1392 2525 1387 2526 1391 2526 1388 2526 1389 2527 1393 2527 1391 2527 1107 2528 1394 2528 1106 2528 1106 2529 1394 2529 1390 2529 1389 2530 1394 2530 1393 2530 1390 2531 1394 2531 1389 2531 1392 2532 1395 2532 1396 2532 1396 2533 1395 2533 1397 2533 1391 2534 1395 2534 1392 2534 1391 2535 1398 2535 1395 2535 1393 2536 1398 2536 1391 2536 1394 2537 1398 2537 1393 2537 1107 2538 1399 2538 1394 2538 1112 2539 1399 2539 1107 2539 1394 2540 1399 2540 1398 2540 1395 2541 1400 2541 1397 2541 1398 2542 1401 2542 1395 2542 1395 2543 1401 2543 1400 2543 1115 2544 1402 2544 1112 2544 1112 2545 1402 2545 1399 2545 1399 2546 1402 2546 1398 2546 1398 2547 1402 2547 1401 2547 1397 2548 1403 2548 1404 2548 1400 2549 1403 2549 1397 2549 1400 2550 1405 2550 1403 2550 1401 2551 1405 2551 1400 2551 1116 2552 1406 2552 1115 2552 1119 2553 1406 2553 1116 2553 1402 2554 1406 2554 1401 2554 1115 2555 1406 2555 1402 2555 1401 2556 1406 2556 1405 2556 1404 2557 1407 2557 1408 2557 1403 2558 1407 2558 1404 2558 1405 2559 1409 2559 1403 2559 1403 2560 1409 2560 1407 2560 1405 2561 1410 2561 1409 2561 1406 2562 1410 2562 1405 2562 1119 2563 1410 2563 1406 2563 1407 2564 1411 2564 1408 2564 1408 2565 1411 2565 1412 2565 1409 2566 1411 2566 1407 2566 1409 2567 1413 2567 1411 2567 1124 2568 1414 2568 1119 2568 1119 2569 1414 2569 1410 2569 1410 2570 1414 2570 1409 2570 1409 2571 1414 2571 1413 2571 1412 2572 1415 2572 1416 2572 1411 2573 1415 2573 1412 2573 1413 2574 1415 2574 1411 2574 1413 2575 1417 2575 1415 2575 1127 2576 1418 2576 1124 2576 1414 2577 1418 2577 1413 2577 1413 2578 1418 2578 1417 2578 1124 2579 1418 2579 1414 2579 1416 2580 1419 2580 1420 2580 1415 2581 1419 2581 1416 2581 1417 2582 1421 2582 1415 2582 1415 2583 1421 2583 1419 2583 1130 2584 1422 2584 1127 2584 1127 2585 1422 2585 1418 2585 1417 2586 1422 2586 1421 2586 1418 2587 1422 2587 1417 2587 1420 2588 1423 2588 1424 2588 1424 2589 1423 2589 1425 2589 1425 2590 1423 2590 1426 2590 1426 2591 1423 2591 1427 2591 1419 2592 1423 2592 1420 2592 1427 2593 1428 2593 1429 2593 1429 2594 1428 2594 1430 2594 1421 2595 1428 2595 1419 2595 1419 2596 1428 2596 1423 2596 1423 2597 1428 2597 1427 2597 1376 2598 1431 2598 1096 2598 1096 2599 1431 2599 1130 2599 1430 2600 1431 2600 1376 2600 1130 2601 1431 2601 1422 2601 1422 2602 1431 2602 1421 2602 1428 2603 1431 2603 1430 2603 1421 2604 1431 2604 1428 2604 1426 2605 1432 2605 1425 2605 1427 2606 1432 2606 1426 2606 1425 2607 1432 2607 1433 2607 1433 2608 1432 2608 1434 2608 1427 2609 1435 2609 1432 2609 1429 2610 1435 2610 1427 2610 1430 2611 1435 2611 1429 2611 1136 2612 1436 2612 1095 2612 1376 2613 1436 2613 1430 2613 1095 2614 1436 2614 1376 2614 1430 2615 1436 2615 1435 2615 1432 2616 1437 2616 1434 2616 1432 2617 1438 2617 1437 2617 1435 2618 1438 2618 1432 2618 1139 2619 1439 2619 1136 2619 1436 2620 1439 2620 1435 2620 1136 2621 1439 2621 1436 2621 1435 2622 1439 2622 1438 2622 1434 2623 1440 2623 1441 2623 1437 2624 1440 2624 1434 2624 1437 2625 1442 2625 1440 2625 1439 2626 1442 2626 1438 2626 1438 2627 1442 2627 1437 2627 1439 2628 1443 2628 1442 2628 1142 2629 1443 2629 1139 2629 1139 2630 1443 2630 1439 2630 1441 2631 1444 2631 1445 2631 1440 2632 1444 2632 1441 2632 1442 2633 1444 2633 1440 2633 1442 2634 1446 2634 1444 2634 1145 2635 1447 2635 1142 2635 1443 2636 1447 2636 1442 2636 1142 2637 1447 2637 1443 2637 1442 2638 1447 2638 1446 2638 1445 2639 1448 2639 1449 2639 1446 2640 1448 2640 1444 2640 1444 2641 1448 2641 1445 2641 1446 2642 1450 2642 1448 2642 1148 2643 1451 2643 1145 2643 1145 2644 1451 2644 1447 2644 1447 2645 1451 2645 1446 2645 1446 2646 1451 2646 1450 2646 1449 2647 1452 2647 1453 2647 1453 2648 1452 2648 1454 2648 1448 2649 1452 2649 1449 2649 1448 2650 1455 2650 1452 2650 1450 2651 1455 2651 1448 2651 1451 2652 1456 2652 1450 2652 1151 2653 1456 2653 1148 2653 1154 2654 1456 2654 1151 2654 1450 2655 1456 2655 1455 2655 1148 2656 1456 2656 1451 2656 1452 2657 1457 2657 1454 2657 1455 2658 1458 2658 1452 2658 1456 2659 1458 2659 1455 2659 1452 2660 1458 2660 1457 2660 1154 2661 1459 2661 1456 2661 1456 2662 1459 2662 1458 2662 1457 2663 1460 2663 1454 2663 1458 2664 1460 2664 1457 2664 1454 2665 1460 2665 1461 2665 1458 2666 1462 2666 1460 2666 1157 2667 1463 2667 1154 2667 1154 2668 1463 2668 1459 2668 1459 2669 1463 2669 1458 2669 1458 2670 1463 2670 1462 2670 1461 2671 1464 2671 1465 2671 1460 2672 1464 2672 1461 2672 1462 2673 1464 2673 1460 2673 1462 2674 1466 2674 1464 2674 1160 2675 1467 2675 1157 2675 1157 2676 1467 2676 1463 2676 1463 2677 1467 2677 1462 2677 1462 2678 1467 2678 1466 2678 1465 2679 1468 2679 1469 2679 1464 2680 1468 2680 1465 2680 1466 2681 1468 2681 1464 2681 1466 2682 1470 2682 1468 2682 1163 2683 1471 2683 1160 2683 1133 2684 1471 2684 1163 2684 1160 2685 1471 2685 1467 2685 1467 2686 1471 2686 1466 2686 1466 2687 1471 2687 1470 2687 1379 2688 1472 2688 1377 2688 1377 2689 1472 2689 1380 2689 1469 2690 1472 2690 1473 2690 1473 2691 1472 2691 1379 2691 1468 2692 1472 2692 1469 2692 1380 2693 1474 2693 1382 2693 1382 2694 1474 2694 1384 2694 1470 2695 1474 2695 1468 2695 1471 2696 1474 2696 1470 2696 1468 2697 1474 2697 1472 2697 1472 2698 1474 2698 1380 2698 1384 2699 1475 2699 1386 2699 1474 2700 1475 2700 1384 2700 1386 2701 1475 2701 1103 2701 1103 2702 1475 2702 1133 2702 1471 2703 1475 2703 1474 2703 1133 2704 1475 2704 1471 2704 1173 2705 1168 2705 1169 2705 1476 2706 1173 2706 1169 2706 1175 2707 1181 2707 1176 2707 1375 2708 1170 2708 1171 2708 1375 2709 1169 2709 1170 2709 1375 2710 1476 2710 1169 2710 1477 2711 1183 2711 1177 2711 1477 2712 1178 2712 1181 2712 1477 2713 1177 2713 1178 2713 1477 2714 1181 2714 1175 2714 1477 2715 1175 2715 1476 2715 1478 2716 1476 2716 1375 2716 1367 2717 1373 2717 1366 2717 1185 2718 1183 2718 1477 2718 1191 2719 1186 2719 1185 2719 1479 2720 1188 2720 1191 2720 1479 2721 1191 2721 1185 2721 1479 2722 1185 2722 1477 2722 1480 2723 1370 2723 1365 2723 1480 2724 1367 2724 1370 2724 1480 2725 1373 2725 1367 2725 1480 2726 1478 2726 1373 2726 1364 2727 1480 2727 1365 2727 1198 2728 1187 2728 1188 2728 1198 2729 1188 2729 1479 2729 1358 2730 1371 2730 1357 2730 1201 2731 1198 2731 1479 2731 1196 2732 1197 2732 1201 2732 1481 2733 1364 2733 1371 2733 1481 2734 1358 2734 1361 2734 1481 2735 1371 2735 1358 2735 1481 2736 1480 2736 1364 2736 1482 2737 1194 2737 1196 2737 1482 2738 1195 2738 1194 2738 1482 2739 1201 2739 1479 2739 1482 2740 1196 2740 1201 2740 1205 2741 1195 2741 1482 2741 1355 2742 1361 2742 1356 2742 1355 2743 1481 2743 1361 2743 1203 2744 1205 2744 1482 2744 1214 2745 1203 2745 1482 2745 1214 2746 1202 2746 1203 2746 1347 2747 1353 2747 1346 2747 1216 2748 1214 2748 1482 2748 1483 2749 1355 2749 1353 2749 1483 2750 1481 2750 1355 2750 1483 2751 1353 2751 1347 2751 1484 2752 1216 2752 1482 2752 1484 2753 1212 2753 1216 2753 1211 2754 1212 2754 1484 2754 1350 2755 1483 2755 1347 2755 1208 2756 1211 2756 1484 2756 1344 2757 1350 2757 1345 2757 1344 2758 1483 2758 1350 2758 1218 2759 1208 2759 1484 2759 1218 2760 1207 2760 1208 2760 1485 2761 1344 2761 1351 2761 1485 2762 1351 2762 1332 2762 1485 2763 1483 2763 1344 2763 1486 2764 1218 2764 1484 2764 1333 2765 1485 2765 1332 2765 1226 2766 1221 2766 1220 2766 1336 2767 1485 2767 1333 2767 1223 2768 1226 2768 1220 2768 1341 2769 1336 2769 1337 2769 1341 2770 1485 2770 1336 2770 1222 2771 1223 2771 1228 2771 1487 2772 1485 2772 1341 2772 1488 2773 1228 2773 1223 2773 1488 2774 1220 2774 1486 2774 1488 2775 1223 2775 1220 2775 1327 2776 1487 2776 1339 2776 1327 2777 1339 2777 1326 2777 1236 2778 1231 2778 1230 2778 1324 2779 1487 2779 1327 2779 1324 2780 1327 2780 1330 2780 1325 2781 1324 2781 1330 2781 1489 2782 1487 2782 1324 2782 1490 2783 1230 2783 1488 2783 1490 2784 1236 2784 1230 2784 1490 2785 1233 2785 1236 2785 1232 2786 1233 2786 1490 2786 1232 2787 1490 2787 1246 2787 1239 2788 1246 2788 1490 2788 1318 2789 1331 2789 1317 2789 1245 2790 1240 2790 1239 2790 1491 2791 1318 2791 1321 2791 1491 2792 1489 2792 1331 2792 1491 2793 1331 2793 1318 2793 1492 2794 1245 2794 1239 2794 1492 2795 1239 2795 1490 2795 1242 2796 1245 2796 1492 2796 1316 2797 1491 2797 1321 2797 1316 2798 1315 2798 1491 2798 1247 2799 1242 2799 1492 2799 1241 2800 1242 2800 1247 2800 1308 2801 1313 2801 1307 2801 1250 2802 1247 2802 1492 2802 1493 2803 1315 2803 1313 2803 1493 2804 1308 2804 1310 2804 1493 2805 1491 2805 1315 2805 1493 2806 1313 2806 1308 2806 1494 2807 1250 2807 1492 2807 1256 2808 1251 2808 1250 2808 1256 2809 1250 2809 1494 2809 1300 2810 1493 2810 1310 2810 1299 2811 1493 2811 1300 2811 1301 2812 1493 2812 1299 2812 1306 2813 1493 2813 1301 2813 1253 2814 1256 2814 1494 2814 1302 2815 1306 2815 1301 2815 1266 2816 1253 2816 1494 2816 1252 2817 1253 2817 1266 2817 1259 2818 1266 2818 1494 2818 1495 2819 1306 2819 1304 2819 1495 2820 1493 2820 1306 2820 1496 2821 1259 2821 1494 2821 1260 2822 1259 2822 1496 2822 1288 2823 1495 2823 1304 2823 1288 2824 1304 2824 1287 2824 1265 2825 1260 2825 1496 2825 1291 2826 1495 2826 1288 2826 1296 2827 1495 2827 1291 2827 1262 2828 1265 2828 1496 2828 1292 2829 1296 2829 1291 2829 1274 2830 1262 2830 1496 2830 1497 2831 1274 2831 1496 2831 1498 2832 1495 2832 1296 2832 1261 2833 1262 2833 1274 2833 1294 2834 1498 2834 1296 2834 1281 2835 1498 2835 1294 2835 1282 2836 1498 2836 1281 2836 1499 2837 1276 2837 1497 2837 1499 2838 1498 2838 1279 2838 1271 2839 1272 2839 1276 2839 1285 2840 1498 2840 1282 2840 1285 2841 1279 2841 1498 2841 1268 2842 1271 2842 1276 2842 1268 2843 1276 2843 1499 2843 1268 2844 1499 2844 1286 2844 1280 2845 1279 2845 1285 2845 1267 2846 1268 2846 1286 2846 1341 2847 1339 2847 1487 2847 1324 2848 1331 2848 1489 2848 1279 2849 1286 2849 1499 2849 1276 2850 1274 2850 1497 2850 1230 2851 1228 2851 1488 2851 1220 2852 1218 2852 1486 2852 1175 2853 1173 2853 1476 2853 1375 2854 1373 2854 1478 2854 1172 2855 1175 2855 1174 2855 1172 2856 1173 2856 1175 2856 1182 2857 1185 2857 1184 2857 1182 2858 1183 2858 1185 2858 1199 2859 1201 2859 1200 2859 1199 2860 1198 2860 1201 2860 1213 2861 1216 2861 1215 2861 1213 2862 1214 2862 1216 2862 1217 2863 1220 2863 1219 2863 1217 2864 1218 2864 1220 2864 1227 2865 1230 2865 1229 2865 1227 2866 1228 2866 1230 2866 1238 2867 1239 2867 1237 2867 1238 2868 1246 2868 1239 2868 1248 2869 1250 2869 1249 2869 1248 2870 1247 2870 1250 2870 1258 2871 1259 2871 1257 2871 1258 2872 1266 2872 1259 2872 1273 2873 1276 2873 1275 2873 1273 2874 1274 2874 1276 2874 1278 2875 1279 2875 1277 2875 1278 2876 1286 2876 1279 2876 1293 2877 1296 2877 1295 2877 1293 2878 1294 2878 1296 2878 1303 2879 1306 2879 1305 2879 1303 2880 1304 2880 1306 2880 1312 2881 1315 2881 1314 2881 1312 2882 1313 2882 1315 2882 1323 2883 1324 2883 1322 2883 1323 2884 1331 2884 1324 2884 1338 2885 1341 2885 1340 2885 1338 2886 1339 2886 1341 2886 1342 2887 1344 2887 1343 2887 1342 2888 1351 2888 1344 2888 1352 2889 1355 2889 1354 2889 1352 2890 1353 2890 1355 2890 1362 2891 1364 2891 1363 2891 1362 2892 1371 2892 1364 2892 1372 2893 1375 2893 1374 2893 1372 2894 1373 2894 1375 2894 1500 2895 1501 2895 1502 2895 1502 2896 1501 2896 1503 2896 1381 2897 1504 2897 1379 2897 1505 2898 1504 2898 1500 2898 1379 2899 1504 2899 1505 2899 1500 2900 1504 2900 1501 2900 1503 2901 1506 2901 1507 2901 1501 2902 1506 2902 1503 2902 1388 2903 1508 2903 1381 2903 1504 2904 1508 2904 1501 2904 1501 2905 1508 2905 1506 2905 1381 2906 1508 2906 1504 2906 1507 2907 1509 2907 1510 2907 1506 2908 1509 2908 1507 2908 1392 2909 1511 2909 1388 2909 1508 2910 1511 2910 1506 2910 1388 2911 1511 2911 1508 2911 1506 2912 1511 2912 1509 2912 1510 2913 1512 2913 1513 2913 1513 2914 1512 2914 1514 2914 1509 2915 1512 2915 1510 2915 1396 2916 1515 2916 1392 2916 1509 2917 1515 2917 1512 2917 1511 2918 1515 2918 1509 2918 1392 2919 1515 2919 1511 2919 1514 2920 1516 2920 1517 2920 1512 2921 1516 2921 1514 2921 1515 2922 1516 2922 1512 2922 1397 2923 1518 2923 1396 2923 1515 2924 1518 2924 1516 2924 1396 2925 1518 2925 1515 2925 1517 2926 1519 2926 1520 2926 1516 2927 1519 2927 1517 2927 1404 2928 1521 2928 1397 2928 1516 2929 1521 2929 1519 2929 1518 2930 1521 2930 1516 2930 1397 2931 1521 2931 1518 2931 1519 2932 1522 2932 1520 2932 1408 2933 1523 2933 1404 2933 1412 2934 1523 2934 1408 2934 1404 2935 1523 2935 1521 2935 1521 2936 1523 2936 1519 2936 1519 2937 1523 2937 1522 2937 1520 2938 1524 2938 1525 2938 1522 2939 1524 2939 1520 2939 1523 2940 1524 2940 1522 2940 1523 2941 1526 2941 1524 2941 1412 2942 1526 2942 1523 2942 1525 2943 1527 2943 1528 2943 1528 2944 1527 2944 1529 2944 1524 2945 1527 2945 1525 2945 1412 2946 1530 2946 1526 2946 1524 2947 1530 2947 1527 2947 1416 2948 1530 2948 1412 2948 1526 2949 1530 2949 1524 2949 1527 2950 1531 2950 1529 2950 1527 2951 1532 2951 1531 2951 1416 2952 1532 2952 1530 2952 1420 2953 1532 2953 1416 2953 1530 2954 1532 2954 1527 2954 1529 2955 1533 2955 1534 2955 1534 2956 1533 2956 1535 2956 1535 2957 1533 2957 1536 2957 1531 2958 1533 2958 1529 2958 1424 2959 1537 2959 1420 2959 1425 2960 1537 2960 1424 2960 1420 2961 1537 2961 1532 2961 1533 2962 1537 2962 1536 2962 1531 2963 1537 2963 1533 2963 1536 2964 1537 2964 1538 2964 1538 2965 1537 2965 1425 2965 1532 2966 1537 2966 1531 2966 1539 2967 1500 2967 1502 2967 1473 2968 1379 2968 1505 2968 1536 2969 1540 2969 1535 2969 1538 2970 1540 2970 1536 2970 1535 2971 1540 2971 1541 2971 1433 2972 1542 2972 1425 2972 1425 2973 1542 2973 1538 2973 1538 2974 1542 2974 1540 2974 1541 2975 1543 2975 1544 2975 1540 2976 1543 2976 1541 2976 1434 2977 1545 2977 1433 2977 1540 2978 1545 2978 1543 2978 1433 2979 1545 2979 1542 2979 1542 2980 1545 2980 1540 2980 1544 2981 1546 2981 1547 2981 1547 2982 1546 2982 1548 2982 1543 2983 1546 2983 1544 2983 1441 2984 1549 2984 1434 2984 1445 2985 1549 2985 1441 2985 1543 2986 1549 2986 1546 2986 1434 2987 1549 2987 1545 2987 1545 2988 1549 2988 1543 2988 1546 2989 1550 2989 1548 2989 1549 2990 1550 2990 1546 2990 1445 2991 1551 2991 1549 2991 1549 2992 1551 2992 1550 2992 1548 2993 1552 2993 1553 2993 1553 2994 1552 2994 1554 2994 1550 2995 1552 2995 1548 2995 1449 2996 1555 2996 1445 2996 1445 2997 1555 2997 1551 2997 1550 2998 1555 2998 1552 2998 1551 2999 1555 2999 1550 2999 1554 3000 1556 3000 1557 3000 1552 3001 1556 3001 1554 3001 1555 3002 1556 3002 1552 3002 1453 3003 1558 3003 1449 3003 1454 3004 1558 3004 1453 3004 1449 3005 1558 3005 1555 3005 1555 3006 1558 3006 1556 3006 1557 3007 1559 3007 1560 3007 1556 3008 1559 3008 1557 3008 1558 3009 1559 3009 1556 3009 1454 3010 1561 3010 1558 3010 1558 3011 1561 3011 1559 3011 1559 3012 1562 3012 1560 3012 1559 3013 1563 3013 1562 3013 1461 3014 1563 3014 1454 3014 1454 3015 1563 3015 1561 3015 1561 3016 1563 3016 1559 3016 1560 3017 1564 3017 1565 3017 1562 3018 1564 3018 1560 3018 1562 3019 1566 3019 1564 3019 1465 3020 1566 3020 1461 3020 1563 3021 1566 3021 1562 3021 1461 3022 1566 3022 1563 3022 1564 3023 1567 3023 1565 3023 1565 3024 1567 3024 1568 3024 1465 3025 1569 3025 1566 3025 1564 3026 1569 3026 1567 3026 1469 3027 1569 3027 1465 3027 1566 3028 1569 3028 1564 3028 1569 3029 1570 3029 1567 3029 1567 3030 1570 3030 1568 3030 1568 3031 1570 3031 1539 3031 1539 3032 1570 3032 1500 3032 1500 3033 1571 3033 1505 3033 1469 3034 1571 3034 1569 3034 1473 3035 1571 3035 1469 3035 1570 3036 1571 3036 1500 3036 1569 3037 1571 3037 1570 3037 1505 3038 1571 3038 1473 3038 1572 3039 1493 3039 1495 3039 1572 3040 1573 3040 1493 3040 1574 3041 1495 3041 1498 3041 1574 3042 1498 3042 1499 3042 1574 3043 1572 3043 1495 3043 1575 3044 1574 3044 1499 3044 1576 3045 1499 3045 1497 3045 1576 3046 1575 3046 1499 3046 1577 3047 1497 3047 1496 3047 1577 3048 1576 3048 1497 3048 1578 3049 1496 3049 1494 3049 1578 3050 1494 3050 1492 3050 1578 3051 1577 3051 1496 3051 1579 3052 1578 3052 1492 3052 1580 3053 1492 3053 1490 3053 1580 3054 1579 3054 1492 3054 1581 3055 1490 3055 1488 3055 1581 3056 1580 3056 1490 3056 1582 3057 1488 3057 1486 3057 1582 3058 1486 3058 1484 3058 1582 3059 1581 3059 1488 3059 1583 3060 1582 3060 1484 3060 1584 3061 1484 3061 1482 3061 1584 3062 1583 3062 1484 3062 1585 3063 1584 3063 1482 3063 1585 3064 1482 3064 1479 3064 1586 3065 1479 3065 1477 3065 1586 3066 1585 3066 1479 3066 1587 3067 1477 3067 1476 3067 1587 3068 1586 3068 1477 3068 1588 3069 1476 3069 1478 3069 1588 3070 1478 3070 1480 3070 1588 3071 1587 3071 1476 3071 1589 3072 1588 3072 1480 3072 1590 3073 1480 3073 1481 3073 1590 3074 1481 3074 1483 3074 1590 3075 1589 3075 1480 3075 1591 3076 1590 3076 1483 3076 1592 3077 1483 3077 1485 3077 1592 3078 1591 3078 1483 3078 1593 3079 1485 3079 1487 3079 1593 3080 1592 3080 1485 3080 1594 3081 1487 3081 1489 3081 1594 3082 1593 3082 1487 3082 1595 3083 1489 3083 1491 3083 1595 3084 1594 3084 1489 3084 1573 3085 1491 3085 1493 3085 1573 3086 1595 3086 1491 3086 1596 3087 1534 3087 1535 3087 1597 3088 1534 3088 1596 3088 1598 3089 1599 3089 1597 3089 1597 3090 1599 3090 1534 3090 1529 3091 1600 3091 1528 3091 1534 3092 1600 3092 1529 3092 1599 3093 1600 3093 1534 3093 1600 3094 1601 3094 1528 3094 1528 3095 1602 3095 1525 3095 1601 3096 1602 3096 1528 3096 1520 3097 1603 3097 1517 3097 1525 3098 1603 3098 1520 3098 1602 3099 1603 3099 1525 3099 1517 3100 1604 3100 1514 3100 1603 3101 1604 3101 1517 3101 1604 3102 1605 3102 1514 3102 1514 3103 1606 3103 1513 3103 1605 3104 1606 3104 1514 3104 1510 3105 1607 3105 1507 3105 1513 3106 1607 3106 1510 3106 1606 3107 1607 3107 1513 3107 1607 3108 1608 3108 1507 3108 1507 3109 1609 3109 1503 3109 1608 3110 1609 3110 1507 3110 1503 3111 1610 3111 1502 3111 1609 3112 1611 3112 1503 3112 1503 3113 1611 3113 1610 3113 1609 3114 1612 3114 1611 3114 1610 3115 1539 3115 1502 3115 1611 3116 1539 3116 1610 3116 1612 3117 1613 3117 1611 3117 1611 3118 1613 3118 1539 3118 1539 3119 1614 3119 1568 3119 1613 3120 1614 3120 1539 3120 1565 3121 1615 3121 1560 3121 1568 3122 1615 3122 1565 3122 1614 3123 1615 3123 1568 3123 1615 3124 1616 3124 1560 3124 1557 3125 1617 3125 1554 3125 1560 3126 1617 3126 1557 3126 1616 3127 1617 3127 1560 3127 1554 3128 1618 3128 1553 3128 1617 3129 1618 3129 1554 3129 1618 3130 1619 3130 1553 3130 1553 3131 1620 3131 1548 3131 1619 3132 1620 3132 1553 3132 1548 3133 1621 3133 1547 3133 1620 3134 1621 3134 1548 3134 1547 3135 1622 3135 1544 3135 1621 3136 1622 3136 1547 3136 1544 3137 1623 3137 1541 3137 1622 3138 1623 3138 1544 3138 1541 3139 1596 3139 1535 3139 1623 3140 1597 3140 1541 3140 1541 3141 1597 3141 1596 3141 1623 3142 1598 3142 1597 3142 1624 3143 1625 3143 1626 3143 1627 3144 1628 3144 1629 3144 1625 3145 1587 3145 1626 3145 1626 3146 1630 3146 1631 3146 1631 3147 1630 3147 1632 3147 1587 3148 1630 3148 1626 3148 1633 3149 1586 3149 1634 3149 1634 3150 1586 3150 1635 3150 1635 3151 1586 3151 1627 3151 1627 3152 1586 3152 1628 3152 1628 3153 1586 3153 1587 3153 1587 3154 1588 3154 1630 3154 1636 3155 1637 3155 1638 3155 1633 3156 1639 3156 1586 3156 1640 3157 1641 3157 1639 3157 1642 3158 1585 3158 1641 3158 1641 3159 1585 3159 1639 3159 1639 3160 1585 3160 1586 3160 1637 3161 1589 3161 1643 3161 1643 3162 1589 3162 1644 3162 1636 3163 1589 3163 1637 3163 1588 3164 1589 3164 1636 3164 1589 3165 1645 3165 1644 3165 1646 3166 1647 3166 1642 3166 1642 3167 1647 3167 1585 3167 1647 3168 1648 3168 1585 3168 1649 3169 1650 3169 1651 3169 1652 3170 1653 3170 1648 3170 1650 3171 1590 3171 1654 3171 1645 3172 1590 3172 1649 3172 1589 3173 1590 3173 1645 3173 1649 3174 1590 3174 1650 3174 1648 3175 1584 3175 1585 3175 1653 3176 1584 3176 1648 3176 1655 3177 1584 3177 1656 3177 1656 3178 1584 3178 1653 3178 1655 3179 1657 3179 1584 3179 1657 3180 1658 3180 1584 3180 1654 3181 1659 3181 1660 3181 1590 3182 1659 3182 1654 3182 1658 3183 1661 3183 1584 3183 1662 3184 1661 3184 1658 3184 1661 3185 1663 3185 1584 3185 1664 3186 1665 3186 1666 3186 1659 3187 1591 3187 1664 3187 1590 3188 1591 3188 1659 3188 1664 3189 1591 3189 1665 3189 1663 3190 1583 3190 1584 3190 1667 3191 1583 3191 1663 3191 1667 3192 1668 3192 1583 3192 1591 3193 1669 3193 1665 3193 1668 3194 1670 3194 1583 3194 1669 3195 1671 3195 1672 3195 1591 3196 1671 3196 1669 3196 1670 3197 1673 3197 1583 3197 1674 3198 1673 3198 1670 3198 1671 3199 1592 3199 1675 3199 1675 3200 1592 3200 1676 3200 1591 3201 1592 3201 1671 3201 1673 3202 1582 3202 1583 3202 1592 3203 1677 3203 1676 3203 1678 3204 1679 3204 1680 3204 1592 3205 1681 3205 1677 3205 1679 3206 1682 3206 1680 3206 1681 3207 1683 3207 1684 3207 1592 3208 1683 3208 1681 3208 1682 3209 1685 3209 1686 3209 1592 3210 1593 3210 1683 3210 1686 3211 1581 3211 1682 3211 1680 3212 1581 3212 1582 3212 1682 3213 1581 3213 1680 3213 1687 3214 1688 3214 1689 3214 1593 3215 1688 3215 1687 3215 1690 3216 1691 3216 1692 3216 1593 3217 1693 3217 1688 3217 1688 3218 1693 3218 1694 3218 1693 3219 1695 3219 1694 3219 1593 3220 1594 3220 1693 3220 1691 3221 1580 3221 1692 3221 1692 3222 1580 3222 1581 3222 1696 3223 1580 3223 1691 3223 1696 3224 1697 3224 1580 3224 1580 3225 1697 3225 1698 3225 1698 3226 1699 3226 1580 3226 1700 3227 1701 3227 1702 3227 1703 3228 1704 3228 1699 3228 1701 3229 1595 3229 1705 3229 1594 3230 1595 3230 1700 3230 1700 3231 1595 3231 1701 3231 1699 3232 1579 3232 1580 3232 1704 3233 1579 3233 1699 3233 1704 3234 1706 3234 1579 3234 1595 3235 1707 3235 1705 3235 1708 3236 1707 3236 1595 3236 1706 3237 1709 3237 1579 3237 1706 3238 1710 3238 1709 3238 1709 3239 1711 3239 1579 3239 1712 3240 1713 3240 1714 3240 1708 3241 1573 3241 1712 3241 1713 3242 1573 3242 1715 3242 1595 3243 1573 3243 1708 3243 1712 3244 1573 3244 1713 3244 1711 3245 1578 3245 1579 3245 1711 3246 1716 3246 1578 3246 1717 3247 1716 3247 1711 3247 1573 3248 1718 3248 1715 3248 1573 3249 1719 3249 1718 3249 1573 3250 1720 3250 1719 3250 1716 3251 1721 3251 1578 3251 1573 3252 1722 3252 1720 3252 1722 3253 1723 3253 1720 3253 1721 3254 1724 3254 1578 3254 1721 3255 1725 3255 1724 3255 1724 3256 1726 3256 1578 3256 1726 3257 1577 3257 1578 3257 1722 3258 1572 3258 1727 3258 1573 3259 1572 3259 1722 3259 1726 3260 1728 3260 1577 3260 1572 3261 1729 3261 1727 3261 1727 3262 1729 3262 1730 3262 1728 3263 1731 3263 1577 3263 1572 3264 1732 3264 1729 3264 1572 3265 1733 3265 1732 3265 1731 3266 1734 3266 1577 3266 1733 3267 1735 3267 1732 3267 1734 3268 1736 3268 1577 3268 1734 3269 1737 3269 1736 3269 1736 3270 1576 3270 1577 3270 1572 3271 1574 3271 1733 3271 1574 3272 1738 3272 1733 3272 1574 3273 1739 3273 1738 3273 1574 3274 1740 3274 1739 3274 1741 3275 1575 3275 1576 3275 1575 3276 1742 3276 1574 3276 1743 3277 1744 3277 1741 3277 1574 3278 1745 3278 1740 3278 1742 3279 1745 3279 1574 3279 1744 3280 1746 3280 1741 3280 1741 3281 1746 3281 1575 3281 1575 3282 1746 3282 1747 3282 1742 3283 1748 3283 1745 3283 1746 3284 1749 3284 1747 3284 1687 3285 1683 3285 1593 3285 1700 3286 1693 3286 1594 3286 1747 3287 1742 3287 1575 3287 1736 3288 1741 3288 1576 3288 1686 3289 1692 3289 1581 3289 1673 3290 1680 3290 1582 3290 1625 3291 1628 3291 1587 3291 1636 3292 1630 3292 1588 3292 1750 3293 1599 3293 1598 3293 1751 3294 1752 3294 1750 3294 1753 3295 1752 3295 1751 3295 1750 3296 1752 3296 1599 3296 1599 3297 1754 3297 1600 3297 1752 3298 1754 3298 1599 3298 1601 3299 1755 3299 1602 3299 1600 3300 1755 3300 1601 3300 1754 3301 1755 3301 1600 3301 1755 3302 1756 3302 1602 3302 1602 3303 1757 3303 1603 3303 1756 3304 1757 3304 1602 3304 1603 3305 1758 3305 1604 3305 1757 3306 1758 3306 1603 3306 1604 3307 1759 3307 1605 3307 1758 3308 1759 3308 1604 3308 1605 3309 1760 3309 1606 3309 1759 3310 1760 3310 1605 3310 1606 3311 1761 3311 1607 3311 1760 3312 1761 3312 1606 3312 1607 3313 1762 3313 1608 3313 1761 3314 1762 3314 1607 3314 1608 3315 1763 3315 1609 3315 1762 3316 1763 3316 1608 3316 1609 3317 1764 3317 1612 3317 1763 3318 1765 3318 1609 3318 1609 3319 1765 3319 1764 3319 1763 3320 1766 3320 1765 3320 1764 3321 1613 3321 1612 3321 1765 3322 1613 3322 1764 3322 1766 3323 1767 3323 1765 3323 1765 3324 1767 3324 1613 3324 1613 3325 1768 3325 1614 3325 1767 3326 1768 3326 1613 3326 1614 3327 1769 3327 1615 3327 1768 3328 1769 3328 1614 3328 1615 3329 1770 3329 1616 3329 1769 3330 1770 3330 1615 3330 1616 3331 1771 3331 1617 3331 1770 3332 1771 3332 1616 3332 1617 3333 1772 3333 1618 3333 1771 3334 1772 3334 1617 3334 1618 3335 1773 3335 1619 3335 1772 3336 1773 3336 1618 3336 1619 3337 1774 3337 1620 3337 1773 3338 1774 3338 1619 3338 1620 3339 1775 3339 1621 3339 1774 3340 1775 3340 1620 3340 1621 3341 1776 3341 1622 3341 1775 3342 1776 3342 1621 3342 1622 3343 1777 3343 1623 3343 1776 3344 1777 3344 1622 3344 1623 3345 1750 3345 1598 3345 1777 3346 1751 3346 1623 3346 1623 3347 1751 3347 1750 3347 1777 3348 1753 3348 1751 3348 1645 3349 1778 3349 1779 3349 1780 3350 1778 3350 1645 3350 1649 3351 1780 3351 1645 3351 1645 3352 1779 3352 1644 3352 1781 3353 1655 3353 1656 3353 1653 3354 1781 3354 1656 3354 1652 3355 1781 3355 1653 3355 1642 3356 1782 3356 1646 3356 1783 3357 1781 3357 1652 3357 1783 3358 1784 3358 1781 3358 1783 3359 1785 3359 1784 3359 1786 3360 1785 3360 1783 3360 1786 3361 1782 3361 1642 3361 1786 3362 1787 3362 1782 3362 1786 3363 1783 3363 1787 3363 1786 3364 1642 3364 1641 3364 1635 3365 1788 3365 1634 3365 1789 3366 1786 3366 1641 3366 1789 3367 1641 3367 1640 3367 1790 3368 1786 3368 1789 3368 1790 3369 1788 3369 1635 3369 1790 3370 1791 3370 1788 3370 1790 3371 1789 3371 1791 3371 1790 3372 1635 3372 1627 3372 1626 3373 1792 3373 1624 3373 1793 3374 1790 3374 1627 3374 1793 3375 1627 3375 1629 3375 1794 3376 1795 3376 1792 3376 1794 3377 1793 3377 1795 3377 1794 3378 1790 3378 1793 3378 1631 3379 1792 3379 1626 3379 1637 3380 1796 3380 1638 3380 1797 3381 1631 3381 1632 3381 1798 3382 1794 3382 1792 3382 1798 3383 1792 3383 1631 3383 1798 3384 1631 3384 1797 3384 1799 3385 1800 3385 1796 3385 1799 3386 1797 3386 1800 3386 1799 3387 1637 3387 1643 3387 1799 3388 1643 3388 1644 3388 1799 3389 1796 3389 1637 3389 1799 3390 1798 3390 1797 3390 1650 3391 1780 3391 1651 3391 1779 3392 1799 3392 1644 3392 1801 3393 1778 3393 1780 3393 1801 3394 1779 3394 1778 3394 1801 3395 1650 3395 1654 3395 1801 3396 1780 3396 1650 3396 1801 3397 1799 3397 1779 3397 1665 3398 1802 3398 1666 3398 1803 3399 1654 3399 1660 3399 1803 3400 1801 3400 1654 3400 1804 3401 1805 3401 1802 3401 1804 3402 1803 3402 1805 3402 1804 3403 1665 3403 1669 3403 1804 3404 1801 3404 1803 3404 1804 3405 1802 3405 1665 3405 1677 3406 1806 3406 1676 3406 1807 3407 1804 3407 1669 3407 1807 3408 1669 3408 1672 3408 1808 3409 1804 3409 1807 3409 1808 3410 1806 3410 1677 3410 1808 3411 1809 3411 1806 3411 1808 3412 1807 3412 1809 3412 1808 3413 1677 3413 1681 3413 1688 3414 1810 3414 1689 3414 1811 3415 1808 3415 1681 3415 1811 3416 1681 3416 1684 3416 1812 3417 1808 3417 1811 3417 1812 3418 1813 3418 1810 3418 1812 3419 1811 3419 1813 3419 1694 3420 1810 3420 1688 3420 1701 3421 1814 3421 1702 3421 1815 3422 1694 3422 1695 3422 1816 3423 1812 3423 1810 3423 1816 3424 1810 3424 1694 3424 1816 3425 1694 3425 1815 3425 1817 3426 1814 3426 1701 3426 1817 3427 1816 3427 1815 3427 1817 3428 1818 3428 1814 3428 1817 3429 1815 3429 1818 3429 1817 3430 1701 3430 1705 3430 1817 3431 1705 3431 1707 3431 1819 3432 1714 3432 1713 3432 1820 3433 1817 3433 1707 3433 1715 3434 1819 3434 1713 3434 1821 3435 1819 3435 1715 3435 1821 3436 1715 3436 1718 3436 1822 3437 1819 3437 1821 3437 1822 3438 1823 3438 1819 3438 1824 3439 1817 3439 1820 3439 1824 3440 1823 3440 1822 3440 1824 3441 1820 3441 1823 3441 1638 3442 1796 3442 1636 3442 1630 3443 1800 3443 1797 3443 1796 3444 1800 3444 1630 3444 1636 3445 1796 3445 1630 3445 1630 3446 1797 3446 1632 3446 1624 3447 1792 3447 1625 3447 1628 3448 1795 3448 1793 3448 1792 3449 1795 3449 1628 3449 1625 3450 1792 3450 1628 3450 1628 3451 1793 3451 1629 3451 1634 3452 1788 3452 1633 3452 1639 3453 1791 3453 1789 3453 1788 3454 1791 3454 1639 3454 1633 3455 1788 3455 1639 3455 1639 3456 1789 3456 1640 3456 1646 3457 1782 3457 1647 3457 1648 3458 1787 3458 1783 3458 1782 3459 1787 3459 1648 3459 1647 3460 1782 3460 1648 3460 1783 3461 1652 3461 1648 3461 1821 3462 1718 3462 1719 3462 1720 3463 1821 3463 1719 3463 1723 3464 1821 3464 1720 3464 1729 3465 1825 3465 1730 3465 1826 3466 1821 3466 1723 3466 1826 3467 1822 3467 1821 3467 1826 3468 1824 3468 1822 3468 1827 3469 1824 3469 1826 3469 1827 3470 1825 3470 1729 3470 1827 3471 1828 3471 1825 3471 1827 3472 1826 3472 1828 3472 1827 3473 1729 3473 1732 3473 1740 3474 1829 3474 1739 3474 1830 3475 1827 3475 1732 3475 1830 3476 1732 3476 1735 3476 1831 3477 1827 3477 1830 3477 1831 3478 1832 3478 1829 3478 1831 3479 1830 3479 1832 3479 1831 3480 1829 3480 1740 3480 1831 3481 1740 3481 1745 3481 1746 3482 1833 3482 1749 3482 1834 3483 1745 3483 1748 3483 1834 3484 1831 3484 1745 3484 1835 3485 1836 3485 1833 3485 1835 3486 1834 3486 1836 3486 1835 3487 1831 3487 1834 3487 1744 3488 1833 3488 1746 3488 1734 3489 1837 3489 1737 3489 1838 3490 1744 3490 1743 3490 1839 3491 1833 3491 1744 3491 1839 3492 1835 3492 1833 3492 1839 3493 1744 3493 1838 3493 1840 3494 1841 3494 1837 3494 1840 3495 1838 3495 1841 3495 1840 3496 1839 3496 1838 3496 1840 3497 1734 3497 1731 3497 1840 3498 1731 3498 1728 3498 1840 3499 1837 3499 1734 3499 1721 3500 1842 3500 1725 3500 1843 3501 1840 3501 1728 3501 1844 3502 1845 3502 1842 3502 1844 3503 1843 3503 1845 3503 1844 3504 1721 3504 1716 3504 1844 3505 1842 3505 1721 3505 1844 3506 1840 3506 1843 3506 1706 3507 1846 3507 1710 3507 1847 3508 1716 3508 1717 3508 1847 3509 1844 3509 1716 3509 1848 3510 1849 3510 1846 3510 1848 3511 1847 3511 1849 3511 1848 3512 1706 3512 1704 3512 1848 3513 1844 3513 1847 3513 1848 3514 1846 3514 1706 3514 1696 3515 1850 3515 1697 3515 1851 3516 1848 3516 1704 3516 1851 3517 1704 3517 1703 3517 1852 3518 1848 3518 1851 3518 1852 3519 1850 3519 1696 3519 1852 3520 1853 3520 1850 3520 1852 3521 1851 3521 1853 3521 1852 3522 1696 3522 1691 3522 1682 3523 1854 3523 1685 3523 1855 3524 1852 3524 1691 3524 1855 3525 1691 3525 1690 3525 1856 3526 1852 3526 1855 3526 1856 3527 1857 3527 1854 3527 1856 3528 1855 3528 1857 3528 1679 3529 1854 3529 1682 3529 1670 3530 1858 3530 1674 3530 1859 3531 1679 3531 1678 3531 1860 3532 1856 3532 1854 3532 1860 3533 1854 3533 1679 3533 1860 3534 1679 3534 1859 3534 1861 3535 1858 3535 1670 3535 1861 3536 1860 3536 1859 3536 1861 3537 1862 3537 1858 3537 1861 3538 1859 3538 1862 3538 1861 3539 1670 3539 1668 3539 1861 3540 1668 3540 1667 3540 1863 3541 1662 3541 1658 3541 1864 3542 1861 3542 1667 3542 1657 3543 1863 3543 1658 3543 1781 3544 1863 3544 1657 3544 1781 3545 1657 3545 1655 3545 1784 3546 1863 3546 1781 3546 1784 3547 1865 3547 1863 3547 1785 3548 1861 3548 1864 3548 1785 3549 1865 3549 1784 3549 1785 3550 1864 3550 1865 3550 1662 3551 1863 3551 1661 3551 1663 3552 1865 3552 1864 3552 1863 3553 1865 3553 1663 3553 1661 3554 1863 3554 1663 3554 1663 3555 1864 3555 1667 3555 1674 3556 1858 3556 1673 3556 1680 3557 1862 3557 1859 3557 1858 3558 1862 3558 1680 3558 1673 3559 1858 3559 1680 3559 1680 3560 1859 3560 1678 3560 1685 3561 1854 3561 1686 3561 1692 3562 1857 3562 1855 3562 1854 3563 1857 3563 1692 3563 1686 3564 1854 3564 1692 3564 1692 3565 1855 3565 1690 3565 1697 3566 1850 3566 1698 3566 1699 3567 1853 3567 1851 3567 1850 3568 1853 3568 1699 3568 1698 3569 1850 3569 1699 3569 1699 3570 1851 3570 1703 3570 1710 3571 1846 3571 1709 3571 1711 3572 1849 3572 1847 3572 1846 3573 1849 3573 1711 3573 1709 3574 1846 3574 1711 3574 1847 3575 1717 3575 1711 3575 1725 3576 1842 3576 1724 3576 1726 3577 1845 3577 1843 3577 1842 3578 1845 3578 1726 3578 1724 3579 1842 3579 1726 3579 1726 3580 1843 3580 1728 3580 1737 3581 1837 3581 1736 3581 1741 3582 1841 3582 1838 3582 1837 3583 1841 3583 1741 3583 1736 3584 1837 3584 1741 3584 1741 3585 1838 3585 1743 3585 1749 3586 1833 3586 1747 3586 1742 3587 1836 3587 1834 3587 1833 3588 1836 3588 1742 3588 1747 3589 1833 3589 1742 3589 1742 3590 1834 3590 1748 3590 1739 3591 1829 3591 1738 3591 1733 3592 1832 3592 1830 3592 1829 3593 1832 3593 1733 3593 1738 3594 1829 3594 1733 3594 1733 3595 1830 3595 1735 3595 1825 3596 1727 3596 1730 3596 1722 3597 1828 3597 1826 3597 1825 3598 1828 3598 1722 3598 1727 3599 1825 3599 1722 3599 1722 3600 1826 3600 1723 3600 1714 3601 1819 3601 1712 3601 1708 3602 1823 3602 1820 3602 1819 3603 1823 3603 1708 3603 1712 3604 1819 3604 1708 3604 1708 3605 1820 3605 1707 3605 1702 3606 1814 3606 1700 3606 1693 3607 1818 3607 1815 3607 1814 3608 1818 3608 1693 3608 1700 3609 1814 3609 1693 3609 1693 3610 1815 3610 1695 3610 1689 3611 1810 3611 1687 3611 1683 3612 1813 3612 1811 3612 1810 3613 1813 3613 1683 3613 1687 3614 1810 3614 1683 3614 1683 3615 1811 3615 1684 3615 1676 3616 1806 3616 1675 3616 1671 3617 1809 3617 1807 3617 1806 3618 1809 3618 1671 3618 1675 3619 1806 3619 1671 3619 1671 3620 1807 3620 1672 3620 1802 3621 1664 3621 1666 3621 1659 3622 1805 3622 1803 3622 1802 3623 1805 3623 1659 3623 1664 3624 1802 3624 1659 3624 1659 3625 1803 3625 1660 3625 1651 3626 1780 3626 1649 3626 1866 3627 1867 3627 1868 3627 1869 3628 1870 3628 1871 3628 1871 3629 1870 3629 1872 3629 1763 3630 1873 3630 1766 3630 1874 3631 1873 3631 1869 3631 1766 3632 1873 3632 1874 3632 1869 3633 1873 3633 1870 3633 1872 3634 1875 3634 1876 3634 1870 3635 1875 3635 1872 3635 1762 3636 1877 3636 1763 3636 1761 3637 1877 3637 1762 3637 1873 3638 1877 3638 1870 3638 1870 3639 1877 3639 1875 3639 1763 3640 1877 3640 1873 3640 1876 3641 1878 3641 1879 3641 1877 3642 1878 3642 1875 3642 1875 3643 1878 3643 1876 3643 1877 3644 1880 3644 1878 3644 1761 3645 1880 3645 1877 3645 1879 3646 1881 3646 1882 3646 1882 3647 1881 3647 1883 3647 1878 3648 1881 3648 1879 3648 1760 3649 1884 3649 1761 3649 1880 3650 1884 3650 1878 3650 1761 3651 1884 3651 1880 3651 1878 3652 1884 3652 1881 3652 1883 3653 1885 3653 1886 3653 1884 3654 1885 3654 1881 3654 1881 3655 1885 3655 1883 3655 1759 3656 1887 3656 1760 3656 1884 3657 1887 3657 1885 3657 1760 3658 1887 3658 1884 3658 1885 3659 1888 3659 1886 3659 1758 3660 1889 3660 1759 3660 1887 3661 1889 3661 1885 3661 1885 3662 1889 3662 1888 3662 1759 3663 1889 3663 1887 3663 1886 3664 1890 3664 1891 3664 1888 3665 1890 3665 1886 3665 1757 3666 1892 3666 1758 3666 1756 3667 1892 3667 1757 3667 1758 3668 1892 3668 1889 3668 1889 3669 1892 3669 1888 3669 1888 3670 1892 3670 1890 3670 1891 3671 1893 3671 1894 3671 1890 3672 1893 3672 1891 3672 1892 3673 1893 3673 1890 3673 1892 3674 1895 3674 1893 3674 1756 3675 1895 3675 1892 3675 1895 3676 1896 3676 1893 3676 1894 3677 1896 3677 1897 3677 1893 3678 1896 3678 1894 3678 1756 3679 1898 3679 1895 3679 1755 3680 1898 3680 1756 3680 1895 3681 1898 3681 1896 3681 1896 3682 1899 3682 1897 3682 1897 3683 1899 3683 1900 3683 1898 3684 1901 3684 1896 3684 1896 3685 1901 3685 1899 3685 1755 3686 1901 3686 1898 3686 1754 3687 1901 3687 1755 3687 1752 3688 1901 3688 1754 3688 1901 3689 1902 3689 1899 3689 1899 3690 1902 3690 1900 3690 1900 3691 1902 3691 1866 3691 1866 3692 1902 3692 1867 3692 1753 3693 1903 3693 1752 3693 1752 3694 1903 3694 1901 3694 1901 3695 1903 3695 1902 3695 1902 3696 1903 3696 1867 3696 1867 3697 1903 3697 1904 3697 1904 3698 1903 3698 1753 3698 1867 3699 1905 3699 1868 3699 1868 3700 1905 3700 1906 3700 1777 3701 1907 3701 1753 3701 1904 3702 1907 3702 1867 3702 1753 3703 1907 3703 1904 3703 1867 3704 1907 3704 1905 3704 1906 3705 1908 3705 1909 3705 1905 3706 1908 3706 1906 3706 1776 3707 1910 3707 1777 3707 1775 3708 1910 3708 1776 3708 1905 3709 1910 3709 1908 3709 1777 3710 1910 3710 1907 3710 1907 3711 1910 3711 1905 3711 1909 3712 1911 3712 1912 3712 1912 3713 1911 3713 1913 3713 1908 3714 1911 3714 1909 3714 1908 3715 1914 3715 1911 3715 1775 3716 1914 3716 1910 3716 1910 3717 1914 3717 1908 3717 1913 3718 1915 3718 1916 3718 1911 3719 1915 3719 1913 3719 1774 3720 1917 3720 1775 3720 1911 3721 1917 3721 1915 3721 1914 3722 1917 3722 1911 3722 1775 3723 1917 3723 1914 3723 1915 3724 1918 3724 1916 3724 1773 3725 1919 3725 1774 3725 1915 3726 1919 3726 1918 3726 1774 3727 1919 3727 1917 3727 1917 3728 1919 3728 1915 3728 1916 3729 1920 3729 1921 3729 1921 3730 1920 3730 1922 3730 1918 3731 1920 3731 1916 3731 1772 3732 1923 3732 1773 3732 1771 3733 1923 3733 1772 3733 1919 3734 1923 3734 1918 3734 1773 3735 1923 3735 1919 3735 1918 3736 1923 3736 1920 3736 1920 3737 1924 3737 1922 3737 1923 3738 1924 3738 1920 3738 1771 3739 1925 3739 1923 3739 1923 3740 1925 3740 1924 3740 1922 3741 1926 3741 1927 3741 1924 3742 1926 3742 1922 3742 1924 3743 1928 3743 1926 3743 1770 3744 1928 3744 1771 3744 1771 3745 1928 3745 1925 3745 1925 3746 1928 3746 1924 3746 1927 3747 1929 3747 1930 3747 1926 3748 1929 3748 1927 3748 1926 3749 1931 3749 1929 3749 1769 3750 1931 3750 1770 3750 1928 3751 1931 3751 1926 3751 1770 3752 1931 3752 1928 3752 1929 3753 1932 3753 1930 3753 1930 3754 1932 3754 1933 3754 1769 3755 1934 3755 1931 3755 1929 3756 1934 3756 1932 3756 1768 3757 1934 3757 1769 3757 1931 3758 1934 3758 1929 3758 1871 3759 1935 3759 1869 3759 1932 3760 1935 3760 1933 3760 1934 3761 1935 3761 1932 3761 1933 3762 1935 3762 1936 3762 1936 3763 1935 3763 1871 3763 1869 3764 1937 3764 1874 3764 1874 3765 1937 3765 1766 3765 1935 3766 1937 3766 1869 3766 1767 3767 1937 3767 1768 3767 1766 3768 1937 3768 1767 3768 1768 3769 1937 3769 1934 3769 1934 3770 1937 3770 1935 3770 1798 3771 1938 3771 1794 3771 1939 3772 1938 3772 1798 3772 1940 3773 1790 3773 1794 3773 1940 3774 1794 3774 1938 3774 1799 3775 1939 3775 1798 3775 1941 3776 1939 3776 1799 3776 1942 3777 1786 3777 1790 3777 1942 3778 1790 3778 1940 3778 1801 3779 1941 3779 1799 3779 1943 3780 1941 3780 1801 3780 1944 3781 1785 3781 1786 3781 1944 3782 1786 3782 1942 3782 1945 3783 1801 3783 1804 3783 1945 3784 1943 3784 1801 3784 1946 3785 1861 3785 1785 3785 1946 3786 1785 3786 1944 3786 1947 3787 1804 3787 1808 3787 1947 3788 1945 3788 1804 3788 1948 3789 1860 3789 1861 3789 1948 3790 1861 3790 1946 3790 1949 3791 1947 3791 1808 3791 1950 3792 1860 3792 1948 3792 1812 3793 1949 3793 1808 3793 1856 3794 1860 3794 1950 3794 1951 3795 1949 3795 1812 3795 1952 3796 1856 3796 1950 3796 1816 3797 1951 3797 1812 3797 1852 3798 1856 3798 1952 3798 1953 3799 1951 3799 1816 3799 1954 3800 1852 3800 1952 3800 1848 3801 1852 3801 1954 3801 1817 3802 1953 3802 1816 3802 1955 3803 1953 3803 1817 3803 1956 3804 1848 3804 1954 3804 1844 3805 1848 3805 1956 3805 1824 3806 1955 3806 1817 3806 1957 3807 1955 3807 1824 3807 1840 3808 1844 3808 1956 3808 1840 3809 1956 3809 1958 3809 1827 3810 1957 3810 1824 3810 1959 3811 1957 3811 1827 3811 1839 3812 1958 3812 1960 3812 1839 3813 1840 3813 1958 3813 1831 3814 1959 3814 1827 3814 1961 3815 1959 3815 1831 3815 1835 3816 1960 3816 1961 3816 1835 3817 1839 3817 1960 3817 1835 3818 1961 3818 1831 3818 1962 3819 1963 3819 1964 3819 1871 3820 1872 3820 1965 3820 1966 3821 1967 3821 1968 3821 1866 3822 1868 3822 1969 3822 1970 3823 1971 3823 1962 3823 1972 3824 1971 3824 1970 3824 1963 3825 1971 3825 1973 3825 1962 3826 1971 3826 1963 3826 1974 3827 1975 3827 1972 3827 1965 3828 1975 3828 1974 3828 1872 3829 1975 3829 1965 3829 1972 3830 1975 3830 1971 3830 1971 3831 1976 3831 1973 3831 1876 3832 1977 3832 1872 3832 1879 3833 1977 3833 1876 3833 1975 3834 1977 3834 1971 3834 1971 3835 1977 3835 1976 3835 1872 3836 1977 3836 1975 3836 1973 3837 1978 3837 1979 3837 1979 3838 1978 3838 1980 3838 1976 3839 1978 3839 1973 3839 1976 3840 1981 3840 1978 3840 1879 3841 1981 3841 1977 3841 1977 3842 1981 3842 1976 3842 1978 3843 1982 3843 1980 3843 1882 3844 1983 3844 1879 3844 1879 3845 1983 3845 1981 3845 1981 3846 1983 3846 1978 3846 1978 3847 1983 3847 1982 3847 1980 3848 1984 3848 1985 3848 1982 3849 1984 3849 1980 3849 1883 3850 1986 3850 1882 3850 1886 3851 1986 3851 1883 3851 1882 3852 1986 3852 1983 3852 1982 3853 1986 3853 1984 3853 1983 3854 1986 3854 1982 3854 1985 3855 1987 3855 1988 3855 1984 3856 1987 3856 1985 3856 1986 3857 1987 3857 1984 3857 1886 3858 1989 3858 1986 3858 1891 3859 1989 3859 1886 3859 1986 3860 1989 3860 1987 3860 1988 3861 1990 3861 1991 3861 1987 3862 1990 3862 1988 3862 1989 3863 1990 3863 1987 3863 1989 3864 1992 3864 1990 3864 1891 3865 1992 3865 1989 3865 1991 3866 1993 3866 1994 3866 1990 3867 1993 3867 1991 3867 1894 3868 1995 3868 1891 3868 1990 3869 1995 3869 1993 3869 1992 3870 1995 3870 1990 3870 1891 3871 1995 3871 1992 3871 1994 3872 1996 3872 1997 3872 1993 3873 1996 3873 1994 3873 1897 3874 1998 3874 1894 3874 1894 3875 1998 3875 1995 3875 1995 3876 1998 3876 1993 3876 1993 3877 1998 3877 1996 3877 1996 3878 1999 3878 1997 3878 1998 3879 1999 3879 1996 3879 1997 3880 1999 3880 2000 3880 1900 3881 2001 3881 1897 3881 1998 3882 2001 3882 1999 3882 1897 3883 2001 3883 1998 3883 1999 3884 2002 3884 2000 3884 2000 3885 2002 3885 1966 3885 1967 3886 2002 3886 2003 3886 2003 3887 2002 3887 2004 3887 1966 3888 2002 3888 1967 3888 1969 3889 2005 3889 1866 3889 1866 3890 2005 3890 1900 3890 1900 3891 2005 3891 2001 3891 2001 3892 2005 3892 1999 3892 2002 3893 2005 3893 2004 3893 2004 3894 2005 3894 2006 3894 2006 3895 2005 3895 1969 3895 1999 3896 2005 3896 2002 3896 1967 3897 2007 3897 1968 3897 1868 3898 1906 3898 1969 3898 2008 3899 1962 3899 1964 3899 1936 3900 1871 3900 1965 3900 2003 3901 2009 3901 1967 3901 2004 3902 2009 3902 2003 3902 1967 3903 2009 3903 2007 3903 2004 3904 2010 3904 2009 3904 2006 3905 2010 3905 2004 3905 1969 3906 2010 3906 2006 3906 1906 3907 2010 3907 1969 3907 2007 3908 2011 3908 2012 3908 2009 3909 2011 3909 2007 3909 1909 3910 2013 3910 1906 3910 1912 3911 2013 3911 1909 3911 2009 3912 2013 3912 2011 3912 1906 3913 2013 3913 2010 3913 2010 3914 2013 3914 2009 3914 2012 3915 2014 3915 2015 3915 2011 3916 2014 3916 2012 3916 2011 3917 2016 3917 2014 3917 1912 3918 2016 3918 2013 3918 2013 3919 2016 3919 2011 3919 2015 3920 2017 3920 2018 3920 2018 3921 2017 3921 2019 3921 2014 3922 2017 3922 2015 3922 1913 3923 2020 3923 1912 3923 1912 3924 2020 3924 2016 3924 2016 3925 2020 3925 2014 3925 2014 3926 2020 3926 2017 3926 2017 3927 2021 3927 2019 3927 1913 3928 2022 3928 2020 3928 1916 3929 2022 3929 1913 3929 1921 3930 2022 3930 1916 3930 2017 3931 2022 3931 2021 3931 2020 3932 2022 3932 2017 3932 2021 3933 2023 3933 2019 3933 2019 3934 2023 3934 2024 3934 2022 3935 2025 3935 2021 3935 2021 3936 2025 3936 2023 3936 1921 3937 2025 3937 2022 3937 2024 3938 2026 3938 2027 3938 2027 3939 2026 3939 2028 3939 2025 3940 2026 3940 2023 3940 2023 3941 2026 3941 2024 3941 1922 3942 2029 3942 1921 3942 1927 3943 2029 3943 1922 3943 1921 3944 2029 3944 2025 3944 2025 3945 2029 3945 2026 3945 2026 3946 2030 3946 2028 3946 2029 3947 2030 3947 2026 3947 2029 3948 2031 3948 2030 3948 1930 3949 2031 3949 1927 3949 1927 3950 2031 3950 2029 3950 2028 3951 2032 3951 2033 3951 2033 3952 2032 3952 2034 3952 2030 3953 2032 3953 2028 3953 2030 3954 2035 3954 2032 3954 2031 3955 2035 3955 2030 3955 1930 3956 2035 3956 2031 3956 2032 3957 2036 3957 2034 3957 1933 3958 2037 3958 1930 3958 1930 3959 2037 3959 2035 3959 2035 3960 2037 3960 2032 3960 2032 3961 2037 3961 2036 3961 1962 3962 2038 3962 1970 3962 1970 3963 2038 3963 1972 3963 2036 3964 2038 3964 2034 3964 2034 3965 2038 3965 2008 3965 2008 3966 2038 3966 1962 3966 1972 3967 2039 3967 1974 3967 1974 3968 2039 3968 1965 3968 1965 3969 2039 3969 1936 3969 1936 3970 2039 3970 1933 3970 1933 3971 2039 3971 2037 3971 2037 3972 2039 3972 2036 3972 2036 3973 2039 3973 2038 3973 2038 3974 2039 3974 1972 3974 2040 3975 2041 3975 1955 3975 2040 3976 1955 3976 1957 3976 2042 3977 1957 3977 1959 3977 2042 3978 2040 3978 1957 3978 2043 3979 1959 3979 1961 3979 2043 3980 2042 3980 1959 3980 2044 3981 1961 3981 1960 3981 2044 3982 2043 3982 1961 3982 2045 3983 1960 3983 1958 3983 2045 3984 2044 3984 1960 3984 2046 3985 2045 3985 1958 3985 2047 3986 1958 3986 1956 3986 2047 3987 2046 3987 1958 3987 2048 3988 2047 3988 1956 3988 2049 3989 1956 3989 1954 3989 2049 3990 2048 3990 1956 3990 2050 3991 1954 3991 1952 3991 2050 3992 2049 3992 1954 3992 2051 3993 1952 3993 1950 3993 2051 3994 2050 3994 1952 3994 2052 3995 1950 3995 1948 3995 2052 3996 2051 3996 1950 3996 2053 3997 2052 3997 1948 3997 2054 3998 1948 3998 1946 3998 2054 3999 2053 3999 1948 3999 2055 4000 1946 4000 1944 4000 2055 4001 2054 4001 1946 4001 2056 4002 2055 4002 1944 4002 2057 4003 2056 4003 1944 4003 2057 4004 1944 4004 1942 4004 2058 4005 1942 4005 1940 4005 2058 4006 2057 4006 1942 4006 2059 4007 1940 4007 1938 4007 2059 4008 2058 4008 1940 4008 2060 4009 2059 4009 1938 4009 2061 4010 1938 4010 1939 4010 2061 4011 2060 4011 1938 4011 2062 4012 1939 4012 1941 4012 2062 4013 2061 4013 1939 4013 2063 4014 2062 4014 1941 4014 2064 4015 1941 4015 1943 4015 2064 4016 2063 4016 1941 4016 2065 4017 1943 4017 1945 4017 2065 4018 2064 4018 1943 4018 2066 4019 1945 4019 1947 4019 2066 4020 2065 4020 1945 4020 2067 4021 2066 4021 1947 4021 2068 4022 1947 4022 1949 4022 2068 4023 2067 4023 1947 4023 2069 4024 1949 4024 1951 4024 2069 4025 2068 4025 1949 4025 2070 4026 2069 4026 1951 4026 2071 4027 1951 4027 1953 4027 2071 4028 2070 4028 1951 4028 2072 4029 1953 4029 1955 4029 2072 4030 2071 4030 1953 4030 2041 4031 2072 4031 1955 4031 2073 4032 2074 4032 2075 4032 2076 4033 1966 4033 1968 4033 2077 4034 1964 4034 1963 4034 2077 4035 2078 4035 1964 4035 2079 4036 2075 4036 2078 4036 2079 4037 2073 4037 2075 4037 2079 4038 2078 4038 2077 4038 2080 4039 1963 4039 1973 4039 2080 4040 1973 4040 1979 4040 2080 4041 2077 4041 1963 4041 2081 4042 2082 4042 2073 4042 2081 4043 2083 4043 2082 4043 2081 4044 2077 4044 2080 4044 2081 4045 2073 4045 2079 4045 2081 4046 2079 4046 2077 4046 2084 4047 2080 4047 1979 4047 2084 4048 2081 4048 2080 4048 2085 4049 2081 4049 2084 4049 2085 4050 2083 4050 2081 4050 2086 4051 1979 4051 1980 4051 2086 4052 2084 4052 1979 4052 2087 4053 2088 4053 2083 4053 2087 4054 2084 4054 2086 4054 2087 4055 2083 4055 2085 4055 2087 4056 2085 4056 2084 4056 2089 4057 1980 4057 1985 4057 2089 4058 2086 4058 1980 4058 2089 4059 2087 4059 2086 4059 2090 4060 2091 4060 2088 4060 2090 4061 2092 4061 2091 4061 2090 4062 2088 4062 2087 4062 2090 4063 2087 4063 2089 4063 2093 4064 1985 4064 1988 4064 2093 4065 2089 4065 1985 4065 2093 4066 2090 4066 2089 4066 2094 4067 2090 4067 2093 4067 2094 4068 2092 4068 2090 4068 2095 4069 1988 4069 1991 4069 2095 4070 2094 4070 2093 4070 2095 4071 2093 4071 1988 4071 2096 4072 2097 4072 2092 4072 2096 4073 2092 4073 2094 4073 2096 4074 2094 4074 2095 4074 2098 4075 1991 4075 1994 4075 2098 4076 2095 4076 1991 4076 2099 4077 2095 4077 2098 4077 2099 4078 2100 4078 2097 4078 2099 4079 2097 4079 2096 4079 2099 4080 2096 4080 2095 4080 2101 4081 1994 4081 1997 4081 2101 4082 2098 4082 1994 4082 2102 4083 2098 4083 2101 4083 2102 4084 2103 4084 2100 4084 2102 4085 2100 4085 2099 4085 2102 4086 2099 4086 2098 4086 2104 4087 1997 4087 2000 4087 2104 4088 2101 4088 1997 4088 2105 4089 2103 4089 2102 4089 2105 4090 2101 4090 2104 4090 2105 4091 2102 4091 2101 4091 2105 4092 2106 4092 2103 4092 2107 4093 2000 4093 1966 4093 2107 4094 2104 4094 2000 4094 2107 4095 1966 4095 2076 4095 2108 4096 2105 4096 2104 4096 2108 4097 2104 4097 2107 4097 2108 4098 2076 4098 2109 4098 2108 4099 2109 4099 2110 4099 2108 4100 2106 4100 2105 4100 2108 4101 2107 4101 2076 4101 2108 4102 2111 4102 2106 4102 2108 4103 2110 4103 2111 4103 2007 4104 2076 4104 1968 4104 2112 4105 2109 4105 2076 4105 2112 4106 2076 4106 2007 4106 2113 4107 2110 4107 2109 4107 2113 4108 2114 4108 2110 4108 2113 4109 2109 4109 2112 4109 2115 4110 2007 4110 2012 4110 2115 4111 2112 4111 2007 4111 2116 4112 2117 4112 2114 4112 2116 4113 2118 4113 2117 4113 2116 4114 2112 4114 2115 4114 2116 4115 2114 4115 2113 4115 2116 4116 2113 4116 2112 4116 2119 4117 2012 4117 2015 4117 2119 4118 2115 4118 2012 4118 2120 4119 2115 4119 2119 4119 2120 4120 2118 4120 2116 4120 2120 4121 2116 4121 2115 4121 2121 4122 2015 4122 2018 4122 2121 4123 2119 4123 2015 4123 2122 4124 2123 4124 2118 4124 2122 4125 2124 4125 2123 4125 2122 4126 2119 4126 2121 4126 2122 4127 2118 4127 2120 4127 2122 4128 2120 4128 2119 4128 2125 4129 2018 4129 2019 4129 2125 4130 2121 4130 2018 4130 2126 4131 2127 4131 2124 4131 2126 4132 2121 4132 2125 4132 2126 4133 2122 4133 2121 4133 2126 4134 2124 4134 2122 4134 2128 4135 2019 4135 2024 4135 2128 4136 2024 4136 2027 4136 2128 4137 2125 4137 2019 4137 2128 4138 2126 4138 2125 4138 2129 4139 2127 4139 2126 4139 2129 4140 2126 4140 2128 4140 2130 4141 2128 4141 2027 4141 2131 4142 2132 4142 2127 4142 2131 4143 2127 4143 2129 4143 2131 4144 2129 4144 2128 4144 2131 4145 2128 4145 2130 4145 2133 4146 2027 4146 2028 4146 2133 4147 2130 4147 2027 4147 2133 4148 2131 4148 2130 4148 2134 4149 2131 4149 2133 4149 2134 4150 2135 4150 2132 4150 2134 4151 2132 4151 2131 4151 2136 4152 2028 4152 2033 4152 2136 4153 2133 4153 2028 4153 2137 4154 2133 4154 2136 4154 2137 4155 2138 4155 2135 4155 2137 4156 2135 4156 2134 4156 2137 4157 2134 4157 2133 4157 2139 4158 2033 4158 2034 4158 2139 4159 2136 4159 2033 4159 2140 4160 2138 4160 2137 4160 2140 4161 2136 4161 2139 4161 2140 4162 2137 4162 2136 4162 2140 4163 2141 4163 2138 4163 2142 4164 2139 4164 2034 4164 2142 4165 2034 4165 2008 4165 2142 4166 2008 4166 1964 4166 2142 4167 1964 4167 2078 4167 2143 4168 2140 4168 2139 4168 2143 4169 2139 4169 2142 4169 2143 4170 2141 4170 2140 4170 2143 4171 2078 4171 2075 4171 2143 4172 2142 4172 2078 4172 2143 4173 2075 4173 2074 4173 2143 4174 2144 4174 2141 4174 2143 4175 2074 4175 2144 4175 2055 4176 2056 4176 2145 4176 2051 4177 2052 4177 2146 4177 2041 4178 2040 4178 2147 4178 2148 4179 2149 4179 2150 4179 2148 4180 2151 4180 2149 4180 2148 4181 2145 4181 2151 4181 2148 4182 2055 4182 2145 4182 2152 4183 2148 4183 2150 4183 2152 4184 2150 4184 2054 4184 2153 4185 2054 4185 2055 4185 2153 4186 2055 4186 2148 4186 2153 4187 2152 4187 2054 4187 2153 4188 2148 4188 2152 4188 2154 4189 2150 4189 2155 4189 2154 4190 2054 4190 2150 4190 2156 4191 2053 4191 2054 4191 2156 4192 2052 4192 2053 4192 2156 4193 2154 4193 2155 4193 2156 4194 2054 4194 2154 4194 2157 4195 2155 4195 2146 4195 2157 4196 2052 4196 2156 4196 2157 4197 2146 4197 2052 4197 2157 4198 2156 4198 2155 4198 2158 4199 2146 4199 2159 4199 2158 4200 2051 4200 2146 4200 2160 4201 2158 4201 2159 4201 2161 4202 2158 4202 2160 4202 2161 4203 2050 4203 2051 4203 2161 4204 2051 4204 2158 4204 2162 4205 2159 4205 2163 4205 2162 4206 2160 4206 2159 4206 2162 4207 2161 4207 2160 4207 2162 4208 2050 4208 2161 4208 2164 4209 2162 4209 2163 4209 2165 4210 2049 4210 2050 4210 2165 4211 2050 4211 2162 4211 2165 4212 2162 4212 2164 4212 2166 4213 2165 4213 2164 4213 2166 4214 2163 4214 2167 4214 2166 4215 2164 4215 2163 4215 2166 4216 2049 4216 2165 4216 2168 4217 2166 4217 2167 4217 2168 4218 2167 4218 2048 4218 2169 4219 2166 4219 2168 4219 2169 4220 2048 4220 2049 4220 2169 4221 2049 4221 2166 4221 2169 4222 2168 4222 2048 4222 2170 4223 2167 4223 2171 4223 2170 4224 2047 4224 2048 4224 2170 4225 2048 4225 2167 4225 2172 4226 2170 4226 2171 4226 2172 4227 2171 4227 2046 4227 2173 4228 2047 4228 2170 4228 2173 4229 2170 4229 2172 4229 2173 4230 2172 4230 2046 4230 2173 4231 2046 4231 2047 4231 2174 4232 2171 4232 2175 4232 2174 4233 2045 4233 2046 4233 2174 4234 2046 4234 2171 4234 2176 4235 2174 4235 2175 4235 2177 4236 2044 4236 2045 4236 2177 4237 2045 4237 2174 4237 2177 4238 2174 4238 2176 4238 2178 4239 2175 4239 2179 4239 2178 4240 2044 4240 2177 4240 2178 4241 2176 4241 2175 4241 2178 4242 2177 4242 2176 4242 2180 4243 2178 4243 2179 4243 2181 4244 2043 4244 2044 4244 2181 4245 2044 4245 2178 4245 2181 4246 2178 4246 2180 4246 2182 4247 2179 4247 2183 4247 2182 4248 2043 4248 2181 4248 2182 4249 2180 4249 2179 4249 2182 4250 2181 4250 2180 4250 2184 4251 2182 4251 2183 4251 2185 4252 2042 4252 2043 4252 2185 4253 2043 4253 2182 4253 2185 4254 2182 4254 2184 4254 2186 4255 2183 4255 2187 4255 2186 4256 2042 4256 2185 4256 2186 4257 2184 4257 2183 4257 2186 4258 2185 4258 2184 4258 2188 4259 2186 4259 2187 4259 2189 4260 2040 4260 2042 4260 2189 4261 2042 4261 2186 4261 2189 4262 2186 4262 2188 4262 2190 4263 2147 4263 2040 4263 2190 4264 2187 4264 2191 4264 2190 4265 2191 4265 2192 4265 2190 4266 2192 4266 2147 4266 2190 4267 2040 4267 2189 4267 2190 4268 2188 4268 2187 4268 2190 4269 2189 4269 2188 4269 2069 4270 2070 4270 2193 4270 2194 4271 2064 4271 2195 4271 2061 4272 2062 4272 2196 4272 2197 4273 2058 4273 2198 4273 2149 4274 2057 4274 2197 4274 2151 4275 2057 4275 2149 4275 2145 4276 2057 4276 2151 4276 2056 4277 2057 4277 2145 4277 2199 4278 2192 4278 2191 4278 2199 4279 2147 4279 2192 4279 2199 4280 2041 4280 2147 4280 2199 4281 2191 4281 2200 4281 2199 4282 2072 4282 2041 4282 2201 4283 2199 4283 2200 4283 2202 4284 2071 4284 2072 4284 2202 4285 2072 4285 2199 4285 2202 4286 2199 4286 2201 4286 2203 4287 2202 4287 2201 4287 2203 4288 2201 4288 2200 4288 2203 4289 2071 4289 2202 4289 2204 4290 2200 4290 2193 4290 2204 4291 2203 4291 2200 4291 2205 4292 2070 4292 2071 4292 2205 4293 2193 4293 2070 4293 2205 4294 2204 4294 2193 4294 2205 4295 2203 4295 2204 4295 2205 4296 2071 4296 2203 4296 2206 4297 2193 4297 2207 4297 2206 4298 2069 4298 2193 4298 2208 4299 2206 4299 2207 4299 2209 4300 2068 4300 2069 4300 2209 4301 2206 4301 2208 4301 2209 4302 2069 4302 2206 4302 2210 4303 2207 4303 2211 4303 2210 4304 2208 4304 2207 4304 2210 4305 2209 4305 2208 4305 2210 4306 2068 4306 2209 4306 2212 4307 2210 4307 2211 4307 2212 4308 2211 4308 2067 4308 2213 4309 2067 4309 2068 4309 2213 4310 2068 4310 2210 4310 2213 4311 2210 4311 2212 4311 2213 4312 2212 4312 2067 4312 2214 4313 2211 4313 2215 4313 2214 4314 2066 4314 2067 4314 2214 4315 2067 4315 2211 4315 2216 4316 2214 4316 2215 4316 2217 4317 2066 4317 2214 4317 2217 4318 2065 4318 2066 4318 2217 4319 2214 4319 2216 4319 2218 4320 2216 4320 2215 4320 2218 4321 2215 4321 2195 4321 2218 4322 2065 4322 2217 4322 2218 4323 2217 4323 2216 4323 2219 4324 2218 4324 2195 4324 2219 4325 2195 4325 2064 4325 2220 4326 2065 4326 2218 4326 2220 4327 2219 4327 2064 4327 2220 4328 2064 4328 2065 4328 2220 4329 2218 4329 2219 4329 2221 4330 2064 4330 2194 4330 2222 4331 2064 4331 2221 4331 2222 4332 2063 4332 2064 4332 2223 4333 2194 4333 2196 4333 2223 4334 2221 4334 2194 4334 2224 4335 2223 4335 2196 4335 2224 4336 2222 4336 2221 4336 2224 4337 2063 4337 2222 4337 2224 4338 2062 4338 2063 4338 2224 4339 2221 4339 2223 4339 2224 4340 2196 4340 2062 4340 2225 4341 2060 4341 2061 4341 2225 4342 2061 4342 2196 4342 2226 4343 2196 4343 2227 4343 2226 4344 2225 4344 2196 4344 2228 4345 2059 4345 2060 4345 2228 4346 2060 4346 2225 4346 2228 4347 2226 4347 2227 4347 2228 4348 2225 4348 2226 4348 2229 4349 2227 4349 2198 4349 2229 4350 2059 4350 2228 4350 2229 4351 2228 4351 2227 4351 2230 4352 2229 4352 2198 4352 2230 4353 2198 4353 2058 4353 2231 4354 2058 4354 2059 4354 2231 4355 2059 4355 2229 4355 2231 4356 2229 4356 2230 4356 2231 4357 2230 4357 2058 4357 2232 4358 2197 4358 2057 4358 2232 4359 2058 4359 2197 4359 2233 4360 2057 4360 2058 4360 2233 4361 2232 4361 2057 4361 2233 4362 2058 4362 2232 4362 2141 4363 2234 4363 2138 4363 2138 4364 2234 4364 2235 4364 2138 4365 2236 4365 2135 4365 2235 4366 2236 4366 2138 4366 2141 4367 2237 4367 2234 4367 2236 4368 2238 4368 2135 4368 2141 4369 2239 4369 2237 4369 2238 4370 2240 4370 2135 4370 2240 4371 2132 4371 2135 4371 2141 4372 2144 4372 2239 4372 2144 4373 2241 4373 2239 4373 2240 4374 2242 4374 2132 4374 2144 4375 2243 4375 2241 4375 2144 4376 2074 4376 2243 4376 2244 4377 2127 4377 2242 4377 2242 4378 2127 4378 2132 4378 2074 4379 2245 4379 2243 4379 2244 4380 2246 4380 2127 4380 2074 4381 2073 4381 2245 4381 2246 4382 2124 4382 2127 4382 2246 4383 2247 4383 2124 4383 2073 4384 2248 4384 2245 4384 2247 4385 2249 4385 2124 4385 2073 4386 2250 4386 2248 4386 2249 4387 2123 4387 2124 4387 2073 4388 2082 4388 2250 4388 2249 4389 2251 4389 2123 4389 2082 4390 2252 4390 2250 4390 2251 4391 2253 4391 2123 4391 2082 4392 2254 4392 2252 4392 2253 4393 2118 4393 2123 4393 2082 4394 2083 4394 2254 4394 2253 4395 2255 4395 2118 4395 2083 4396 2256 4396 2254 4396 2257 4397 2117 4397 2255 4397 2255 4398 2117 4398 2118 4398 2083 4399 2088 4399 2256 4399 2256 4400 2088 4400 2258 4400 2257 4401 2259 4401 2117 4401 2088 4402 2260 4402 2258 4402 2261 4403 2114 4403 2259 4403 2259 4404 2114 4404 2117 4404 2260 4405 2091 4405 2262 4405 2088 4406 2091 4406 2260 4406 2091 4407 2263 4407 2262 4407 2261 4408 2264 4408 2114 4408 2091 4409 2092 4409 2263 4409 2264 4410 2110 4410 2114 4410 2092 4411 2265 4411 2263 4411 2264 4412 2266 4412 2110 4412 2092 4413 2267 4413 2265 4413 2092 4414 2097 4414 2267 4414 2266 4415 2111 4415 2110 4415 2268 4416 2111 4416 2266 4416 2097 4417 2269 4417 2267 4417 2268 4418 2270 4418 2111 4418 2269 4419 2100 4419 2271 4419 2271 4420 2100 4420 2272 4420 2097 4421 2100 4421 2269 4421 2273 4422 2106 4422 2274 4422 2274 4423 2106 4423 2270 4423 2270 4424 2106 4424 2111 4424 2272 4425 2103 4425 2275 4425 2275 4426 2103 4426 2273 4426 2273 4427 2103 4427 2106 4427 2100 4428 2103 4428 2272 4428 2276 4429 2277 4429 2278 4429 2279 4430 2280 4430 2281 4430 2279 4431 2282 4431 2280 4431 2279 4432 2283 4432 2282 4432 2284 4433 2285 4433 2283 4433 2284 4434 2286 4434 2285 4434 2284 4435 2283 4435 2279 4435 2287 4436 2281 4436 2288 4436 2287 4437 2284 4437 2279 4437 2287 4438 2279 4438 2281 4438 2289 4439 2150 4439 2149 4439 2289 4440 2290 4440 2286 4440 2289 4441 2149 4441 2290 4441 2289 4442 2286 4442 2284 4442 2291 4443 2284 4443 2287 4443 2292 4444 2288 4444 2293 4444 2292 4445 2293 4445 2294 4445 2292 4446 2287 4446 2288 4446 2295 4447 2155 4447 2150 4447 2295 4448 2289 4448 2284 4448 2295 4449 2284 4449 2291 4449 2295 4450 2150 4450 2289 4450 2296 4451 2291 4451 2287 4451 2296 4452 2287 4452 2292 4452 2297 4453 2292 4453 2294 4453 2298 4454 2146 4454 2155 4454 2298 4455 2155 4455 2295 4455 2298 4456 2291 4456 2296 4456 2298 4457 2295 4457 2291 4457 2299 4458 2296 4458 2292 4458 2299 4459 2292 4459 2297 4459 2300 4460 2294 4460 2301 4460 2300 4461 2297 4461 2294 4461 2302 4462 2159 4462 2146 4462 2302 4463 2296 4463 2299 4463 2302 4464 2298 4464 2296 4464 2302 4465 2146 4465 2298 4465 2303 4466 2299 4466 2297 4466 2303 4467 2297 4467 2300 4467 2304 4468 2301 4468 2305 4468 2304 4469 2300 4469 2301 4469 2306 4470 2163 4470 2159 4470 2306 4471 2299 4471 2303 4471 2306 4472 2302 4472 2299 4472 2306 4473 2159 4473 2302 4473 2307 4474 2300 4474 2304 4474 2307 4475 2306 4475 2303 4475 2307 4476 2303 4476 2300 4476 2308 4477 2305 4477 2309 4477 2308 4478 2307 4478 2304 4478 2308 4479 2304 4479 2305 4479 2310 4480 2306 4480 2307 4480 2310 4481 2167 4481 2163 4481 2310 4482 2171 4482 2167 4482 2310 4483 2163 4483 2306 4483 2311 4484 2307 4484 2308 4484 2311 4485 2310 4485 2307 4485 2312 4486 2309 4486 2313 4486 2312 4487 2308 4487 2309 4487 2314 4488 2310 4488 2311 4488 2314 4489 2171 4489 2310 4489 2315 4490 2311 4490 2308 4490 2315 4491 2308 4491 2312 4491 2316 4492 2313 4492 2317 4492 2316 4493 2315 4493 2312 4493 2316 4494 2312 4494 2313 4494 2318 4495 2314 4495 2311 4495 2318 4496 2175 4496 2171 4496 2318 4497 2171 4497 2314 4497 2318 4498 2311 4498 2315 4498 2319 4499 2315 4499 2316 4499 2320 4500 2317 4500 2321 4500 2320 4501 2321 4501 2277 4501 2320 4502 2316 4502 2317 4502 2322 4503 2179 4503 2175 4503 2322 4504 2175 4504 2318 4504 2322 4505 2318 4505 2315 4505 2322 4506 2315 4506 2319 4506 2323 4507 2319 4507 2316 4507 2323 4508 2316 4508 2320 4508 2324 4509 2276 4509 2325 4509 2324 4510 2320 4510 2277 4510 2324 4511 2277 4511 2276 4511 2326 4512 2183 4512 2179 4512 2326 4513 2179 4513 2322 4513 2326 4514 2322 4514 2319 4514 2326 4515 2319 4515 2323 4515 2327 4516 2325 4516 2328 4516 2327 4517 2328 4517 2329 4517 2327 4518 2323 4518 2320 4518 2327 4519 2320 4519 2324 4519 2327 4520 2326 4520 2323 4520 2327 4521 2324 4521 2325 4521 2330 4522 2327 4522 2329 4522 2330 4523 2326 4523 2327 4523 2330 4524 2329 4524 2331 4524 2330 4525 2331 4525 2191 4525 2330 4526 2187 4526 2183 4526 2330 4527 2191 4527 2187 4527 2330 4528 2183 4528 2326 4528 2332 4529 2276 4529 2278 4529 2200 4530 2191 4530 2331 4530 2333 4531 2325 4531 2276 4531 2333 4532 2332 4532 2334 4532 2333 4533 2276 4533 2332 4533 2335 4534 2328 4534 2325 4534 2335 4535 2329 4535 2328 4535 2335 4536 2325 4536 2333 4536 2336 4537 2333 4537 2334 4537 2337 4538 2331 4538 2329 4538 2337 4539 2200 4539 2331 4539 2337 4540 2329 4540 2335 4540 2338 4541 2333 4541 2336 4541 2338 4542 2335 4542 2333 4542 2339 4543 2334 4543 2340 4543 2339 4544 2340 4544 2341 4544 2339 4545 2336 4545 2334 4545 2342 4546 2335 4546 2338 4546 2342 4547 2193 4547 2200 4547 2342 4548 2207 4548 2193 4548 2342 4549 2200 4549 2337 4549 2342 4550 2337 4550 2335 4550 2343 4551 2336 4551 2339 4551 2343 4552 2338 4552 2336 4552 2344 4553 2339 4553 2341 4553 2344 4554 2343 4554 2339 4554 2345 4555 2207 4555 2342 4555 2345 4556 2338 4556 2343 4556 2345 4557 2342 4557 2338 4557 2346 4558 2343 4558 2344 4558 2347 4559 2341 4559 2348 4559 2347 4560 2344 4560 2341 4560 2349 4561 2211 4561 2207 4561 2349 4562 2343 4562 2346 4562 2349 4563 2207 4563 2345 4563 2349 4564 2345 4564 2343 4564 2350 4565 2344 4565 2347 4565 2350 4566 2346 4566 2344 4566 2351 4567 2348 4567 2352 4567 2351 4568 2347 4568 2348 4568 2353 4569 2215 4569 2211 4569 2353 4570 2349 4570 2346 4570 2353 4571 2211 4571 2349 4571 2353 4572 2346 4572 2350 4572 2354 4573 2347 4573 2351 4573 2354 4574 2353 4574 2350 4574 2354 4575 2350 4575 2347 4575 2355 4576 2352 4576 2356 4576 2355 4577 2351 4577 2352 4577 2357 4578 2353 4578 2354 4578 2357 4579 2195 4579 2215 4579 2357 4580 2215 4580 2353 4580 2358 4581 2354 4581 2351 4581 2358 4582 2357 4582 2354 4582 2358 4583 2351 4583 2355 4583 2359 4584 2356 4584 2360 4584 2359 4585 2355 4585 2356 4585 2361 4586 2195 4586 2357 4586 2361 4587 2357 4587 2358 4587 2361 4588 2194 4588 2195 4588 2362 4589 2358 4589 2355 4589 2362 4590 2355 4590 2359 4590 2363 4591 2360 4591 2364 4591 2363 4592 2364 4592 2365 4592 2363 4593 2359 4593 2360 4593 2363 4594 2362 4594 2359 4594 2366 4595 2358 4595 2362 4595 2366 4596 2196 4596 2194 4596 2366 4597 2361 4597 2358 4597 2366 4598 2227 4598 2196 4598 2366 4599 2194 4599 2361 4599 2367 4600 2362 4600 2363 4600 2367 4601 2366 4601 2362 4601 2368 4602 2367 4602 2363 4602 2368 4603 2363 4603 2365 4603 2369 4604 2227 4604 2366 4604 2369 4605 2366 4605 2367 4605 2370 4606 2367 4606 2368 4606 2371 4607 2365 4607 2372 4607 2371 4608 2372 4608 2280 4608 2371 4609 2280 4609 2282 4609 2371 4610 2282 4610 2283 4610 2371 4611 2368 4611 2365 4611 2373 4612 2198 4612 2227 4612 2373 4613 2227 4613 2369 4613 2373 4614 2369 4614 2367 4614 2373 4615 2367 4615 2370 4615 2374 4616 2283 4616 2285 4616 2374 4617 2285 4617 2286 4617 2374 4618 2370 4618 2368 4618 2374 4619 2368 4619 2371 4619 2374 4620 2373 4620 2370 4620 2374 4621 2371 4621 2283 4621 2375 4622 2286 4622 2290 4622 2375 4623 2290 4623 2149 4623 2375 4624 2197 4624 2198 4624 2375 4625 2149 4625 2197 4625 2375 4626 2374 4626 2286 4626 2375 4627 2198 4627 2373 4627 2375 4628 2373 4628 2374 4628 2245 4629 2248 4629 2376 4629 2376 4630 2248 4630 2377 4630 2377 4631 2250 4631 2378 4631 2248 4632 2250 4632 2377 4632 2250 4633 2252 4633 2378 4633 2378 4634 2254 4634 2379 4634 2252 4635 2254 4635 2378 4635 2379 4636 2256 4636 2380 4636 2254 4637 2256 4637 2379 4637 2256 4638 2258 4638 2380 4638 2380 4639 2260 4639 2381 4639 2258 4640 2260 4640 2380 4640 2260 4641 2262 4641 2381 4641 2381 4642 2263 4642 2382 4642 2262 4643 2263 4643 2381 4643 2263 4644 2265 4644 2382 4644 2382 4645 2267 4645 2383 4645 2265 4646 2267 4646 2382 4646 2383 4647 2269 4647 2384 4647 2267 4648 2269 4648 2383 4648 2269 4649 2271 4649 2384 4649 2384 4650 2272 4650 2385 4650 2271 4651 2272 4651 2384 4651 2272 4652 2275 4652 2385 4652 2385 4653 2273 4653 2386 4653 2275 4654 2273 4654 2385 4654 2273 4655 2274 4655 2386 4655 2386 4656 2270 4656 2387 4656 2274 4657 2270 4657 2386 4657 2270 4658 2268 4658 2387 4658 2268 4659 2266 4659 2387 4659 2387 4660 2266 4660 2388 4660 2266 4661 2264 4661 2388 4661 2264 4662 2261 4662 2388 4662 2388 4663 2261 4663 2389 4663 2389 4664 2259 4664 2390 4664 2261 4665 2259 4665 2389 4665 2259 4666 2257 4666 2390 4666 2390 4667 2255 4667 2391 4667 2257 4668 2255 4668 2390 4668 2391 4669 2253 4669 2392 4669 2255 4670 2253 4670 2391 4670 2253 4671 2251 4671 2392 4671 2392 4672 2249 4672 2393 4672 2251 4673 2249 4673 2392 4673 2249 4674 2247 4674 2393 4674 2393 4675 2246 4675 2394 4675 2247 4676 2246 4676 2393 4676 2246 4677 2244 4677 2394 4677 2394 4678 2242 4678 2395 4678 2244 4679 2242 4679 2394 4679 2395 4680 2240 4680 2396 4680 2242 4681 2240 4681 2395 4681 2240 4682 2238 4682 2396 4682 2396 4683 2236 4683 2397 4683 2238 4684 2236 4684 2396 4684 2236 4685 2235 4685 2397 4685 2397 4686 2234 4686 2398 4686 2235 4687 2234 4687 2397 4687 2234 4688 2237 4688 2398 4688 2398 4689 2239 4689 2399 4689 2237 4690 2239 4690 2398 4690 2239 4691 2241 4691 2399 4691 2241 4692 2243 4692 2399 4692 2399 4693 2243 4693 2376 4693 2243 4694 2245 4694 2376 4694 2334 4695 2390 4695 2340 4695 2340 4696 2390 4696 2391 4696 2340 4697 2392 4697 2341 4697 2391 4698 2392 4698 2340 4698 2392 4699 2348 4699 2341 4699 2334 4700 2332 4700 2390 4700 2332 4701 2389 4701 2390 4701 2392 4702 2393 4702 2348 4702 2393 4703 2352 4703 2348 4703 2332 4704 2278 4704 2389 4704 2278 4705 2388 4705 2389 4705 2393 4706 2394 4706 2352 4706 2277 4707 2387 4707 2278 4707 2278 4708 2387 4708 2388 4708 2352 4709 2395 4709 2356 4709 2394 4710 2395 4710 2352 4710 2321 4711 2386 4711 2277 4711 2277 4712 2386 4712 2387 4712 2356 4713 2396 4713 2360 4713 2395 4714 2396 4714 2356 4714 2396 4715 2364 4715 2360 4715 2317 4716 2385 4716 2321 4716 2321 4717 2385 4717 2386 4717 2396 4718 2397 4718 2364 4718 2397 4719 2398 4719 2364 4719 2398 4720 2365 4720 2364 4720 2317 4721 2313 4721 2385 4721 2385 4722 2313 4722 2384 4722 2313 4723 2383 4723 2384 4723 2398 4724 2372 4724 2365 4724 2399 4725 2372 4725 2398 4725 2313 4726 2309 4726 2383 4726 2399 4727 2280 4727 2372 4727 2376 4728 2280 4728 2399 4728 2309 4729 2305 4729 2383 4729 2383 4730 2305 4730 2382 4730 2305 4731 2381 4731 2382 4731 2376 4732 2281 4732 2280 4732 2377 4733 2281 4733 2376 4733 2305 4734 2301 4734 2381 4734 2301 4735 2294 4735 2381 4735 2381 4736 2294 4736 2380 4736 2377 4737 2288 4737 2281 4737 2378 4738 2288 4738 2377 4738 2294 4739 2379 4739 2380 4739 2379 4740 2293 4740 2378 4740 2378 4741 2293 4741 2288 4741 2294 4742 2293 4742 2379 4742 2400 4743 2401 4743 2402 4743 2402 4744 2401 4744 2403 4744 2401 4745 2404 4745 2403 4745 2403 4746 2405 4746 2406 4746 2404 4747 2405 4747 2403 4747 2405 4748 2407 4748 2406 4748 2406 4749 2408 4749 2409 4749 2407 4750 2408 4750 2406 4750 2408 4751 2410 4751 2409 4751 2406 4752 2411 4752 2403 4752 2412 4753 2411 4753 2406 4753 2409 4754 2412 4754 2406 4754 2413 4755 2412 4755 2409 4755 2414 4756 2415 4756 2416 4756 2414 4757 2416 4757 2402 4757 2417 4758 2402 4758 2403 4758 2417 4759 2403 4759 2411 4759 2417 4760 2411 4760 2415 4760 2417 4761 2415 4761 2414 4761 2417 4762 2414 4762 2402 4762 2418 4763 2419 4763 2416 4763 2416 4764 2400 4764 2402 4764 2419 4765 2400 4765 2416 4765 2420 4766 2421 4766 2422 4766 2420 4767 2422 4767 2401 4767 2423 4768 2401 4768 2400 4768 2423 4769 2424 4769 2421 4769 2423 4770 2421 4770 2420 4770 2423 4771 2420 4771 2401 4771 2425 4772 2423 4772 2400 4772 2425 4773 2424 4773 2423 4773 2426 4774 2400 4774 2419 4774 2426 4775 2419 4775 2427 4775 2426 4776 2427 4776 2424 4776 2426 4777 2425 4777 2400 4777 2426 4778 2424 4778 2425 4778 2428 4779 2429 4779 2430 4779 2428 4780 2430 4780 2405 4780 2431 4781 2405 4781 2404 4781 2431 4782 2429 4782 2428 4782 2431 4783 2428 4783 2405 4783 2432 4784 2404 4784 2401 4784 2432 4785 2401 4785 2422 4785 2432 4786 2422 4786 2429 4786 2432 4787 2431 4787 2404 4787 2432 4788 2429 4788 2431 4788 2433 4789 2434 4789 2435 4789 2433 4790 2435 4790 2407 4790 2436 4791 2405 4791 2430 4791 2436 4792 2430 4792 2434 4792 2436 4793 2407 4793 2405 4793 2436 4794 2434 4794 2433 4794 2436 4795 2433 4795 2407 4795 2437 4796 2407 4796 2435 4796 2437 4797 2435 4797 2438 4797 2437 4798 2438 4798 2408 4798 2437 4799 2408 4799 2407 4799 2439 4800 2408 4800 2438 4800 2439 4801 2438 4801 2440 4801 2439 4802 2440 4802 2410 4802 2439 4803 2410 4803 2408 4803 2410 4804 2441 4804 2409 4804 2409 4805 2441 4805 2442 4805 2442 4806 2443 4806 2444 4806 2441 4807 2443 4807 2442 4807 2444 4808 2445 4808 2446 4808 2443 4809 2445 4809 2444 4809 2447 4810 2448 4810 2449 4810 2450 4811 2448 4811 2447 4811 2451 4812 2444 4812 2446 4812 2451 4813 2452 4813 2448 4813 2451 4814 2446 4814 2452 4814 2451 4815 2448 4815 2450 4815 2453 4816 2413 4816 2409 4816 2453 4817 2447 4817 2454 4817 2453 4818 2454 4818 2413 4818 2453 4819 2450 4819 2447 4819 2453 4820 2451 4820 2450 4820 2455 4821 2409 4821 2442 4821 2455 4822 2442 4822 2444 4822 2455 4823 2444 4823 2451 4823 2455 4824 2451 4824 2453 4824 2455 4825 2453 4825 2409 4825 2456 4826 2457 4826 2458 4826 2458 4827 2457 4827 2459 4827 2460 4828 2461 4828 2457 4828 2459 4829 2461 4829 2462 4829 2457 4830 2461 4830 2459 4830 2463 4831 2464 4831 2465 4831 2466 4832 2467 4832 2468 4832 2469 4833 2470 4833 2471 4833 2472 4834 2473 4834 2474 4834 2475 4835 2476 4835 2477 4835 2477 4836 2476 4836 2478 4836 2478 4837 2476 4837 2479 4837 2479 4838 2476 4838 2480 4838 2475 4839 2481 4839 2476 4839 2475 4840 2482 4840 2481 4840 2464 4841 2483 4841 2484 4841 2483 4842 2469 4842 2485 4842 2470 4843 2486 4843 2449 4843 2486 4844 2487 4844 2447 4844 2487 4845 2488 4845 2454 4845 2488 4846 2489 4846 2413 4846 2489 4847 2490 4847 2491 4847 2490 4848 2492 4848 2493 4848 2492 4849 2494 4849 2495 4849 2494 4850 2482 4850 2496 4850 2484 4851 2465 4851 2464 4851 2485 4852 2484 4852 2483 4852 2471 4853 2485 4853 2469 4853 2447 4854 2449 4854 2486 4854 2454 4855 2447 4855 2487 4855 2413 4856 2454 4856 2488 4856 2493 4857 2491 4857 2490 4857 2495 4858 2493 4858 2492 4858 2496 4859 2495 4859 2494 4859 2463 4860 2497 4860 2460 4860 2461 4861 2497 4861 2498 4861 2498 4862 2497 4862 2465 4862 2460 4863 2497 4863 2461 4863 2465 4864 2497 4864 2463 4864 2470 4865 2499 4865 2471 4865 2471 4866 2499 4866 2466 4866 2467 4867 2500 4867 2501 4867 2501 4868 2500 4868 2502 4868 2502 4869 2500 4869 2503 4869 2466 4870 2500 4870 2467 4870 2499 4871 2504 4871 2466 4871 2503 4872 2504 4872 2505 4872 2500 4873 2504 4873 2503 4873 2466 4874 2504 4874 2500 4874 2470 4875 2506 4875 2499 4875 2499 4876 2506 4876 2504 4876 2449 4877 2507 4877 2470 4877 2505 4878 2507 4878 2449 4878 2504 4879 2507 4879 2505 4879 2470 4880 2507 4880 2506 4880 2506 4881 2507 4881 2504 4881 2413 4882 2508 4882 2412 4882 2489 4883 2508 4883 2413 4883 2411 4884 2509 4884 2415 4884 2415 4885 2509 4885 2510 4885 2510 4886 2509 4886 2472 4886 2472 4887 2509 4887 2473 4887 2411 4888 2511 4888 2509 4888 2473 4889 2511 4889 2512 4889 2512 4890 2511 4890 2489 4890 2509 4891 2511 4891 2473 4891 2508 4892 2513 4892 2412 4892 2412 4893 2513 4893 2411 4893 2489 4894 2513 4894 2508 4894 2411 4895 2513 4895 2511 4895 2511 4896 2513 4896 2489 4896 2512 4897 2514 4897 2491 4897 2489 4898 2514 4898 2512 4898 2491 4899 2514 4899 2489 4899 2515 4900 2516 4900 2475 4900 2496 4901 2516 4901 2515 4901 2475 4902 2516 4902 2482 4902 2482 4903 2516 4903 2496 4903 2517 4904 2416 4904 2415 4904 2517 4905 2415 4905 2518 4905 2517 4906 2518 4906 2418 4906 2517 4907 2418 4907 2416 4907 2519 4908 2419 4908 2520 4908 2520 4909 2419 4909 2418 4909 2521 4910 2519 4910 2522 4910 2521 4911 2522 4911 2427 4911 2521 4912 2427 4912 2419 4912 2521 4913 2419 4913 2519 4913 2523 4914 2524 4914 2525 4914 2524 4915 2526 4915 2525 4915 2526 4916 2522 4916 2527 4916 2524 4917 2522 4917 2526 4917 2524 4918 2528 4918 2522 4918 2528 4919 2427 4919 2522 4919 2528 4920 2529 4920 2427 4920 2530 4921 2424 4921 2529 4921 2529 4922 2424 4922 2427 4922 2530 4923 2531 4923 2424 4923 2532 4924 2533 4924 2531 4924 2534 4925 2533 4925 2532 4925 2531 4926 2421 4926 2424 4926 2533 4927 2422 4927 2531 4927 2531 4928 2422 4928 2421 4928 2422 4929 2535 4929 2429 4929 2429 4930 2535 4930 2430 4930 2533 4931 2535 4931 2422 4931 2535 4932 2434 4932 2430 4932 2535 4933 2435 4933 2434 4933 2535 4934 2438 4934 2435 4934 2536 4935 2537 4935 2538 4935 2539 4936 2540 4936 2541 4936 2542 4937 2543 4937 2544 4937 2545 4938 2543 4938 2539 4938 2544 4939 2543 4939 2545 4939 2539 4940 2543 4940 2540 4940 2541 4941 2546 4941 2547 4941 2540 4942 2546 4942 2541 4942 2540 4943 2548 4943 2546 4943 2543 4944 2548 4944 2540 4944 2549 4945 2548 4945 2542 4945 2542 4946 2548 4946 2543 4946 2546 4947 2550 4947 2547 4947 2547 4948 2550 4948 2551 4948 2548 4949 2552 4949 2546 4949 2553 4950 2552 4950 2554 4950 2555 4951 2552 4951 2553 4951 2551 4952 2552 4952 2555 4952 2554 4953 2552 4953 2549 4953 2550 4954 2552 4954 2551 4954 2546 4955 2552 4955 2550 4955 2549 4956 2552 4956 2548 4956 2551 4957 2556 4957 2547 4957 2551 4958 2557 4958 2556 4958 2558 4959 2557 4959 2551 4959 2556 4960 2559 4960 2547 4960 2557 4961 2559 4961 2556 4961 2558 4962 2559 4962 2557 4962 2547 4963 2559 4963 2560 4963 2559 4964 2561 4964 2560 4964 2559 4965 2562 4965 2561 4965 2563 4966 2562 4966 2558 4966 2558 4967 2562 4967 2559 4967 2560 4968 2564 4968 2565 4968 2561 4969 2564 4969 2560 4969 2562 4970 2564 4970 2561 4970 2563 4971 2564 4971 2562 4971 2564 4972 2566 4972 2565 4972 2567 4973 2568 4973 2563 4973 2563 4974 2568 4974 2564 4974 2564 4975 2568 4975 2566 4975 2568 4976 2569 4976 2566 4976 2570 4977 2569 4977 2567 4977 2571 4978 2569 4978 2570 4978 2572 4979 2569 4979 2571 4979 2566 4980 2569 4980 2565 4980 2567 4981 2569 4981 2568 4981 2572 4982 2573 4982 2569 4982 2565 4983 2573 4983 2574 4983 2569 4984 2573 4984 2565 4984 2572 4985 2575 4985 2573 4985 2576 4986 2575 4986 2572 4986 2573 4987 2577 4987 2574 4987 2578 4988 2579 4988 2576 4988 2576 4989 2579 4989 2575 4989 2575 4990 2579 4990 2573 4990 2573 4991 2579 4991 2577 4991 2577 4992 2580 4992 2574 4992 2579 4993 2580 4993 2577 4993 2579 4994 2581 4994 2580 4994 2578 4995 2581 4995 2579 4995 2582 4996 2583 4996 2584 4996 2574 4997 2583 4997 2582 4997 2580 4998 2583 4998 2574 4998 2585 4999 2586 4999 2587 4999 2588 5000 2586 5000 2585 5000 2584 5001 2586 5001 2588 5001 2587 5002 2586 5002 2578 5002 2578 5003 2586 5003 2581 5003 2580 5004 2586 5004 2583 5004 2581 5005 2586 5005 2580 5005 2583 5006 2586 5006 2584 5006 2584 5007 2589 5007 2582 5007 2590 5008 2591 5008 2584 5008 2584 5009 2591 5009 2589 5009 2582 5010 2592 5010 2593 5010 2589 5011 2592 5011 2582 5011 2590 5012 2592 5012 2591 5012 2591 5013 2592 5013 2589 5013 2592 5014 2594 5014 2593 5014 2592 5015 2595 5015 2594 5015 2596 5016 2595 5016 2590 5016 2590 5017 2595 5017 2592 5017 2593 5018 2597 5018 2598 5018 2594 5019 2597 5019 2593 5019 2595 5020 2597 5020 2594 5020 2596 5021 2597 5021 2595 5021 2597 5022 2599 5022 2598 5022 2597 5023 2600 5023 2599 5023 2440 5024 2600 5024 2596 5024 2596 5025 2600 5025 2597 5025 2438 5026 2601 5026 2440 5026 2599 5027 2601 5027 2598 5027 2600 5028 2601 5028 2599 5028 2440 5029 2601 5029 2600 5029 2438 5030 2602 5030 2601 5030 2598 5031 2602 5031 2603 5031 2601 5032 2602 5032 2598 5032 2535 5033 2604 5033 2438 5033 2438 5034 2604 5034 2602 5034 2602 5035 2605 5035 2603 5035 2604 5036 2605 5036 2602 5036 2535 5037 2606 5037 2604 5037 2604 5038 2606 5038 2605 5038 2533 5039 2606 5039 2535 5039 2605 5040 2607 5040 2603 5040 2606 5041 2608 5041 2605 5041 2533 5042 2608 5042 2606 5042 2605 5043 2608 5043 2607 5043 2607 5044 2609 5044 2603 5044 2610 5045 2609 5045 2611 5045 2603 5046 2609 5046 2610 5046 2612 5047 2613 5047 2534 5047 2614 5048 2613 5048 2612 5048 2611 5049 2613 5049 2614 5049 2534 5050 2613 5050 2533 5050 2533 5051 2613 5051 2608 5051 2608 5052 2613 5052 2607 5052 2607 5053 2613 5053 2609 5053 2609 5054 2613 5054 2611 5054 2611 5055 2615 5055 2610 5055 2616 5056 2617 5056 2611 5056 2611 5057 2617 5057 2615 5057 2615 5058 2618 5058 2610 5058 2616 5059 2618 5059 2617 5059 2617 5060 2618 5060 2615 5060 2610 5061 2618 5061 2619 5061 2618 5062 2620 5062 2619 5062 2621 5063 2622 5063 2616 5063 2616 5064 2622 5064 2618 5064 2618 5065 2622 5065 2620 5065 2621 5066 2623 5066 2622 5066 2620 5067 2623 5067 2619 5067 2622 5068 2623 5068 2620 5068 2619 5069 2623 5069 2624 5069 2623 5070 2625 5070 2624 5070 2626 5071 2627 5071 2621 5071 2623 5072 2627 5072 2625 5072 2621 5073 2627 5073 2623 5073 2625 5074 2628 5074 2624 5074 2629 5075 2630 5075 2626 5075 2631 5076 2630 5076 2629 5076 2632 5077 2630 5077 2631 5077 2626 5078 2630 5078 2627 5078 2627 5079 2630 5079 2625 5079 2625 5080 2630 5080 2628 5080 2628 5081 2630 5081 2632 5081 2628 5082 2633 5082 2624 5082 2624 5083 2633 5083 2634 5083 2632 5084 2633 5084 2628 5084 2635 5085 2636 5085 2632 5085 2536 5086 2636 5086 2635 5086 2632 5087 2636 5087 2633 5087 2634 5088 2637 5088 2638 5088 2633 5089 2637 5089 2634 5089 2638 5090 2639 5090 2538 5090 2637 5091 2639 5091 2638 5091 2536 5092 2639 5092 2636 5092 2636 5093 2639 5093 2633 5093 2633 5094 2639 5094 2637 5094 2538 5095 2639 5095 2536 5095 2640 5096 2590 5096 2584 5096 2641 5097 2440 5097 2596 5097 2642 5098 2410 5098 2440 5098 2642 5099 2441 5099 2410 5099 2642 5100 2440 5100 2641 5100 2643 5101 2596 5101 2590 5101 2643 5102 2641 5102 2596 5102 2643 5103 2590 5103 2640 5103 2644 5104 2640 5104 2645 5104 2644 5105 2645 5105 2445 5105 2644 5106 2443 5106 2441 5106 2644 5107 2445 5107 2443 5107 2644 5108 2441 5108 2642 5108 2644 5109 2642 5109 2641 5109 2644 5110 2641 5110 2643 5110 2644 5111 2643 5111 2640 5111 2445 5112 2646 5112 2446 5112 2646 5113 2647 5113 2446 5113 2646 5114 2648 5114 2647 5114 2648 5115 2649 5115 2647 5115 2649 5116 2650 5116 2651 5116 2648 5117 2650 5117 2649 5117 2647 5118 2452 5118 2446 5118 2505 5119 2449 5119 2448 5119 2505 5120 2448 5120 2452 5120 2505 5121 2452 5121 2647 5121 2652 5122 2649 5122 2503 5122 2652 5123 2503 5123 2505 5123 2652 5124 2647 5124 2649 5124 2652 5125 2505 5125 2647 5125 2480 5126 2476 5126 2653 5126 2653 5127 2476 5127 2654 5127 2481 5128 2655 5128 2476 5128 2654 5129 2655 5129 2656 5129 2476 5130 2655 5130 2654 5130 2481 5131 2657 5131 2655 5131 2482 5132 2658 5132 2659 5132 2482 5133 2660 5133 2658 5133 2661 5134 2662 5134 2663 5134 2664 5135 2665 5135 2666 5135 2665 5136 2667 5136 2668 5136 2669 5137 2670 5137 2671 5137 2672 5138 2673 5138 2674 5138 2673 5139 2675 5139 2676 5139 2677 5140 2457 5140 2678 5140 2678 5141 2457 5141 2679 5141 2679 5142 2457 5142 2680 5142 2680 5143 2457 5143 2456 5143 2677 5144 2460 5144 2457 5144 2681 5145 2463 5145 2677 5145 2682 5146 2463 5146 2681 5146 2677 5147 2463 5147 2460 5147 2683 5148 2658 5148 2660 5148 2684 5149 2683 5149 2685 5149 2666 5150 2684 5150 2664 5150 2686 5151 2667 5151 2687 5151 2688 5152 2686 5152 2689 5152 2672 5153 2688 5153 2690 5153 2691 5154 2675 5154 2692 5154 2693 5155 2691 5155 2694 5155 2682 5156 2693 5156 2695 5156 2660 5157 2685 5157 2683 5157 2685 5158 2664 5158 2684 5158 2665 5159 2687 5159 2667 5159 2687 5160 2689 5160 2686 5160 2689 5161 2690 5161 2688 5161 2690 5162 2673 5162 2672 5162 2673 5163 2692 5163 2675 5163 2692 5164 2694 5164 2691 5164 2694 5165 2695 5165 2693 5165 2695 5166 2463 5166 2682 5166 2657 5167 2696 5167 2659 5167 2482 5168 2696 5168 2481 5168 2481 5169 2696 5169 2657 5169 2659 5170 2696 5170 2482 5170 2665 5171 2697 5171 2666 5171 2666 5172 2697 5172 2661 5172 2662 5173 2698 5173 2699 5173 2699 5174 2698 5174 2700 5174 2700 5175 2698 5175 2701 5175 2661 5176 2698 5176 2662 5176 2701 5177 2702 5177 2668 5177 2697 5178 2702 5178 2661 5178 2698 5179 2702 5179 2701 5179 2661 5180 2702 5180 2698 5180 2668 5181 2703 5181 2665 5181 2665 5182 2703 5182 2697 5182 2697 5183 2703 5183 2702 5183 2702 5184 2703 5184 2668 5184 2704 5185 2705 5185 2706 5185 2706 5186 2705 5186 2707 5186 2707 5187 2705 5187 2669 5187 2669 5188 2705 5188 2670 5188 2705 5189 2708 5189 2670 5189 2670 5190 2708 5190 2676 5190 2704 5191 2708 5191 2705 5191 2674 5192 2709 5192 2704 5192 2708 5193 2709 5193 2676 5193 2673 5194 2709 5194 2674 5194 2676 5195 2709 5195 2673 5195 2704 5196 2709 5196 2708 5196 2710 5197 2711 5197 2712 5197 2713 5198 2711 5198 2710 5198 2714 5199 2711 5199 2715 5199 2714 5200 2712 5200 2711 5200 2716 5201 2714 5201 2715 5201 2717 5202 2711 5202 2713 5202 2718 5203 2716 5203 2715 5203 2719 5204 2718 5204 2715 5204 2720 5205 2719 5205 2715 5205 2480 5206 2717 5206 2721 5206 2479 5207 2480 5207 2721 5207 2478 5208 2479 5208 2721 5208 2477 5209 2478 5209 2721 5209 2722 5210 2723 5210 2724 5210 2722 5211 2724 5211 2725 5211 2726 5212 2723 5212 2722 5212 2727 5213 2724 5213 2720 5213 2727 5214 2725 5214 2724 5214 2727 5215 2720 5215 2715 5215 2728 5216 2727 5216 2715 5216 2518 5217 2729 5217 2723 5217 2518 5218 2723 5218 2726 5218 2472 5219 2474 5219 2729 5219 2510 5220 2729 5220 2518 5220 2510 5221 2472 5221 2729 5221 2415 5222 2510 5222 2518 5222 2715 5223 2730 5223 2731 5223 2715 5224 2731 5224 2732 5224 2715 5225 2732 5225 2733 5225 2715 5226 2733 5226 2728 5226 2734 5227 2735 5227 2730 5227 2736 5228 2735 5228 2734 5228 2737 5229 2730 5229 2715 5229 2737 5230 2734 5230 2730 5230 2738 5231 2737 5231 2715 5231 2739 5232 2738 5232 2715 5232 2740 5233 2739 5233 2715 5233 2741 5234 2742 5234 2740 5234 2741 5235 2740 5235 2715 5235 2743 5236 2735 5236 2736 5236 2744 5237 2742 5237 2741 5237 2745 5238 2743 5238 2736 5238 2501 5239 2502 5239 2743 5239 2501 5240 2743 5240 2745 5240 2467 5241 2501 5241 2745 5241 2468 5242 2467 5242 2745 5242 2746 5243 2744 5243 2741 5243 2459 5244 2462 5244 2747 5244 2458 5245 2459 5245 2747 5245 2456 5246 2747 5246 2746 5246 2456 5247 2458 5247 2747 5247 2747 5248 2744 5248 2746 5248 2713 5249 2721 5249 2717 5249 2748 5250 2749 5250 2475 5250 2748 5251 2475 5251 2477 5251 2748 5252 2477 5252 2750 5252 2748 5253 2750 5253 2749 5253 2751 5254 2475 5254 2749 5254 2515 5255 2475 5255 2751 5255 2752 5256 2515 5256 2751 5256 2496 5257 2752 5257 2753 5257 2496 5258 2515 5258 2752 5258 2754 5259 2755 5259 2756 5259 2757 5260 2758 5260 2491 5260 2757 5261 2491 5261 2493 5261 2759 5262 2756 5262 2758 5262 2759 5263 2758 5263 2757 5263 2759 5264 2754 5264 2756 5264 2760 5265 2496 5265 2753 5265 2760 5266 2493 5266 2495 5266 2760 5267 2495 5267 2496 5267 2760 5268 2757 5268 2493 5268 2760 5269 2759 5269 2757 5269 2761 5270 2762 5270 2754 5270 2761 5271 2753 5271 2762 5271 2761 5272 2754 5272 2759 5272 2761 5273 2760 5273 2753 5273 2761 5274 2759 5274 2760 5274 2763 5275 2756 5275 2755 5275 2512 5276 2491 5276 2758 5276 2512 5277 2758 5277 2756 5277 2512 5278 2756 5278 2763 5278 2764 5279 2765 5279 2473 5279 2764 5280 2473 5280 2512 5280 2764 5281 2763 5281 2765 5281 2764 5282 2512 5282 2763 5282 2766 5283 2765 5283 2767 5283 2766 5284 2767 5284 2474 5284 2766 5285 2474 5285 2473 5285 2766 5286 2473 5286 2765 5286 2768 5287 2503 5287 2649 5287 2768 5288 2649 5288 2651 5288 2769 5289 2651 5289 2770 5289 2769 5290 2770 5290 2502 5290 2769 5291 2502 5291 2503 5291 2769 5292 2503 5292 2768 5292 2769 5293 2768 5293 2651 5293 2771 5294 2468 5294 2745 5294 2468 5295 2772 5295 2466 5295 2771 5296 2772 5296 2468 5296 2772 5297 2773 5297 2466 5297 2773 5298 2774 5298 2466 5298 2466 5299 2775 5299 2471 5299 2774 5300 2775 5300 2466 5300 2775 5301 2776 5301 2471 5301 2776 5302 2777 5302 2471 5302 2777 5303 2778 5303 2471 5303 2471 5304 2779 5304 2485 5304 2778 5305 2779 5305 2471 5305 2485 5306 2780 5306 2484 5306 2779 5307 2780 5307 2485 5307 2484 5308 2781 5308 2465 5308 2780 5309 2781 5309 2484 5309 2465 5310 2781 5310 2498 5310 2781 5311 2782 5311 2498 5311 2782 5312 2783 5312 2498 5312 2783 5313 2461 5313 2498 5313 2783 5314 2784 5314 2461 5314 2784 5315 2462 5315 2461 5315 2462 5316 2785 5316 2747 5316 2784 5317 2785 5317 2462 5317 2785 5318 2786 5318 2747 5318 2787 5319 2788 5319 2463 5319 2463 5320 2788 5320 2464 5320 2464 5321 2789 5321 2483 5321 2788 5322 2789 5322 2464 5322 2483 5323 2790 5323 2469 5323 2789 5324 2790 5324 2483 5324 2469 5325 2791 5325 2470 5325 2790 5326 2791 5326 2469 5326 2470 5327 2792 5327 2486 5327 2791 5328 2792 5328 2470 5328 2486 5329 2793 5329 2487 5329 2792 5330 2793 5330 2486 5330 2487 5331 2794 5331 2488 5331 2793 5332 2794 5332 2487 5332 2488 5333 2795 5333 2489 5333 2794 5334 2795 5334 2488 5334 2489 5335 2796 5335 2490 5335 2795 5336 2796 5336 2489 5336 2490 5337 2797 5337 2492 5337 2796 5338 2797 5338 2490 5338 2492 5339 2798 5339 2494 5339 2797 5340 2798 5340 2492 5340 2494 5341 2799 5341 2482 5341 2798 5342 2799 5342 2494 5342 2800 5343 2418 5343 2518 5343 2800 5344 2518 5344 2726 5344 2800 5345 2726 5345 2520 5345 2800 5346 2520 5346 2418 5346 2801 5347 2802 5347 2803 5347 2803 5348 2802 5348 2804 5348 2802 5349 2805 5349 2804 5349 2804 5350 2519 5350 2520 5350 2805 5351 2519 5351 2804 5351 2806 5352 2522 5352 2519 5352 2806 5353 2519 5353 2805 5353 2806 5354 2805 5354 2527 5354 2806 5355 2527 5355 2522 5355 2807 5356 2808 5356 2809 5356 2807 5357 2810 5357 2808 5357 2807 5358 2811 5358 2810 5358 2807 5359 2812 5359 2813 5359 2807 5360 2814 5360 2812 5360 2807 5361 2809 5361 2814 5361 2807 5362 2813 5362 2815 5362 2816 5363 2807 5363 2815 5363 2817 5364 2807 5364 2816 5364 2818 5365 2807 5365 2817 5365 2819 5366 2820 5366 2523 5366 2819 5367 2818 5367 2820 5367 2819 5368 2523 5368 2525 5368 2819 5369 2807 5369 2818 5369 2526 5370 2819 5370 2525 5370 2527 5371 2819 5371 2526 5371 2821 5372 2819 5372 2527 5372 2822 5373 2823 5373 2824 5373 2822 5374 2821 5374 2823 5374 2822 5375 2824 5375 2825 5375 2822 5376 2819 5376 2821 5376 2826 5377 2827 5377 2828 5377 2826 5378 2829 5378 2830 5378 2826 5379 2831 5379 2829 5379 2826 5380 2828 5380 2831 5380 2826 5381 2832 5381 2833 5381 2826 5382 2834 5382 2832 5382 2826 5383 2830 5383 2834 5383 2826 5384 2835 5384 2836 5384 2826 5385 2837 5385 2835 5385 2826 5386 2833 5386 2837 5386 2838 5387 2827 5387 2826 5387 2838 5388 2839 5388 2840 5388 2838 5389 2841 5389 2842 5389 2838 5390 2843 5390 2841 5390 2838 5391 2840 5391 2843 5391 2838 5392 2844 5392 2827 5392 2838 5393 2842 5393 2844 5393 2845 5394 2846 5394 2822 5394 2845 5395 2839 5395 2838 5395 2845 5396 2847 5396 2848 5396 2845 5397 2825 5397 2847 5397 2845 5398 2849 5398 2839 5398 2845 5399 2848 5399 2849 5399 2845 5400 2822 5400 2825 5400 2850 5401 2523 5401 2851 5401 2850 5402 2851 5402 2852 5402 2850 5403 2852 5403 2524 5403 2850 5404 2524 5404 2523 5404 2853 5405 2524 5405 2852 5405 2853 5406 2852 5406 2854 5406 2853 5407 2854 5407 2528 5407 2853 5408 2528 5408 2524 5408 2855 5409 2530 5409 2529 5409 2855 5410 2529 5410 2528 5410 2855 5411 2528 5411 2854 5411 2855 5412 2854 5412 2856 5412 2855 5413 2856 5413 2530 5413 2857 5414 2530 5414 2856 5414 2857 5415 2856 5415 2858 5415 2857 5416 2531 5416 2530 5416 2859 5417 2857 5417 2858 5417 2859 5418 2531 5418 2857 5418 2860 5419 2532 5419 2531 5419 2860 5420 2859 5420 2858 5420 2860 5421 2531 5421 2859 5421 2861 5422 2858 5422 2862 5422 2861 5423 2862 5423 2534 5423 2861 5424 2534 5424 2532 5424 2861 5425 2860 5425 2858 5425 2861 5426 2532 5426 2860 5426 2638 5427 2863 5427 2634 5427 2864 5428 2865 5428 2537 5428 2866 5429 2865 5429 2864 5429 2538 5430 2865 5430 2638 5430 2537 5431 2865 5431 2538 5431 2638 5432 2865 5432 2863 5432 2865 5433 2867 5433 2863 5433 2634 5434 2867 5434 2868 5434 2863 5435 2867 5435 2634 5435 2865 5436 2869 5436 2867 5436 2866 5437 2869 5437 2865 5437 2867 5438 2870 5438 2868 5438 2868 5439 2870 5439 2871 5439 2867 5440 2872 5440 2870 5440 2869 5441 2872 5441 2867 5441 2866 5442 2872 5442 2869 5442 2873 5443 2872 5443 2874 5443 2875 5444 2872 5444 2873 5444 2871 5445 2872 5445 2875 5445 2874 5446 2872 5446 2866 5446 2870 5447 2872 5447 2871 5447 2871 5448 2876 5448 2868 5448 2877 5449 2878 5449 2871 5449 2871 5450 2878 5450 2876 5450 2868 5451 2879 5451 2880 5451 2876 5452 2879 5452 2868 5452 2877 5453 2879 5453 2878 5453 2878 5454 2879 5454 2876 5454 2879 5455 2881 5455 2880 5455 2877 5456 2882 5456 2879 5456 2883 5457 2882 5457 2877 5457 2879 5458 2882 5458 2881 5458 2882 5459 2884 5459 2881 5459 2880 5460 2884 5460 2885 5460 2881 5461 2884 5461 2880 5461 2883 5462 2884 5462 2882 5462 2884 5463 2886 5463 2885 5463 2887 5464 2888 5464 2883 5464 2884 5465 2888 5465 2886 5465 2883 5466 2888 5466 2884 5466 2889 5467 2890 5467 2887 5467 2891 5468 2890 5468 2889 5468 2892 5469 2890 5469 2891 5469 2886 5470 2890 5470 2885 5470 2888 5471 2890 5471 2886 5471 2887 5472 2890 5472 2888 5472 2890 5473 2893 5473 2885 5473 2885 5474 2893 5474 2894 5474 2892 5475 2893 5475 2890 5475 2895 5476 2896 5476 2892 5476 2892 5477 2896 5477 2893 5477 2893 5478 2897 5478 2894 5478 2898 5479 2899 5479 2895 5479 2895 5480 2899 5480 2896 5480 2896 5481 2899 5481 2893 5481 2893 5482 2899 5482 2897 5482 2897 5483 2900 5483 2894 5483 2899 5484 2900 5484 2897 5484 2899 5485 2901 5485 2900 5485 2898 5486 2901 5486 2899 5486 2902 5487 2903 5487 2904 5487 2894 5488 2903 5488 2902 5488 2900 5489 2903 5489 2894 5489 2903 5490 2905 5490 2904 5490 2901 5491 2905 5491 2900 5491 2900 5492 2905 5492 2903 5492 2906 5493 2905 5493 2907 5493 2908 5494 2905 5494 2906 5494 2904 5495 2905 5495 2908 5495 2907 5496 2905 5496 2898 5496 2898 5497 2905 5497 2901 5497 2904 5498 2909 5498 2902 5498 2910 5499 2911 5499 2904 5499 2904 5500 2911 5500 2909 5500 2902 5501 2912 5501 2913 5501 2909 5502 2912 5502 2902 5502 2910 5503 2912 5503 2911 5503 2911 5504 2912 5504 2909 5504 2912 5505 2914 5505 2913 5505 2912 5506 2915 5506 2914 5506 2916 5507 2915 5507 2910 5507 2910 5508 2915 5508 2912 5508 2913 5509 2917 5509 2918 5509 2914 5510 2917 5510 2913 5510 2915 5511 2917 5511 2914 5511 2916 5512 2917 5512 2915 5512 2917 5513 2919 5513 2918 5513 2917 5514 2920 5514 2919 5514 2921 5515 2920 5515 2916 5515 2916 5516 2920 5516 2917 5516 2920 5517 2922 5517 2919 5517 2921 5518 2922 5518 2920 5518 2923 5519 2922 5519 2921 5519 2924 5520 2922 5520 2923 5520 2925 5521 2922 5521 2924 5521 2919 5522 2922 5522 2918 5522 2922 5523 2926 5523 2918 5523 2925 5524 2926 5524 2922 5524 2918 5525 2926 5525 2927 5525 2925 5526 2928 5526 2926 5526 2929 5527 2928 5527 2925 5527 2926 5528 2930 5528 2927 5528 2928 5529 2931 5529 2926 5529 2929 5530 2931 5530 2928 5530 2932 5531 2931 5531 2929 5531 2926 5532 2931 5532 2930 5532 2930 5533 2933 5533 2927 5533 2931 5534 2934 5534 2930 5534 2932 5535 2934 5535 2931 5535 2930 5536 2934 5536 2933 5536 2934 5537 2935 5537 2933 5537 2933 5538 2935 5538 2927 5538 2936 5539 2935 5539 2937 5539 2927 5540 2935 5540 2936 5540 2938 5541 2939 5541 2940 5541 2941 5542 2939 5542 2938 5542 2937 5543 2939 5543 2941 5543 2940 5544 2939 5544 2932 5544 2932 5545 2939 5545 2934 5545 2934 5546 2939 5546 2935 5546 2935 5547 2939 5547 2937 5547 2937 5548 2942 5548 2936 5548 2943 5549 2944 5549 2937 5549 2937 5550 2944 5550 2942 5550 2942 5551 2945 5551 2936 5551 2943 5552 2945 5552 2944 5552 2944 5553 2945 5553 2942 5553 2936 5554 2945 5554 2946 5554 2945 5555 2947 5555 2946 5555 2948 5556 2949 5556 2943 5556 2943 5557 2949 5557 2945 5557 2945 5558 2949 5558 2947 5558 2948 5559 2950 5559 2949 5559 2947 5560 2950 5560 2946 5560 2949 5561 2950 5561 2947 5561 2946 5562 2950 5562 2951 5562 2950 5563 2952 5563 2951 5563 2953 5564 2954 5564 2948 5564 2950 5565 2954 5565 2952 5565 2948 5566 2954 5566 2950 5566 2952 5567 2955 5567 2951 5567 2956 5568 2957 5568 2953 5568 2958 5569 2957 5569 2956 5569 2959 5570 2957 5570 2958 5570 2953 5571 2957 5571 2954 5571 2954 5572 2957 5572 2952 5572 2952 5573 2957 5573 2955 5573 2955 5574 2957 5574 2959 5574 2955 5575 2960 5575 2951 5575 2951 5576 2960 5576 2541 5576 2959 5577 2960 5577 2955 5577 2961 5578 2962 5578 2959 5578 2959 5579 2962 5579 2960 5579 2541 5580 2963 5580 2539 5580 2960 5581 2963 5581 2541 5581 2539 5582 2964 5582 2545 5582 2545 5583 2964 5583 2544 5583 2965 5584 2964 5584 2961 5584 2544 5585 2964 5585 2965 5585 2961 5586 2964 5586 2962 5586 2963 5587 2964 5587 2539 5587 2962 5588 2964 5588 2960 5588 2960 5589 2964 5589 2963 5589 2966 5590 2541 5590 2967 5590 2541 5591 2547 5591 2967 5591 2967 5592 2560 5592 2968 5592 2547 5593 2560 5593 2967 5593 2968 5594 2565 5594 2969 5594 2969 5595 2565 5595 2970 5595 2560 5596 2565 5596 2968 5596 2565 5597 2574 5597 2970 5597 2970 5598 2582 5598 2971 5598 2971 5599 2582 5599 2972 5599 2574 5600 2582 5600 2970 5600 2582 5601 2593 5601 2972 5601 2972 5602 2598 5602 2973 5602 2593 5603 2598 5603 2972 5603 2973 5604 2603 5604 2974 5604 2598 5605 2603 5605 2973 5605 2974 5606 2610 5606 2975 5606 2975 5607 2610 5607 2976 5607 2603 5608 2610 5608 2974 5608 2610 5609 2619 5609 2976 5609 2976 5610 2624 5610 2977 5610 2619 5611 2624 5611 2976 5611 2977 5612 2634 5612 2978 5612 2624 5613 2634 5613 2977 5613 2837 5614 2979 5614 2835 5614 2833 5615 2979 5615 2837 5615 2979 5616 2836 5616 2835 5616 2979 5617 2980 5617 2836 5617 2980 5618 2981 5618 2982 5618 2981 5619 2983 5619 2982 5619 2554 5620 2549 5620 2984 5620 2984 5621 2542 5621 2985 5621 2549 5622 2542 5622 2984 5622 2985 5623 2544 5623 2986 5623 2986 5624 2544 5624 2983 5624 2983 5625 2544 5625 2982 5625 2542 5626 2544 5626 2985 5626 2979 5627 2981 5627 2980 5627 2987 5628 2554 5628 2782 5628 2987 5629 2782 5629 2781 5629 2987 5630 2781 5630 2551 5630 2987 5631 2553 5631 2554 5631 2987 5632 2555 5632 2553 5632 2987 5633 2551 5633 2555 5633 2988 5634 2989 5634 2567 5634 2988 5635 2990 5635 2989 5635 2988 5636 2567 5636 2563 5636 2991 5637 2779 5637 2778 5637 2991 5638 2778 5638 2990 5638 2991 5639 2990 5639 2988 5639 2992 5640 2551 5640 2781 5640 2992 5641 2558 5641 2551 5641 2992 5642 2563 5642 2558 5642 2992 5643 2991 5643 2988 5643 2992 5644 2988 5644 2563 5644 2993 5645 2780 5645 2779 5645 2993 5646 2781 5646 2780 5646 2993 5647 2779 5647 2991 5647 2993 5648 2992 5648 2781 5648 2993 5649 2991 5649 2992 5649 2570 5650 2567 5650 2989 5650 2994 5651 2989 5651 2990 5651 2994 5652 2990 5652 2778 5652 2994 5653 2778 5653 2777 5653 2995 5654 2571 5654 2570 5654 2995 5655 2989 5655 2994 5655 2995 5656 2570 5656 2989 5656 2996 5657 2995 5657 2994 5657 2996 5658 2994 5658 2777 5658 2997 5659 2572 5659 2571 5659 2997 5660 2571 5660 2995 5660 2998 5661 2996 5661 2777 5661 2998 5662 2995 5662 2996 5662 2998 5663 2997 5663 2995 5663 2999 5664 2572 5664 2997 5664 3000 5665 2997 5665 2998 5665 3000 5666 2998 5666 2777 5666 3001 5667 2572 5667 2999 5667 3002 5668 3000 5668 2777 5668 3002 5669 2997 5669 3000 5669 3003 5670 2572 5670 3001 5670 3004 5671 2777 5671 2572 5671 3004 5672 2999 5672 2997 5672 3004 5673 3001 5673 2999 5673 3004 5674 3002 5674 2777 5674 3004 5675 2997 5675 3002 5675 3004 5676 2572 5676 3003 5676 3004 5677 3003 5677 3001 5677 2840 5678 3005 5678 2843 5678 2841 5679 3006 5679 2842 5679 2843 5680 3006 5680 2841 5680 3005 5681 3006 5681 2843 5681 3007 5682 3008 5682 3005 5682 3005 5683 3008 5683 3006 5683 3007 5684 3009 5684 3008 5684 3010 5685 3011 5685 3009 5685 3009 5686 3011 5686 3008 5686 3010 5687 3012 5687 3011 5687 3013 5688 2578 5688 3012 5688 2587 5689 2578 5689 3013 5689 3012 5690 3014 5690 3011 5690 2578 5691 3015 5691 3012 5691 3012 5692 3015 5692 3014 5692 3015 5693 2576 5693 3016 5693 3016 5694 2576 5694 3017 5694 2578 5695 2576 5695 3015 5695 2576 5696 3018 5696 3017 5696 2576 5697 3019 5697 3018 5697 2576 5698 2572 5698 3019 5698 2640 5699 2584 5699 2588 5699 3020 5700 2645 5700 2640 5700 3020 5701 2445 5701 2645 5701 3020 5702 2646 5702 2445 5702 3021 5703 2588 5703 2585 5703 3021 5704 2640 5704 2588 5704 3021 5705 3020 5705 2640 5705 3022 5706 2646 5706 3020 5706 3022 5707 3020 5707 3021 5707 3023 5708 2585 5708 2587 5708 3023 5709 3021 5709 2585 5709 3024 5710 3021 5710 3023 5710 3024 5711 2646 5711 3022 5711 3024 5712 3022 5712 3021 5712 3025 5713 3023 5713 2587 5713 3026 5714 2646 5714 3024 5714 3026 5715 3024 5715 3023 5715 3027 5716 3025 5716 2587 5716 3028 5717 2646 5717 3026 5717 3028 5718 3026 5718 3023 5718 3029 5719 3027 5719 2587 5719 3030 5720 2587 5720 2646 5720 3030 5721 3023 5721 3025 5721 3030 5722 2646 5722 3028 5722 3030 5723 3025 5723 3027 5723 3030 5724 3029 5724 2587 5724 3030 5725 3028 5725 3023 5725 3030 5726 3027 5726 3029 5726 3031 5727 3032 5727 2611 5727 3031 5728 2612 5728 2534 5728 3031 5729 2614 5729 2612 5729 3031 5730 2611 5730 2614 5730 3031 5731 2534 5731 2862 5731 3031 5732 2862 5732 3032 5732 2621 5733 3033 5733 2626 5733 3034 5734 3035 5734 3033 5734 3034 5735 3033 5735 2621 5735 3036 5736 3037 5736 3035 5736 3036 5737 3038 5737 3037 5737 3036 5738 3035 5738 3034 5738 3039 5739 2616 5739 2611 5739 3039 5740 2621 5740 2616 5740 3039 5741 2611 5741 3032 5741 3039 5742 3034 5742 2621 5742 3040 5743 3041 5743 3038 5743 3040 5744 3032 5744 3041 5744 3040 5745 3038 5745 3036 5745 3040 5746 3036 5746 3034 5746 3040 5747 3034 5747 3039 5747 3040 5748 3039 5748 3032 5748 2629 5749 2626 5749 3033 5749 3042 5750 3033 5750 3035 5750 3042 5751 3035 5751 3037 5751 3042 5752 3037 5752 3043 5752 3044 5753 2631 5753 2629 5753 3044 5754 3033 5754 3042 5754 3044 5755 2629 5755 3033 5755 3045 5756 3044 5756 3042 5756 3045 5757 3042 5757 3043 5757 3046 5758 2632 5758 2631 5758 3046 5759 2631 5759 3044 5759 3047 5760 3045 5760 3043 5760 3047 5761 3044 5761 3045 5761 3047 5762 3046 5762 3044 5762 3048 5763 2632 5763 3046 5763 3049 5764 3046 5764 3047 5764 3049 5765 3047 5765 3043 5765 3050 5766 2632 5766 3048 5766 3051 5767 3049 5767 3043 5767 3051 5768 3046 5768 3049 5768 3052 5769 2632 5769 3050 5769 3053 5770 3043 5770 2632 5770 3053 5771 3051 5771 3043 5771 3053 5772 3048 5772 3046 5772 3053 5773 3050 5773 3048 5773 3053 5774 3046 5774 3051 5774 3053 5775 2632 5775 3052 5775 3053 5776 3052 5776 3050 5776 2808 5777 3054 5777 2809 5777 2810 5778 3054 5778 2808 5778 2811 5779 3054 5779 2810 5779 2811 5780 3055 5780 3054 5780 3056 5781 3057 5781 3055 5781 3056 5782 3058 5782 3057 5782 3058 5783 2537 5783 3059 5783 3059 5784 2537 5784 3060 5784 3056 5785 2537 5785 3058 5785 3060 5786 2536 5786 3061 5786 3061 5787 2536 5787 3062 5787 2537 5788 2536 5788 3060 5788 2536 5789 2635 5789 3062 5789 2635 5790 3063 5790 3062 5790 2635 5791 3064 5791 3063 5791 2635 5792 2632 5792 3064 5792 3057 5793 3054 5793 3055 5793 3065 5794 3010 5794 3066 5794 3065 5795 3066 5795 2650 5795 3067 5796 2650 5796 2648 5796 3067 5797 3012 5797 3010 5797 3067 5798 3010 5798 3065 5798 3067 5799 3065 5799 2650 5799 3068 5800 3013 5800 3012 5800 3068 5801 3067 5801 2648 5801 3068 5802 3012 5802 3067 5802 3069 5803 3068 5803 2648 5803 3069 5804 3013 5804 3068 5804 3070 5805 2648 5805 2646 5805 3070 5806 2646 5806 2587 5806 3070 5807 2587 5807 3013 5807 3070 5808 3069 5808 2648 5808 3070 5809 3013 5809 3069 5809 2651 5810 2650 5810 2770 5810 2770 5811 3066 5811 3071 5811 2650 5812 3066 5812 2770 5812 3066 5813 3072 5813 3071 5813 3073 5814 2741 5814 3074 5814 3075 5815 2741 5815 3073 5815 3076 5816 2741 5816 2715 5816 3076 5817 3074 5817 2741 5817 3077 5818 3076 5818 2715 5818 2746 5819 2741 5819 3075 5819 3078 5820 3077 5820 2715 5820 3079 5821 3078 5821 2715 5821 3080 5822 3079 5822 2715 5822 2456 5823 2746 5823 3081 5823 2680 5824 2456 5824 3081 5824 2679 5825 2680 5825 3081 5825 2678 5826 2679 5826 3081 5826 3082 5827 3083 5827 3084 5827 3082 5828 3084 5828 3085 5828 3086 5829 3083 5829 3082 5829 3087 5830 3084 5830 3080 5830 3087 5831 3085 5831 3084 5831 3087 5832 3080 5832 2715 5832 3088 5833 3087 5833 2715 5833 3089 5834 3088 5834 2715 5834 3090 5835 3083 5835 3086 5835 3091 5836 3090 5836 3086 5836 2669 5837 3090 5837 3091 5837 2669 5838 2671 5838 3090 5838 2707 5839 2669 5839 3091 5839 2706 5840 2707 5840 3091 5840 2715 5841 3092 5841 3093 5841 2715 5842 3093 5842 3094 5842 2715 5843 3094 5843 3089 5843 3095 5844 3096 5844 3092 5844 3097 5845 3095 5845 3092 5845 3098 5846 3096 5846 3095 5846 3099 5847 3097 5847 3092 5847 3099 5848 3092 5848 2715 5848 3100 5849 3099 5849 2715 5849 2711 5850 3101 5850 3102 5850 2711 5851 3102 5851 3100 5851 2711 5852 3100 5852 2715 5852 3103 5853 3096 5853 3098 5853 3104 5854 3103 5854 3098 5854 2699 5855 2700 5855 3103 5855 2699 5856 3103 5856 3104 5856 2662 5857 2699 5857 3104 5857 2663 5858 2662 5858 3104 5858 2717 5859 3101 5859 2711 5859 2654 5860 2656 5860 3105 5860 2653 5861 2654 5861 3105 5861 2480 5862 3105 5862 2717 5862 2480 5863 2653 5863 3105 5863 3105 5864 3101 5864 2717 5864 3075 5865 3081 5865 2746 5865 2482 5866 2799 5866 2660 5866 2660 5867 3106 5867 2685 5867 2799 5868 3106 5868 2660 5868 2685 5869 3107 5869 2664 5869 3106 5870 3107 5870 2685 5870 2664 5871 3108 5871 2665 5871 3107 5872 3108 5872 2664 5872 2665 5873 3109 5873 2687 5873 3108 5874 3109 5874 2665 5874 2687 5875 3110 5875 2689 5875 3109 5876 3110 5876 2687 5876 2689 5877 3111 5877 2690 5877 3110 5878 3111 5878 2689 5878 3111 5879 3112 5879 2690 5879 2690 5880 3113 5880 2673 5880 3112 5881 3113 5881 2690 5881 2673 5882 3114 5882 2692 5882 3113 5883 3114 5883 2673 5883 2692 5884 3115 5884 2694 5884 3114 5885 3115 5885 2692 5885 2694 5886 3116 5886 2695 5886 3115 5887 3116 5887 2694 5887 2695 5888 2787 5888 2463 5888 3116 5889 2787 5889 2695 5889 3117 5890 3118 5890 2677 5890 3117 5891 2677 5891 2678 5891 3117 5892 2678 5892 3119 5892 3117 5893 3119 5893 3118 5893 2681 5894 2677 5894 3118 5894 3120 5895 2681 5895 3118 5895 2682 5896 3120 5896 3121 5896 2682 5897 2681 5897 3120 5897 2691 5898 3122 5898 2675 5898 3123 5899 3124 5899 3125 5899 3126 5900 3122 5900 2691 5900 3127 5901 3125 5901 3122 5901 3127 5902 3128 5902 3123 5902 3127 5903 3122 5903 3126 5903 3127 5904 3123 5904 3125 5904 3129 5905 2691 5905 2693 5905 3129 5906 2693 5906 2682 5906 3129 5907 2682 5907 3121 5907 3129 5908 3126 5908 2691 5908 3129 5909 3127 5909 3126 5909 3130 5910 3121 5910 3128 5910 3130 5911 3128 5911 3127 5911 3130 5912 3127 5912 3129 5912 3130 5913 3129 5913 3121 5913 3131 5914 3125 5914 3124 5914 2676 5915 2675 5915 3122 5915 2676 5916 3122 5916 3125 5916 2676 5917 3125 5917 3131 5917 3132 5918 3133 5918 2670 5918 3132 5919 2670 5919 2676 5919 3132 5920 3131 5920 3133 5920 3132 5921 2676 5921 3131 5921 3134 5922 3133 5922 3135 5922 3134 5923 3135 5923 2671 5923 3134 5924 2671 5924 2670 5924 3134 5925 2670 5925 3133 5925 3136 5926 2706 5926 3137 5926 3136 5927 3137 5927 3138 5927 3139 5928 3140 5928 2704 5928 3139 5929 2704 5929 2706 5929 3139 5930 3138 5930 3140 5930 3139 5931 2706 5931 3136 5931 3139 5932 3136 5932 3138 5932 3141 5933 2704 5933 3140 5933 2674 5934 2704 5934 3141 5934 3142 5935 2674 5935 3141 5935 2672 5936 2674 5936 3142 5936 3143 5937 3144 5937 2667 5937 3143 5938 3145 5938 3144 5938 3143 5939 2667 5939 2686 5939 3146 5940 3147 5940 3145 5940 3146 5941 3148 5941 3147 5941 3146 5942 3145 5942 3143 5942 3149 5943 2686 5943 2688 5943 3149 5944 2688 5944 2672 5944 3149 5945 2672 5945 3142 5945 3149 5946 3143 5946 2686 5946 3150 5947 3151 5947 3148 5947 3150 5948 3142 5948 3151 5948 3150 5949 3148 5949 3146 5949 3150 5950 3146 5950 3143 5950 3150 5951 3143 5951 3149 5951 3150 5952 3149 5952 3142 5952 3152 5953 3145 5953 3147 5953 2668 5954 2667 5954 3144 5954 2668 5955 3144 5955 3145 5955 2668 5956 3145 5956 3152 5956 3153 5957 2701 5957 2668 5957 3153 5958 3152 5958 3154 5958 3153 5959 3154 5959 2701 5959 3153 5960 2668 5960 3152 5960 3155 5961 2701 5961 3154 5961 3155 5962 3154 5962 3156 5962 3157 5963 3156 5963 3158 5963 3157 5964 3158 5964 2700 5964 3157 5965 2700 5965 2701 5965 3157 5966 3155 5966 3156 5966 3157 5967 2701 5967 3155 5967 3159 5968 2663 5968 3104 5968 2663 5969 3160 5969 2661 5969 3159 5970 3160 5970 2663 5970 3160 5971 3161 5971 2661 5971 3161 5972 3162 5972 2661 5972 2661 5973 3163 5973 2666 5973 3162 5974 3163 5974 2661 5974 3163 5975 3164 5975 2666 5975 3164 5976 3165 5976 2666 5976 3165 5977 3166 5977 2666 5977 2666 5978 3167 5978 2684 5978 3166 5979 3167 5979 2666 5979 2684 5980 3168 5980 2683 5980 3167 5981 3168 5981 2684 5981 2683 5982 3169 5982 2658 5982 3168 5983 3169 5983 2683 5983 2658 5984 3169 5984 2659 5984 3169 5985 3170 5985 2659 5985 3170 5986 3171 5986 2659 5986 3171 5987 2657 5987 2659 5987 3171 5988 3172 5988 2657 5988 3172 5989 2655 5989 2657 5989 2656 5990 3173 5990 3105 5990 2655 5991 3173 5991 2656 5991 3172 5992 3173 5992 2655 5992 3173 5993 3174 5993 3105 5993 2786 5994 3175 5994 2744 5994 2786 5995 2744 5995 2747 5995 2744 5996 3176 5996 2742 5996 3175 5997 3176 5997 2744 5997 2742 5998 3177 5998 2740 5998 3176 5999 3177 5999 2742 5999 3178 6000 3179 6000 2737 6000 3178 6001 2737 6001 2738 6001 3180 6002 2738 6002 2739 6002 3180 6003 3178 6003 2738 6003 3177 6004 2739 6004 2740 6004 3177 6005 3180 6005 2739 6005 3179 6006 3181 6006 2737 6006 2737 6007 3181 6007 2734 6007 3181 6008 3182 6008 2734 6008 2734 6009 3182 6009 2736 6009 3182 6010 3183 6010 2736 6010 2736 6011 2771 6011 2745 6011 3183 6012 2771 6012 2736 6012 3184 6013 2502 6013 2770 6013 3184 6014 2770 6014 3071 6014 3184 6015 3071 6015 2743 6015 3184 6016 2743 6016 2502 6016 3185 6017 2743 6017 3071 6017 3185 6018 3071 6018 3186 6018 3185 6019 3186 6019 2735 6019 3185 6020 2735 6020 2743 6020 3187 6021 2730 6021 2735 6021 3187 6022 2735 6022 3186 6022 3187 6023 3186 6023 3188 6023 3187 6024 3188 6024 2730 6024 3189 6025 2730 6025 3188 6025 3189 6026 2731 6026 2730 6026 3190 6027 3188 6027 3191 6027 3190 6028 3191 6028 2732 6028 3190 6029 2732 6029 2731 6029 3190 6030 2731 6030 3189 6030 3190 6031 3189 6031 3188 6031 3192 6032 3193 6032 2803 6032 2727 6033 2728 6033 3194 6033 3195 6034 2732 6034 3191 6034 3195 6035 3191 6035 3196 6035 3197 6036 2733 6036 2732 6036 3197 6037 2732 6037 3195 6037 3198 6038 3192 6038 3194 6038 3198 6039 3196 6039 3193 6039 3198 6040 3195 6040 3196 6040 3198 6041 3193 6041 3192 6041 3199 6042 2728 6042 2733 6042 3199 6043 2733 6043 3197 6043 3199 6044 3197 6044 3195 6044 3199 6045 3195 6045 3198 6045 3199 6046 3198 6046 3194 6046 3199 6047 3194 6047 2728 6047 3200 6048 2725 6048 2727 6048 3200 6049 2727 6049 3194 6049 3201 6050 2804 6050 2722 6050 3201 6051 2722 6051 2725 6051 3201 6052 2725 6052 3200 6052 3202 6053 3192 6053 2803 6053 3202 6054 3194 6054 3192 6054 3202 6055 3200 6055 3194 6055 3203 6056 2803 6056 2804 6056 3203 6057 2804 6057 3201 6057 3203 6058 3201 6058 3200 6058 3203 6059 3202 6059 2803 6059 3203 6060 3200 6060 3202 6060 3204 6061 2804 6061 2520 6061 3204 6062 2520 6062 2726 6062 3204 6063 2726 6063 2722 6063 3204 6064 2722 6064 2804 6064 3205 6065 2474 6065 2767 6065 3205 6066 2767 6066 3206 6066 3205 6067 3206 6067 2729 6067 3205 6068 2729 6068 2474 6068 3207 6069 2729 6069 3206 6069 3207 6070 3206 6070 3208 6070 3207 6071 3208 6071 2723 6071 3207 6072 2723 6072 2729 6072 3209 6073 2724 6073 2723 6073 3209 6074 2723 6074 3208 6074 3209 6075 3208 6075 3210 6075 3211 6076 3210 6076 3212 6076 3211 6077 3212 6077 2724 6077 3211 6078 3209 6078 3210 6078 3211 6079 2724 6079 3209 6079 3213 6080 2724 6080 3212 6080 3213 6081 2720 6081 2724 6081 3214 6082 3212 6082 3215 6082 3214 6083 3215 6083 2719 6083 3214 6084 2719 6084 2720 6084 3214 6085 2720 6085 3213 6085 3214 6086 3213 6086 3212 6086 2714 6087 2716 6087 3216 6087 3217 6088 3215 6088 3218 6088 3219 6089 2718 6089 2719 6089 3219 6090 2719 6090 3215 6090 3219 6091 3215 6091 3217 6091 3220 6092 3221 6092 3222 6092 3220 6093 3218 6093 3223 6093 3220 6094 3223 6094 3221 6094 3220 6095 3217 6095 3218 6095 3224 6096 3222 6096 3216 6096 3224 6097 2716 6097 2718 6097 3224 6098 2718 6098 3219 6098 3224 6099 3220 6099 3222 6099 3224 6100 3217 6100 3220 6100 3224 6101 3219 6101 3217 6101 3224 6102 3216 6102 2716 6102 3225 6103 2712 6103 2714 6103 3225 6104 2714 6104 3216 6104 3226 6105 3227 6105 2710 6105 3226 6106 2710 6106 2712 6106 3226 6107 2712 6107 3225 6107 3228 6108 3222 6108 3221 6108 3228 6109 3216 6109 3222 6109 3228 6110 3225 6110 3216 6110 3229 6111 3221 6111 3227 6111 3229 6112 3227 6112 3226 6112 3229 6113 3226 6113 3225 6113 3229 6114 3228 6114 3221 6114 3229 6115 3225 6115 3228 6115 3230 6116 3227 6116 3231 6116 3230 6117 3231 6117 2713 6117 3230 6118 2713 6118 2710 6118 3230 6119 2710 6119 3227 6119 3232 6120 3233 6120 2721 6120 3232 6121 2721 6121 2713 6121 3232 6122 2713 6122 3231 6122 3232 6123 3231 6123 3233 6123 3234 6124 2750 6124 2477 6124 3234 6125 2477 6125 2721 6125 3234 6126 2721 6126 3233 6126 3234 6127 3233 6127 2750 6127 3235 6128 2750 6128 3233 6128 3235 6129 3236 6129 2750 6129 2750 6130 3237 6130 2749 6130 3236 6131 3237 6131 2750 6131 2749 6132 3238 6132 2751 6132 3237 6133 3238 6133 2749 6133 3238 6134 3239 6134 2751 6134 2751 6135 3240 6135 2752 6135 3239 6136 3240 6136 2751 6136 3240 6137 3043 6137 2752 6137 2752 6138 3037 6138 2753 6138 3043 6139 3037 6139 2752 6139 2753 6140 3037 6140 2762 6140 3037 6141 3038 6141 2762 6141 2754 6142 3041 6142 2755 6142 2762 6143 3041 6143 2754 6143 3038 6144 3041 6144 2762 6144 3041 6145 3032 6145 2755 6145 3032 6146 2862 6146 2755 6146 2862 6147 2763 6147 2755 6147 2862 6148 2858 6148 2763 6148 2858 6149 2765 6149 2763 6149 2765 6150 2856 6150 2767 6150 2858 6151 2856 6151 2765 6151 2856 6152 3206 6152 2767 6152 2856 6153 2854 6153 3206 6153 3241 6154 2773 6154 2772 6154 3241 6155 3014 6155 3015 6155 3241 6156 3015 6156 2773 6156 3242 6157 3014 6157 3241 6157 3242 6158 3241 6158 2772 6158 3243 6159 2772 6159 2771 6159 3243 6160 3011 6160 3014 6160 3243 6161 3014 6161 3242 6161 3243 6162 3242 6162 2772 6162 3244 6163 2771 6163 3008 6163 3244 6164 3008 6164 3011 6164 3244 6165 3243 6165 2771 6165 3244 6166 3011 6166 3243 6166 3245 6167 3016 6167 3017 6167 3245 6168 3017 6168 2774 6168 3246 6169 2774 6169 2773 6169 3246 6170 2773 6170 3015 6170 3246 6171 3015 6171 3016 6171 3246 6172 3016 6172 3245 6172 3246 6173 3245 6173 2774 6173 3247 6174 3019 6174 2776 6174 3247 6175 2776 6175 2775 6175 3248 6176 3018 6176 3019 6176 3248 6177 3019 6177 3247 6177 3248 6178 3247 6178 2775 6178 3249 6179 2774 6179 3017 6179 3249 6180 3017 6180 3018 6180 3249 6181 2775 6181 2774 6181 3249 6182 3018 6182 3248 6182 3249 6183 3248 6183 2775 6183 3250 6184 2776 6184 3019 6184 3250 6185 3019 6185 2572 6185 3250 6186 2572 6186 2777 6186 3250 6187 2777 6187 2776 6187 3251 6188 2986 6188 2785 6188 3251 6189 2785 6189 2784 6189 3251 6190 2985 6190 2986 6190 3252 6191 2985 6191 3251 6191 3252 6192 3251 6192 2784 6192 3253 6193 2784 6193 2783 6193 3253 6194 2984 6194 2985 6194 3253 6195 2985 6195 3252 6195 3253 6196 3252 6196 2784 6196 3254 6197 2783 6197 2782 6197 3254 6198 2782 6198 2554 6198 3254 6199 2554 6199 2984 6199 3254 6200 3253 6200 2783 6200 3254 6201 2984 6201 3253 6201 3255 6202 2986 6202 2983 6202 3255 6203 2983 6203 2981 6203 3255 6204 2981 6204 2786 6204 3255 6205 2786 6205 2785 6205 3255 6206 2785 6206 2986 6206 2788 6207 2787 6207 3256 6207 3257 6208 3258 6208 3259 6208 2799 6209 2798 6209 3260 6209 3261 6210 3262 6210 3263 6210 3261 6211 3264 6211 3262 6211 3265 6212 3256 6212 3264 6212 3265 6213 2788 6213 3256 6213 3265 6214 3264 6214 3261 6214 3266 6215 3263 6215 3267 6215 3266 6216 3261 6216 3263 6216 3266 6217 3265 6217 3261 6217 3268 6218 2789 6218 2788 6218 3268 6219 3265 6219 3266 6219 3268 6220 2788 6220 3265 6220 3269 6221 3267 6221 3270 6221 3269 6222 3266 6222 3267 6222 3271 6223 2790 6223 2789 6223 3271 6224 3266 6224 3269 6224 3271 6225 2789 6225 3268 6225 3271 6226 3268 6226 3266 6226 3272 6227 3270 6227 3273 6227 3272 6228 3269 6228 3270 6228 3274 6229 2791 6229 2790 6229 3274 6230 2790 6230 3271 6230 3274 6231 3269 6231 3272 6231 3274 6232 3271 6232 3269 6232 3275 6233 3273 6233 3276 6233 3275 6234 3272 6234 3273 6234 3277 6235 2792 6235 2791 6235 3277 6236 3272 6236 3275 6236 3277 6237 3274 6237 3272 6237 3277 6238 2791 6238 3274 6238 3278 6239 3276 6239 3279 6239 3278 6240 3275 6240 3276 6240 3278 6241 3277 6241 3275 6241 3280 6242 2793 6242 2792 6242 3280 6243 3277 6243 3278 6243 3280 6244 2792 6244 3277 6244 3281 6245 3279 6245 3282 6245 3281 6246 3278 6246 3279 6246 3283 6247 2794 6247 2793 6247 3283 6248 2793 6248 3280 6248 3283 6249 3280 6249 3278 6249 3283 6250 3278 6250 3281 6250 3284 6251 3282 6251 3285 6251 3284 6252 3281 6252 3282 6252 3286 6253 3281 6253 3284 6253 3286 6254 2795 6254 2794 6254 3286 6255 2794 6255 3283 6255 3286 6256 3283 6256 3281 6256 3287 6257 3285 6257 3288 6257 3287 6258 3284 6258 3285 6258 3289 6259 3284 6259 3287 6259 3289 6260 2796 6260 2795 6260 3289 6261 2795 6261 3286 6261 3289 6262 3286 6262 3284 6262 3290 6263 3288 6263 3291 6263 3290 6264 3287 6264 3288 6264 3292 6265 2796 6265 3289 6265 3292 6266 3287 6266 3290 6266 3292 6267 2797 6267 2796 6267 3292 6268 3289 6268 3287 6268 3293 6269 3290 6269 3291 6269 3293 6270 3291 6270 3258 6270 3293 6271 3258 6271 3257 6271 3294 6272 3257 6272 3260 6272 3294 6273 3292 6273 3290 6273 3294 6274 2797 6274 3292 6274 3294 6275 2798 6275 2797 6275 3294 6276 3290 6276 3293 6276 3294 6277 3260 6277 2798 6277 3294 6278 3293 6278 3257 6278 2801 6279 2803 6279 3193 6279 3295 6280 3193 6280 3196 6280 3295 6281 2801 6281 3193 6281 3296 6282 3295 6282 3196 6282 3297 6283 3196 6283 3191 6283 3297 6284 3296 6284 3196 6284 2801 6285 2824 6285 2823 6285 3298 6286 2802 6286 2801 6286 3298 6287 2823 6287 2821 6287 3298 6288 2801 6288 2823 6288 3299 6289 2527 6289 2805 6289 3299 6290 2805 6290 2802 6290 3299 6291 2821 6291 2527 6291 3299 6292 3298 6292 2821 6292 3299 6293 2802 6293 3298 6293 2826 6294 3300 6294 3301 6294 2826 6295 3302 6295 3300 6295 2826 6296 2836 6296 3302 6296 2826 6297 3303 6297 3304 6297 2826 6298 3305 6298 3303 6298 2826 6299 3301 6299 3305 6299 2826 6300 3304 6300 3306 6300 3307 6301 2826 6301 3306 6301 3308 6302 2826 6302 3307 6302 3309 6303 2826 6303 3308 6303 2838 6304 3310 6304 3311 6304 2838 6305 3309 6305 3310 6305 2838 6306 3311 6306 3312 6306 2838 6307 2826 6307 3309 6307 3313 6308 2838 6308 3312 6308 3314 6309 2838 6309 3313 6309 3315 6310 2838 6310 3314 6310 2845 6311 3316 6311 3317 6311 2845 6312 3315 6312 3316 6312 2845 6313 3317 6313 3318 6313 2845 6314 2838 6314 3315 6314 3319 6315 3320 6315 3321 6315 3319 6316 3322 6316 3320 6316 3323 6317 3324 6317 3325 6317 3326 6318 3324 6318 3323 6318 2811 6319 3324 6319 3326 6319 2807 6320 3324 6320 2811 6320 2807 6321 3327 6321 3324 6321 2807 6322 3328 6322 3327 6322 2807 6323 3329 6323 3328 6323 2819 6324 3322 6324 3319 6324 2819 6325 3329 6325 2807 6325 2819 6326 3330 6326 3331 6326 2819 6327 3331 6327 3322 6327 2819 6328 3319 6328 3329 6328 2822 6329 2846 6329 2845 6329 2822 6330 3332 6330 3333 6330 2822 6331 3318 6331 3332 6331 2822 6332 3334 6332 3330 6332 2822 6333 3333 6333 3334 6333 2822 6334 2845 6334 3318 6334 2822 6335 3330 6335 2819 6335 3335 6336 2813 6336 2812 6336 3336 6337 2809 6337 3337 6337 3336 6338 3337 6338 3335 6338 3336 6339 2812 6339 2814 6339 3336 6340 2814 6340 2809 6340 3336 6341 3335 6341 2812 6341 3338 6342 3339 6342 3340 6342 2817 6343 2816 6343 3341 6343 3342 6344 3335 6344 3343 6344 3344 6345 2813 6345 3335 6345 3344 6346 2815 6346 2813 6346 3344 6347 3335 6347 3342 6347 3345 6348 3343 6348 3339 6348 3345 6349 3338 6349 3341 6349 3345 6350 3342 6350 3343 6350 3345 6351 3339 6351 3338 6351 3346 6352 2816 6352 2815 6352 3346 6353 2815 6353 3344 6353 3346 6354 3344 6354 3342 6354 3346 6355 3342 6355 3345 6355 3346 6356 3345 6356 3341 6356 3346 6357 3341 6357 2816 6357 2818 6358 3341 6358 3338 6358 2818 6359 2817 6359 3341 6359 3347 6360 2820 6360 2818 6360 3347 6361 3338 6361 3340 6361 3347 6362 3340 6362 3348 6362 3347 6363 2818 6363 3338 6363 3349 6364 3348 6364 3350 6364 3349 6365 3350 6365 2851 6365 3349 6366 2851 6366 2523 6366 3349 6367 2523 6367 2820 6367 3349 6368 3347 6368 3348 6368 3349 6369 2820 6369 3347 6369 3351 6370 3296 6370 3297 6370 2848 6371 2847 6371 3352 6371 3353 6372 2824 6372 2801 6372 3353 6373 2801 6373 3295 6373 3354 6374 2825 6374 2824 6374 3354 6375 2824 6375 3353 6375 3355 6376 3295 6376 3296 6376 3355 6377 3351 6377 3352 6377 3355 6378 3353 6378 3295 6378 3355 6379 3296 6379 3351 6379 3356 6380 2847 6380 2825 6380 3356 6381 2825 6381 3354 6381 3356 6382 3354 6382 3353 6382 3356 6383 3355 6383 3352 6383 3356 6384 3352 6384 2847 6384 3356 6385 3353 6385 3355 6385 2849 6386 3352 6386 3351 6386 2849 6387 2848 6387 3352 6387 3357 6388 2839 6388 2849 6388 3357 6389 3351 6389 3297 6389 3357 6390 3297 6390 3358 6390 3357 6391 2849 6391 3351 6391 3359 6392 3358 6392 3360 6392 3359 6393 3360 6393 2840 6393 3359 6394 2840 6394 2839 6394 3359 6395 2839 6395 3357 6395 3359 6396 3357 6396 3358 6396 3179 6397 2828 6397 2827 6397 3361 6398 2827 6398 2844 6398 3361 6399 2844 6399 2842 6399 3361 6400 2842 6400 3182 6400 3361 6401 3182 6401 3181 6401 3361 6402 3181 6402 3179 6402 3361 6403 3179 6403 2827 6403 2830 6404 2829 6404 3362 6404 3363 6405 2828 6405 3179 6405 3363 6406 3179 6406 3178 6406 3364 6407 2831 6407 2828 6407 3364 6408 2828 6408 3363 6408 3365 6409 3178 6409 3180 6409 3365 6410 3180 6410 3177 6410 3365 6411 3177 6411 3366 6411 3365 6412 3363 6412 3178 6412 3367 6413 3366 6413 3362 6413 3367 6414 2829 6414 2831 6414 3367 6415 2831 6415 3364 6415 3367 6416 3364 6416 3363 6416 3367 6417 3363 6417 3365 6417 3367 6418 3365 6418 3366 6418 3367 6419 3362 6419 2829 6419 2834 6420 3362 6420 3366 6420 2834 6421 2830 6421 3362 6421 3368 6422 3366 6422 3177 6422 3368 6423 3177 6423 3176 6423 3368 6424 3176 6424 2833 6424 3368 6425 2833 6425 2832 6425 3368 6426 2832 6426 2834 6426 3368 6427 2834 6427 3366 6427 2852 6428 2851 6428 3208 6428 3208 6429 2851 6429 3210 6429 2851 6430 3350 6430 3210 6430 2854 6431 2852 6431 3208 6431 2854 6432 3208 6432 3206 6432 2978 6433 2634 6433 3369 6433 2634 6434 2868 6434 3369 6434 3369 6435 2880 6435 3370 6435 2868 6436 2880 6436 3369 6436 3370 6437 2885 6437 3371 6437 2880 6438 2885 6438 3370 6438 3371 6439 2894 6439 3372 6439 3372 6440 2894 6440 3373 6440 2885 6441 2894 6441 3371 6441 2894 6442 2902 6442 3373 6442 3373 6443 2913 6443 3374 6443 2902 6444 2913 6444 3373 6444 3374 6445 2918 6445 3375 6445 2913 6446 2918 6446 3374 6446 3375 6447 2927 6447 3376 6447 3376 6448 2927 6448 3377 6448 2918 6449 2927 6449 3375 6449 2927 6450 2936 6450 3377 6450 3377 6451 2946 6451 3378 6451 3378 6452 2946 6452 3379 6452 2936 6453 2946 6453 3377 6453 3379 6454 2951 6454 2966 6454 2946 6455 2951 6455 3379 6455 2951 6456 2541 6456 2966 6456 3326 6457 3055 6457 2811 6457 3323 6458 3055 6458 3326 6458 3325 6459 3055 6459 3323 6459 3055 6460 3380 6460 3056 6460 3380 6461 3381 6461 3056 6461 2874 6462 2866 6462 3382 6462 3382 6463 2864 6463 3383 6463 2866 6464 2864 6464 3382 6464 3383 6465 2537 6465 3384 6465 3384 6466 2537 6466 3381 6466 3381 6467 2537 6467 3056 6467 2864 6468 2537 6468 3383 6468 3325 6469 3380 6469 3055 6469 3385 6470 3169 6470 2871 6470 3385 6471 2873 6471 2874 6471 3385 6472 2875 6472 2873 6472 3385 6473 2871 6473 2875 6473 3385 6474 2874 6474 3170 6474 3385 6475 3170 6475 3169 6475 2883 6476 3386 6476 2887 6476 3167 6477 3166 6477 3387 6477 3388 6478 3386 6478 2883 6478 3389 6479 3387 6479 3386 6479 3389 6480 3386 6480 3388 6480 3389 6481 3167 6481 3387 6481 3390 6482 2877 6482 2871 6482 3390 6483 2883 6483 2877 6483 3390 6484 3388 6484 2883 6484 3391 6485 2871 6485 3169 6485 3391 6486 3168 6486 3167 6486 3391 6487 3169 6487 3168 6487 3391 6488 3167 6488 3389 6488 3391 6489 3389 6489 3388 6489 3391 6490 3388 6490 3390 6490 3391 6491 3390 6491 2871 6491 2889 6492 2887 6492 3386 6492 3392 6493 3386 6493 3387 6493 3392 6494 3387 6494 3166 6494 3392 6495 3166 6495 3165 6495 3393 6496 2891 6496 2889 6496 3393 6497 3386 6497 3392 6497 3393 6498 2889 6498 3386 6498 3394 6499 3393 6499 3392 6499 3394 6500 3392 6500 3165 6500 3395 6501 2892 6501 2891 6501 3395 6502 2891 6502 3393 6502 3396 6503 3394 6503 3165 6503 3396 6504 3393 6504 3394 6504 3396 6505 3395 6505 3393 6505 3397 6506 2892 6506 3395 6506 3398 6507 3395 6507 3396 6507 3398 6508 3396 6508 3165 6508 3399 6509 2892 6509 3397 6509 3400 6510 3398 6510 3165 6510 3400 6511 3395 6511 3398 6511 3401 6512 2892 6512 3399 6512 3402 6513 3165 6513 2892 6513 3402 6514 3397 6514 3395 6514 3402 6515 3399 6515 3397 6515 3402 6516 3400 6516 3165 6516 3402 6517 3395 6517 3400 6517 3402 6518 2892 6518 3401 6518 3402 6519 3401 6519 3399 6519 3331 6520 3403 6520 3322 6520 3403 6521 3320 6521 3322 6521 3320 6522 3404 6522 3321 6522 3403 6523 3404 6523 3320 6523 3405 6524 3406 6524 3403 6524 3403 6525 3406 6525 3404 6525 3405 6526 3407 6526 3406 6526 3408 6527 3409 6527 3407 6527 3407 6528 3409 6528 3406 6528 3408 6529 3410 6529 3409 6529 3411 6530 2898 6530 3410 6530 2907 6531 2898 6531 3411 6531 3410 6532 3412 6532 3409 6532 2898 6533 3413 6533 3410 6533 3410 6534 3413 6534 3412 6534 3413 6535 2895 6535 3414 6535 3414 6536 2895 6536 3415 6536 2898 6537 2895 6537 3413 6537 2895 6538 3416 6538 3415 6538 2895 6539 3417 6539 3416 6539 2895 6540 2892 6540 3417 6540 3418 6541 3419 6541 2904 6541 3418 6542 2904 6542 2908 6542 3420 6543 2907 6543 3421 6543 3420 6544 3421 6544 3419 6544 3420 6545 2906 6545 2907 6545 3420 6546 2908 6546 2906 6546 3420 6547 3418 6547 2908 6547 3420 6548 3419 6548 3418 6548 2916 6549 3422 6549 2921 6549 3423 6550 3424 6550 3422 6550 3423 6551 3422 6551 2916 6551 3425 6552 3426 6552 3427 6552 3425 6553 3427 6553 3424 6553 3425 6554 3424 6554 3423 6554 3428 6555 2904 6555 3419 6555 3428 6556 2910 6556 2904 6556 3428 6557 2916 6557 2910 6557 3428 6558 3425 6558 3423 6558 3428 6559 3423 6559 2916 6559 3429 6560 3430 6560 3426 6560 3429 6561 3419 6561 3430 6561 3429 6562 3426 6562 3425 6562 3429 6563 3428 6563 3419 6563 3429 6564 3425 6564 3428 6564 3431 6565 2923 6565 2921 6565 3431 6566 2924 6566 2923 6566 3431 6567 2921 6567 3422 6567 3431 6568 3422 6568 3424 6568 3432 6569 3424 6569 3427 6569 3432 6570 3427 6570 3433 6570 3432 6571 3431 6571 3424 6571 3434 6572 2925 6572 2924 6572 3434 6573 2924 6573 3431 6573 3434 6574 3431 6574 3432 6574 3435 6575 3432 6575 3433 6575 3436 6576 3432 6576 3435 6576 3436 6577 3434 6577 3432 6577 3436 6578 2925 6578 3434 6578 3437 6579 3435 6579 3433 6579 3438 6580 3436 6580 3435 6580 3438 6581 2925 6581 3436 6581 3439 6582 3437 6582 3433 6582 3440 6583 2925 6583 3438 6583 3440 6584 3438 6584 3435 6584 3441 6585 3439 6585 3433 6585 3442 6586 3433 6586 2925 6586 3442 6587 3435 6587 3437 6587 3442 6588 2925 6588 3440 6588 3442 6589 3437 6589 3439 6589 3442 6590 3441 6590 3433 6590 3442 6591 3440 6591 3435 6591 3442 6592 3439 6592 3441 6592 3311 6593 3443 6593 3312 6593 3313 6594 3444 6594 3314 6594 3312 6595 3444 6595 3313 6595 3443 6596 3444 6596 3312 6596 3443 6597 3445 6597 3444 6597 3445 6598 3446 6598 3444 6598 3445 6599 3447 6599 3446 6599 3448 6600 3449 6600 3447 6600 3447 6601 3449 6601 3446 6601 3448 6602 3450 6602 3449 6602 3451 6603 2932 6603 3450 6603 2940 6604 2932 6604 3451 6604 3450 6605 3452 6605 3449 6605 2932 6606 3453 6606 3450 6606 3450 6607 3453 6607 3452 6607 3453 6608 2929 6608 3454 6608 3454 6609 2929 6609 3455 6609 2932 6610 2929 6610 3453 6610 2929 6611 3456 6611 3455 6611 2929 6612 3457 6612 3456 6612 2929 6613 2925 6613 3457 6613 3458 6614 2940 6614 3459 6614 3458 6615 3459 6615 3460 6615 3458 6616 3460 6616 2937 6616 3458 6617 2938 6617 2940 6617 3458 6618 2941 6618 2938 6618 3458 6619 2937 6619 2941 6619 3461 6620 3462 6620 3463 6620 3464 6621 3465 6621 2953 6621 3464 6622 3463 6622 3465 6622 3464 6623 2953 6623 2948 6623 3466 6624 3461 6624 3463 6624 3466 6625 3463 6625 3464 6625 3467 6626 2943 6626 2937 6626 3467 6627 2948 6627 2943 6627 3467 6628 3464 6628 2948 6628 3468 6629 2937 6629 3460 6629 3468 6630 3469 6630 3461 6630 3468 6631 3460 6631 3469 6631 3468 6632 3461 6632 3466 6632 3468 6633 3466 6633 3464 6633 3468 6634 3467 6634 2937 6634 3468 6635 3464 6635 3467 6635 2956 6636 2953 6636 3465 6636 3470 6637 3465 6637 3463 6637 3470 6638 3463 6638 3462 6638 3470 6639 3462 6639 3471 6639 3472 6640 2958 6640 2956 6640 3472 6641 3465 6641 3470 6641 3472 6642 2956 6642 3465 6642 3473 6643 3472 6643 3470 6643 3473 6644 3470 6644 3471 6644 3474 6645 2959 6645 2958 6645 3474 6646 2958 6646 3472 6646 3475 6647 3473 6647 3471 6647 3475 6648 3472 6648 3473 6648 3475 6649 3474 6649 3472 6649 3476 6650 2959 6650 3474 6650 3477 6651 3474 6651 3475 6651 3477 6652 3475 6652 3471 6652 3478 6653 2959 6653 3476 6653 3479 6654 3477 6654 3471 6654 3479 6655 3474 6655 3477 6655 3480 6656 2959 6656 3478 6656 3481 6657 3471 6657 2959 6657 3481 6658 3476 6658 3474 6658 3481 6659 3479 6659 3471 6659 3481 6660 3478 6660 3476 6660 3481 6661 3474 6661 3479 6661 3481 6662 2959 6662 3480 6662 3481 6663 3480 6663 3478 6663 3300 6664 3482 6664 3301 6664 3302 6665 3482 6665 3300 6665 2836 6666 3482 6666 3302 6666 2836 6667 2980 6667 3482 6667 2982 6668 3483 6668 2980 6668 2982 6669 3484 6669 3483 6669 3484 6670 2544 6670 3485 6670 3485 6671 2544 6671 3486 6671 2982 6672 2544 6672 3484 6672 3486 6673 2965 6673 3487 6673 3487 6674 2965 6674 3488 6674 2544 6675 2965 6675 3486 6675 2965 6676 2961 6676 3488 6676 2961 6677 3489 6677 3488 6677 2961 6678 3490 6678 3489 6678 2961 6679 2959 6679 3490 6679 3483 6680 3482 6680 2980 6680 2967 6681 3491 6681 2966 6681 3492 6682 2977 6682 2978 6682 3493 6683 3491 6683 2967 6683 3494 6684 3495 6684 3496 6684 3494 6685 3497 6685 3495 6685 3494 6686 3498 6686 3491 6686 3494 6687 3496 6687 3498 6687 3494 6688 3491 6688 3493 6688 3499 6689 2967 6689 2968 6689 3499 6690 3493 6690 2967 6690 3500 6691 3493 6691 3499 6691 3500 6692 3497 6692 3494 6692 3500 6693 3494 6693 3493 6693 3501 6694 2968 6694 2969 6694 3501 6695 2969 6695 2970 6695 3501 6696 3499 6696 2968 6696 3502 6697 3503 6697 3497 6697 3502 6698 3499 6698 3501 6698 3502 6699 3497 6699 3500 6699 3502 6700 3500 6700 3499 6700 3504 6701 2970 6701 2971 6701 3504 6702 3501 6702 2970 6702 3505 6703 3506 6703 3503 6703 3505 6704 3501 6704 3504 6704 3505 6705 3502 6705 3501 6705 3505 6706 3503 6706 3502 6706 3507 6707 3504 6707 2971 6707 3508 6708 3509 6708 3506 6708 3508 6709 3510 6709 3509 6709 3508 6710 3506 6710 3505 6710 3508 6711 3504 6711 3507 6711 3508 6712 3505 6712 3504 6712 3511 6713 2971 6713 2972 6713 3511 6714 2972 6714 2973 6714 3511 6715 3507 6715 2971 6715 3512 6716 3507 6716 3511 6716 3512 6717 3510 6717 3508 6717 3512 6718 3508 6718 3507 6718 3513 6719 2973 6719 2974 6719 3513 6720 3511 6720 2973 6720 3513 6721 3512 6721 3511 6721 3514 6722 3515 6722 3510 6722 3514 6723 3510 6723 3512 6723 3514 6724 3512 6724 3513 6724 3516 6725 3513 6725 2974 6725 3517 6726 3513 6726 3516 6726 3517 6727 3518 6727 3515 6727 3517 6728 3515 6728 3514 6728 3517 6729 3514 6729 3513 6729 3519 6730 2974 6730 2975 6730 3519 6731 3516 6731 2974 6731 3520 6732 3516 6732 3519 6732 3520 6733 3521 6733 3518 6733 3520 6734 3518 6734 3517 6734 3520 6735 3517 6735 3516 6735 3522 6736 2975 6736 2976 6736 3522 6737 2976 6737 2977 6737 3522 6738 3519 6738 2975 6738 3523 6739 3521 6739 3520 6739 3523 6740 3519 6740 3522 6740 3523 6741 3520 6741 3519 6741 3523 6742 3524 6742 3521 6742 3525 6743 3522 6743 2977 6743 3525 6744 3492 6744 3526 6744 3525 6745 2977 6745 3492 6745 3527 6746 3523 6746 3522 6746 3527 6747 3526 6747 3528 6747 3527 6748 3524 6748 3523 6748 3527 6749 3525 6749 3526 6749 3527 6750 3529 6750 3524 6750 3527 6751 3528 6751 3529 6751 3527 6752 3522 6752 3525 6752 3530 6753 2833 6753 3176 6753 3530 6754 3176 6754 3175 6754 3530 6755 3175 6755 2979 6755 3530 6756 2979 6756 2833 6756 3531 6757 2979 6757 3175 6757 3531 6758 3175 6758 2786 6758 3531 6759 2786 6759 2981 6759 3531 6760 2981 6760 2979 6760 3532 6761 3005 6761 3533 6761 3532 6762 3533 6762 3072 6762 3532 6763 3072 6763 3007 6763 3532 6764 3007 6764 3005 6764 3534 6765 3010 6765 3009 6765 3534 6766 3009 6766 3007 6766 3534 6767 3007 6767 3072 6767 3534 6768 3072 6768 3066 6768 3534 6769 3066 6769 3010 6769 3535 6770 3183 6770 3006 6770 3535 6771 3006 6771 3008 6771 3535 6772 3008 6772 2771 6772 3535 6773 2771 6773 3183 6773 3536 6774 3182 6774 2842 6774 3536 6775 2842 6775 3006 6775 3536 6776 3006 6776 3183 6776 3536 6777 3183 6777 3182 6777 3537 6778 2840 6778 3360 6778 3537 6779 3360 6779 3533 6779 3537 6780 3533 6780 3005 6780 3537 6781 3005 6781 2840 6781 3538 6782 3239 6782 3064 6782 3538 6783 3064 6783 2632 6783 3538 6784 2632 6784 3043 6784 3538 6785 3043 6785 3240 6785 3538 6786 3240 6786 3239 6786 3539 6787 3063 6787 3064 6787 3539 6788 3064 6788 3239 6788 3540 6789 3238 6789 3062 6789 3540 6790 3062 6790 3063 6790 3540 6791 3239 6791 3238 6791 3540 6792 3063 6792 3539 6792 3540 6793 3539 6793 3239 6793 3541 6794 3061 6794 3062 6794 3541 6795 3062 6795 3238 6795 3542 6796 3238 6796 3237 6796 3542 6797 3237 6797 3060 6797 3542 6798 3060 6798 3061 6798 3542 6799 3061 6799 3541 6799 3542 6800 3541 6800 3238 6800 3543 6801 3059 6801 3060 6801 3543 6802 3060 6802 3237 6802 3544 6803 3237 6803 3236 6803 3544 6804 3058 6804 3059 6804 3544 6805 3059 6805 3543 6805 3544 6806 3543 6806 3237 6806 3545 6807 3544 6807 3236 6807 3545 6808 3058 6808 3544 6808 3546 6809 3236 6809 3235 6809 3546 6810 3235 6810 3057 6810 3546 6811 3057 6811 3058 6811 3546 6812 3058 6812 3545 6812 3546 6813 3545 6813 3236 6813 3547 6814 3548 6814 3054 6814 3547 6815 3054 6815 3057 6815 3547 6816 3057 6816 3235 6816 3547 6817 3235 6817 3548 6817 3549 6818 3054 6818 3548 6818 3549 6819 3548 6819 3337 6819 3549 6820 3337 6820 2809 6820 3549 6821 2809 6821 3054 6821 3072 6822 3533 6822 3186 6822 3072 6823 3186 6823 3071 6823 3174 6824 3550 6824 3551 6824 3174 6825 3551 6825 3101 6825 3174 6826 3101 6826 3105 6826 3552 6827 3553 6827 3099 6827 3552 6828 3099 6828 3100 6828 3554 6829 3100 6829 3102 6829 3554 6830 3552 6830 3100 6830 3551 6831 3102 6831 3101 6831 3551 6832 3554 6832 3102 6832 3553 6833 3555 6833 3099 6833 3099 6834 3555 6834 3097 6834 3555 6835 3556 6835 3097 6835 3097 6836 3556 6836 3095 6836 3095 6837 3557 6837 3098 6837 3556 6838 3557 6838 3095 6838 3098 6839 3159 6839 3104 6839 3557 6840 3159 6840 3098 6840 3558 6841 2700 6841 3158 6841 3558 6842 3158 6842 3559 6842 3558 6843 3559 6843 3103 6843 3558 6844 3103 6844 2700 6844 3560 6845 3103 6845 3559 6845 3560 6846 3559 6846 3561 6846 3560 6847 3561 6847 3096 6847 3560 6848 3096 6848 3103 6848 3562 6849 3092 6849 3096 6849 3562 6850 3096 6850 3561 6850 3562 6851 3561 6851 3563 6851 3562 6852 3563 6852 3092 6852 3564 6853 3092 6853 3563 6853 3564 6854 3093 6854 3092 6854 3565 6855 3563 6855 3566 6855 3565 6856 3566 6856 3094 6856 3565 6857 3094 6857 3093 6857 3565 6858 3093 6858 3564 6858 3565 6859 3564 6859 3563 6859 3567 6860 3568 6860 3569 6860 3570 6861 3566 6861 3571 6861 3572 6862 3094 6862 3566 6862 3572 6863 3089 6863 3094 6863 3572 6864 3566 6864 3570 6864 3573 6865 3571 6865 3568 6865 3573 6866 3567 6866 3574 6866 3573 6867 3570 6867 3571 6867 3573 6868 3572 6868 3570 6868 3573 6869 3568 6869 3567 6869 3575 6870 3574 6870 3087 6870 3575 6871 3088 6871 3089 6871 3575 6872 3087 6872 3088 6872 3575 6873 3089 6873 3572 6873 3575 6874 3573 6874 3574 6874 3575 6875 3572 6875 3573 6875 3576 6876 3085 6876 3087 6876 3576 6877 3087 6877 3574 6877 3577 6878 3578 6878 3082 6878 3577 6879 3082 6879 3085 6879 3577 6880 3085 6880 3576 6880 3579 6881 3567 6881 3569 6881 3579 6882 3574 6882 3567 6882 3579 6883 3576 6883 3574 6883 3580 6884 3569 6884 3578 6884 3580 6885 3578 6885 3577 6885 3580 6886 3577 6886 3576 6886 3580 6887 3579 6887 3569 6887 3580 6888 3576 6888 3579 6888 3581 6889 3578 6889 3582 6889 3581 6890 3582 6890 3086 6890 3581 6891 3086 6891 3082 6891 3581 6892 3082 6892 3578 6892 3583 6893 3584 6893 3091 6893 3583 6894 3091 6894 3086 6894 3583 6895 3086 6895 3582 6895 3583 6896 3582 6896 3584 6896 3585 6897 3137 6897 2706 6897 3585 6898 2706 6898 3091 6898 3585 6899 3091 6899 3584 6899 3585 6900 3584 6900 3137 6900 3586 6901 2671 6901 3135 6901 3586 6902 3135 6902 3587 6902 3586 6903 3587 6903 3090 6903 3586 6904 3090 6904 2671 6904 3588 6905 3090 6905 3587 6905 3588 6906 3587 6906 3589 6906 3588 6907 3589 6907 3083 6907 3588 6908 3083 6908 3090 6908 3590 6909 3084 6909 3083 6909 3590 6910 3083 6910 3589 6910 3590 6911 3589 6911 3591 6911 3592 6912 3591 6912 3593 6912 3592 6913 3593 6913 3084 6913 3592 6914 3590 6914 3591 6914 3592 6915 3084 6915 3590 6915 3594 6916 3084 6916 3593 6916 3594 6917 3080 6917 3084 6917 3595 6918 3593 6918 3596 6918 3595 6919 3596 6919 3079 6919 3595 6920 3079 6920 3080 6920 3595 6921 3080 6921 3594 6921 3595 6922 3594 6922 3593 6922 3597 6923 3598 6923 3599 6923 3600 6924 3596 6924 3601 6924 3602 6925 3079 6925 3596 6925 3602 6926 3078 6926 3079 6926 3602 6927 3596 6927 3600 6927 3603 6928 3601 6928 3598 6928 3603 6929 3600 6929 3601 6929 3603 6930 3598 6930 3597 6930 3604 6931 3597 6931 3605 6931 3604 6932 3605 6932 3076 6932 3604 6933 3077 6933 3078 6933 3604 6934 3076 6934 3077 6934 3604 6935 3078 6935 3602 6935 3604 6936 3603 6936 3597 6936 3604 6937 3602 6937 3600 6937 3604 6938 3600 6938 3603 6938 3606 6939 3074 6939 3076 6939 3606 6940 3076 6940 3605 6940 3607 6941 3608 6941 3073 6941 3607 6942 3073 6942 3074 6942 3607 6943 3074 6943 3606 6943 3609 6944 3597 6944 3599 6944 3609 6945 3605 6945 3597 6945 3609 6946 3606 6946 3605 6946 3610 6947 3599 6947 3608 6947 3610 6948 3608 6948 3607 6948 3610 6949 3607 6949 3606 6949 3610 6950 3609 6950 3599 6950 3610 6951 3606 6951 3609 6951 3611 6952 3608 6952 3612 6952 3611 6953 3612 6953 3075 6953 3611 6954 3075 6954 3073 6954 3611 6955 3073 6955 3608 6955 3613 6956 3614 6956 3081 6956 3613 6957 3081 6957 3075 6957 3613 6958 3075 6958 3612 6958 3613 6959 3612 6959 3614 6959 3615 6960 3119 6960 2678 6960 3615 6961 2678 6961 3081 6961 3615 6962 3081 6962 3614 6962 3615 6963 3614 6963 3119 6963 3106 6964 2799 6964 3260 6964 3264 6965 3616 6965 3262 6965 3617 6966 3257 6966 3259 6966 3617 6967 3259 6967 3618 6967 3619 6968 3260 6968 3257 6968 3619 6969 3107 6969 3106 6969 3619 6970 3257 6970 3617 6970 3619 6971 3106 6971 3260 6971 3620 6972 3618 6972 3621 6972 3620 6973 3621 6973 3622 6973 3620 6974 3617 6974 3618 6974 3623 6975 3108 6975 3107 6975 3623 6976 3617 6976 3620 6976 3623 6977 3107 6977 3619 6977 3623 6978 3619 6978 3617 6978 3624 6979 3620 6979 3622 6979 3625 6980 3109 6980 3108 6980 3625 6981 3620 6981 3624 6981 3625 6982 3108 6982 3623 6982 3625 6983 3623 6983 3620 6983 3626 6984 3622 6984 3627 6984 3626 6985 3624 6985 3622 6985 3628 6986 3110 6986 3109 6986 3628 6987 3624 6987 3626 6987 3628 6988 3109 6988 3625 6988 3628 6989 3625 6989 3624 6989 3629 6990 3627 6990 3630 6990 3629 6991 3626 6991 3627 6991 3629 6992 3628 6992 3626 6992 3631 6993 3111 6993 3110 6993 3631 6994 3110 6994 3628 6994 3631 6995 3628 6995 3629 6995 3632 6996 3630 6996 3633 6996 3632 6997 3629 6997 3630 6997 3634 6998 3112 6998 3111 6998 3634 6999 3631 6999 3629 6999 3634 7000 3629 7000 3632 7000 3634 7001 3111 7001 3631 7001 3635 7002 3633 7002 3636 7002 3635 7003 3632 7003 3633 7003 3635 7004 3634 7004 3632 7004 3637 7005 3113 7005 3112 7005 3637 7006 3112 7006 3634 7006 3637 7007 3634 7007 3635 7007 3638 7008 3636 7008 3639 7008 3638 7009 3635 7009 3636 7009 3638 7010 3637 7010 3635 7010 3640 7011 3637 7011 3638 7011 3640 7012 3114 7012 3113 7012 3640 7013 3113 7013 3637 7013 3641 7014 3639 7014 3642 7014 3641 7015 3638 7015 3639 7015 3643 7016 3640 7016 3638 7016 3643 7017 3114 7017 3640 7017 3643 7018 3115 7018 3114 7018 3643 7019 3638 7019 3641 7019 3644 7020 3641 7020 3642 7020 3644 7021 3642 7021 3645 7021 3646 7022 3641 7022 3644 7022 3646 7023 3643 7023 3641 7023 3646 7024 3115 7024 3643 7024 3646 7025 3116 7025 3115 7025 3647 7026 3644 7026 3645 7026 3647 7027 3645 7027 3616 7027 3647 7028 3616 7028 3264 7028 3648 7029 3644 7029 3647 7029 3648 7030 3116 7030 3646 7030 3648 7031 3264 7031 3256 7031 3648 7032 3256 7032 2787 7032 3648 7033 3647 7033 3264 7033 3648 7034 2787 7034 3116 7034 3648 7035 3646 7035 3644 7035 3649 7036 3119 7036 3614 7036 3119 7037 3650 7037 3118 7037 3649 7038 3650 7038 3119 7038 3650 7039 3651 7039 3118 7039 3651 7040 3652 7040 3118 7040 3118 7041 3653 7041 3120 7041 3652 7042 3653 7042 3118 7042 3653 7043 3654 7043 3120 7043 3654 7044 3655 7044 3120 7044 3655 7045 3471 7045 3120 7045 3120 7046 3462 7046 3121 7046 3471 7047 3462 7047 3120 7047 3121 7048 3462 7048 3128 7048 3462 7049 3461 7049 3128 7049 3123 7050 3469 7050 3124 7050 3128 7051 3469 7051 3123 7051 3461 7052 3469 7052 3128 7052 3469 7053 3460 7053 3124 7053 3460 7054 3459 7054 3124 7054 3459 7055 3131 7055 3124 7055 3459 7056 3656 7056 3131 7056 3656 7057 3133 7057 3131 7057 3133 7058 3657 7058 3135 7058 3656 7059 3657 7059 3133 7059 3657 7060 3587 7060 3135 7060 3657 7061 3658 7061 3587 7061 3584 7062 3659 7062 3137 7062 3137 7063 3660 7063 3138 7063 3659 7064 3660 7064 3137 7064 3138 7065 3661 7065 3140 7065 3660 7066 3661 7066 3138 7066 3661 7067 3662 7067 3140 7067 3140 7068 3663 7068 3141 7068 3662 7069 3663 7069 3140 7069 3663 7070 3664 7070 3141 7070 3664 7071 3665 7071 3141 7071 3141 7072 3433 7072 3142 7072 3665 7073 3433 7073 3141 7073 3433 7074 3427 7074 3142 7074 3142 7075 3427 7075 3151 7075 3427 7076 3426 7076 3151 7076 3148 7077 3430 7077 3147 7077 3151 7078 3430 7078 3148 7078 3426 7079 3430 7079 3151 7079 3430 7080 3419 7080 3147 7080 3419 7081 3421 7081 3147 7081 3421 7082 3152 7082 3147 7082 3421 7083 3666 7083 3152 7083 3666 7084 3154 7084 3152 7084 3154 7085 3667 7085 3156 7085 3666 7086 3667 7086 3154 7086 3156 7087 3667 7087 3158 7087 3158 7088 3668 7088 3559 7088 3667 7089 3668 7089 3158 7089 3668 7090 3669 7090 3559 7090 3670 7091 3161 7091 3160 7091 3670 7092 3412 7092 3413 7092 3670 7093 3413 7093 3161 7093 3671 7094 3412 7094 3670 7094 3671 7095 3670 7095 3160 7095 3672 7096 3160 7096 3159 7096 3672 7097 3409 7097 3412 7097 3672 7098 3412 7098 3671 7098 3672 7099 3671 7099 3160 7099 3673 7100 3159 7100 3406 7100 3673 7101 3406 7101 3409 7101 3673 7102 3672 7102 3159 7102 3673 7103 3409 7103 3672 7103 3674 7104 3414 7104 3415 7104 3674 7105 3415 7105 3162 7105 3675 7106 3162 7106 3161 7106 3675 7107 3161 7107 3413 7107 3675 7108 3413 7108 3414 7108 3675 7109 3414 7109 3674 7109 3675 7110 3674 7110 3162 7110 3676 7111 3417 7111 3164 7111 3676 7112 3164 7112 3163 7112 3677 7113 3416 7113 3417 7113 3677 7114 3417 7114 3676 7114 3677 7115 3676 7115 3163 7115 3678 7116 3162 7116 3415 7116 3678 7117 3415 7117 3416 7117 3678 7118 3163 7118 3162 7118 3678 7119 3416 7119 3677 7119 3678 7120 3677 7120 3163 7120 3679 7121 3164 7121 3417 7121 3679 7122 3417 7122 2892 7122 3679 7123 2892 7123 3165 7123 3679 7124 3165 7124 3164 7124 3680 7125 3173 7125 3172 7125 3680 7126 3383 7126 3384 7126 3680 7127 3384 7127 3173 7127 3681 7128 3383 7128 3680 7128 3681 7129 3680 7129 3172 7129 3682 7130 3172 7130 3171 7130 3682 7131 3382 7131 3383 7131 3682 7132 3383 7132 3681 7132 3682 7133 3681 7133 3172 7133 3683 7134 3171 7134 3170 7134 3683 7135 3170 7135 2874 7135 3683 7136 2874 7136 3382 7136 3683 7137 3682 7137 3171 7137 3683 7138 3382 7138 3682 7138 3684 7139 3173 7139 3384 7139 3684 7140 3384 7140 3381 7140 3684 7141 3381 7141 3380 7141 3684 7142 3380 7142 3174 7142 3684 7143 3174 7143 3173 7143 3533 7144 3360 7144 3186 7144 3186 7145 3360 7145 3188 7145 3360 7146 3358 7146 3188 7146 3358 7147 3191 7147 3188 7147 3358 7148 3297 7148 3191 7148 3350 7149 3348 7149 3210 7149 3210 7150 3348 7150 3212 7150 3348 7151 3215 7151 3212 7151 3348 7152 3340 7152 3215 7152 3335 7153 3221 7153 3223 7153 3343 7154 3223 7154 3218 7154 3343 7155 3335 7155 3223 7155 3339 7156 3343 7156 3218 7156 3340 7157 3218 7157 3215 7157 3340 7158 3339 7158 3218 7158 3335 7159 3337 7159 3221 7159 3221 7160 3337 7160 3227 7160 3227 7161 3548 7161 3231 7161 3337 7162 3548 7162 3227 7162 3231 7163 3235 7163 3233 7163 3548 7164 3235 7164 3231 7164 3685 7165 3263 7165 3262 7165 3685 7166 3686 7166 3263 7166 3263 7167 3687 7167 3267 7167 3686 7168 3687 7168 3263 7168 3267 7169 3688 7169 3270 7169 3687 7170 3688 7170 3267 7170 3270 7171 3689 7171 3273 7171 3688 7172 3689 7172 3270 7172 3689 7173 3276 7173 3273 7173 3689 7174 3690 7174 3276 7174 3276 7175 3691 7175 3279 7175 3690 7176 3691 7176 3276 7176 3279 7177 3692 7177 3282 7177 3691 7178 3692 7178 3279 7178 3282 7179 3693 7179 3285 7179 3692 7180 3693 7180 3282 7180 3285 7181 3694 7181 3288 7181 3693 7182 3694 7182 3285 7182 3694 7183 3291 7183 3288 7183 3694 7184 3695 7184 3291 7184 3695 7185 3258 7185 3291 7185 3695 7186 3696 7186 3258 7186 3258 7187 3697 7187 3259 7187 3696 7188 3697 7188 3258 7188 3698 7189 3304 7189 3303 7189 3699 7190 3303 7190 3305 7190 3699 7191 3305 7191 3301 7191 3699 7192 3301 7192 3700 7192 3699 7193 3700 7193 3698 7193 3699 7194 3698 7194 3303 7194 3308 7195 3307 7195 3701 7195 3702 7196 3304 7196 3698 7196 3702 7197 3698 7197 3703 7197 3704 7198 3306 7198 3304 7198 3704 7199 3304 7199 3702 7199 3705 7200 3703 7200 3706 7200 3705 7201 3706 7201 3707 7201 3705 7202 3707 7202 3708 7202 3705 7203 3702 7203 3703 7203 3709 7204 3708 7204 3701 7204 3709 7205 3307 7205 3306 7205 3709 7206 3306 7206 3704 7206 3709 7207 3704 7207 3702 7207 3709 7208 3702 7208 3705 7208 3709 7209 3705 7209 3708 7209 3709 7210 3701 7210 3307 7210 3309 7211 3701 7211 3708 7211 3309 7212 3308 7212 3701 7212 3710 7213 3708 7213 3707 7213 3710 7214 3707 7214 3711 7214 3710 7215 3711 7215 3712 7215 3710 7216 3712 7216 3311 7216 3710 7217 3311 7217 3310 7217 3710 7218 3310 7218 3309 7218 3710 7219 3309 7219 3708 7219 3713 7220 3317 7220 3316 7220 3714 7221 3715 7221 3713 7221 3714 7222 3316 7222 3315 7222 3714 7223 3713 7223 3316 7223 3716 7224 3315 7224 3314 7224 3716 7225 3314 7225 3717 7225 3716 7226 3717 7226 3715 7226 3716 7227 3715 7227 3714 7227 3716 7228 3714 7228 3315 7228 3718 7229 3719 7229 3720 7229 3333 7230 3332 7230 3721 7230 3722 7231 3317 7231 3713 7231 3722 7232 3713 7232 3723 7232 3724 7233 3318 7233 3317 7233 3724 7234 3317 7234 3722 7234 3725 7235 3723 7235 3719 7235 3725 7236 3718 7236 3721 7236 3725 7237 3722 7237 3723 7237 3725 7238 3719 7238 3718 7238 3726 7239 3332 7239 3318 7239 3726 7240 3318 7240 3724 7240 3726 7241 3724 7241 3722 7241 3726 7242 3725 7242 3721 7242 3726 7243 3721 7243 3332 7243 3726 7244 3722 7244 3725 7244 3334 7245 3721 7245 3718 7245 3334 7246 3333 7246 3721 7246 3727 7247 3330 7247 3334 7247 3727 7248 3718 7248 3720 7248 3727 7249 3720 7249 3728 7249 3727 7250 3334 7250 3718 7250 3729 7251 3728 7251 3730 7251 3729 7252 3730 7252 3331 7252 3729 7253 3331 7253 3330 7253 3729 7254 3330 7254 3727 7254 3729 7255 3727 7255 3728 7255 3731 7256 3321 7256 3404 7256 3731 7257 3404 7257 3557 7257 3731 7258 3557 7258 3556 7258 3732 7259 3319 7259 3321 7259 3732 7260 3731 7260 3556 7260 3732 7261 3321 7261 3731 7261 3733 7262 3556 7262 3555 7262 3733 7263 3555 7263 3319 7263 3733 7264 3319 7264 3732 7264 3733 7265 3732 7265 3556 7265 3329 7266 3555 7266 3553 7266 3329 7267 3319 7267 3555 7267 3552 7268 3329 7268 3553 7268 3328 7269 3329 7269 3552 7269 3554 7270 3328 7270 3552 7270 3550 7271 3554 7271 3551 7271 3327 7272 3328 7272 3554 7272 3327 7273 3554 7273 3550 7273 3324 7274 3327 7274 3550 7274 3734 7275 3174 7275 3380 7275 3734 7276 3380 7276 3325 7276 3734 7277 3550 7277 3174 7277 3735 7278 3325 7278 3324 7278 3735 7279 3324 7279 3550 7279 3735 7280 3734 7280 3325 7280 3735 7281 3550 7281 3734 7281 3736 7282 3528 7282 3526 7282 3491 7283 3379 7283 2966 7283 3737 7284 3492 7284 2978 7284 3737 7285 2978 7285 3369 7285 3737 7286 3369 7286 3370 7286 3738 7287 3526 7287 3492 7287 3738 7288 3739 7288 3736 7288 3738 7289 3492 7289 3737 7289 3738 7290 3736 7290 3526 7290 3740 7291 3737 7291 3370 7291 3741 7292 3737 7292 3740 7292 3741 7293 3739 7293 3738 7293 3741 7294 3738 7294 3737 7294 3742 7295 3370 7295 3371 7295 3742 7296 3371 7296 3372 7296 3742 7297 3741 7297 3740 7297 3742 7298 3740 7298 3370 7298 3743 7299 3744 7299 3739 7299 3743 7300 3741 7300 3742 7300 3743 7301 3739 7301 3741 7301 3745 7302 3742 7302 3372 7302 3746 7303 3747 7303 3744 7303 3746 7304 3742 7304 3745 7304 3746 7305 3744 7305 3743 7305 3746 7306 3743 7306 3742 7306 3748 7307 3372 7307 3373 7307 3748 7308 3745 7308 3372 7308 3748 7309 3746 7309 3745 7309 3749 7310 3750 7310 3747 7310 3749 7311 3751 7311 3750 7311 3749 7312 3747 7312 3746 7312 3749 7313 3746 7313 3748 7313 3752 7314 3373 7314 3374 7314 3752 7315 3748 7315 3373 7315 3753 7316 3751 7316 3749 7316 3753 7317 3749 7317 3748 7317 3753 7318 3748 7318 3752 7318 3754 7319 3374 7319 3375 7319 3754 7320 3375 7320 3376 7320 3754 7321 3752 7321 3374 7321 3755 7322 3756 7322 3751 7322 3755 7323 3753 7323 3752 7323 3755 7324 3751 7324 3753 7324 3755 7325 3752 7325 3754 7325 3757 7326 3754 7326 3376 7326 3758 7327 3754 7327 3757 7327 3758 7328 3759 7328 3756 7328 3758 7329 3756 7329 3755 7329 3758 7330 3755 7330 3754 7330 3760 7331 3376 7331 3377 7331 3760 7332 3377 7332 3378 7332 3760 7333 3757 7333 3376 7333 3761 7334 3757 7334 3760 7334 3761 7335 3762 7335 3759 7335 3761 7336 3759 7336 3758 7336 3761 7337 3758 7337 3757 7337 3763 7338 3760 7338 3378 7338 3764 7339 3762 7339 3761 7339 3764 7340 3760 7340 3763 7340 3764 7341 3761 7341 3760 7341 3764 7342 3765 7342 3762 7342 3766 7343 3378 7343 3379 7343 3766 7344 3763 7344 3378 7344 3766 7345 3379 7345 3491 7345 3767 7346 3764 7346 3763 7346 3767 7347 3763 7347 3766 7347 3767 7348 3765 7348 3764 7348 3767 7349 3491 7349 3498 7349 3767 7350 3498 7350 3496 7350 3767 7351 3766 7351 3491 7351 3767 7352 3768 7352 3765 7352 3767 7353 3496 7353 3768 7353 3769 7354 3403 7354 3770 7354 3769 7355 3770 7355 3669 7355 3769 7356 3669 7356 3405 7356 3769 7357 3405 7357 3403 7357 3771 7358 3408 7358 3407 7358 3771 7359 3407 7359 3405 7359 3771 7360 3405 7360 3669 7360 3771 7361 3669 7361 3668 7361 3771 7362 3668 7362 3408 7362 3772 7363 3408 7363 3668 7363 3772 7364 3668 7364 3667 7364 3773 7365 3667 7365 3666 7365 3773 7366 3410 7366 3408 7366 3773 7367 3408 7367 3772 7367 3773 7368 3772 7368 3667 7368 3774 7369 3773 7369 3666 7369 3774 7370 3410 7370 3773 7370 3775 7371 3411 7371 3410 7371 3775 7372 3774 7372 3666 7372 3775 7373 3410 7373 3774 7373 3776 7374 3666 7374 3421 7374 3776 7375 3421 7375 2907 7375 3776 7376 2907 7376 3411 7376 3776 7377 3411 7377 3775 7377 3776 7378 3775 7378 3666 7378 3777 7379 3406 7379 3159 7379 3777 7380 3159 7380 3557 7380 3777 7381 3557 7381 3404 7381 3777 7382 3404 7382 3406 7382 3778 7383 3331 7383 3730 7383 3778 7384 3730 7384 3770 7384 3778 7385 3770 7385 3403 7385 3778 7386 3403 7386 3331 7386 3779 7387 3665 7387 3457 7387 3779 7388 3457 7388 2925 7388 3779 7389 2925 7389 3433 7389 3779 7390 3433 7390 3665 7390 3780 7391 3443 7391 3781 7391 3780 7392 3781 7392 3658 7392 3780 7393 3658 7393 3445 7393 3780 7394 3445 7394 3443 7394 3782 7395 3448 7395 3447 7395 3782 7396 3447 7396 3445 7396 3782 7397 3445 7397 3658 7397 3782 7398 3658 7398 3657 7398 3782 7399 3657 7399 3448 7399 3783 7400 3448 7400 3657 7400 3783 7401 3657 7401 3656 7401 3783 7402 3450 7402 3448 7402 3784 7403 3783 7403 3656 7403 3784 7404 3450 7404 3783 7404 3785 7405 3451 7405 3450 7405 3785 7406 3784 7406 3656 7406 3785 7407 3450 7407 3784 7407 3786 7408 3656 7408 3459 7408 3786 7409 3459 7409 2940 7409 3786 7410 2940 7410 3451 7410 3786 7411 3785 7411 3656 7411 3786 7412 3451 7412 3785 7412 3787 7413 3457 7413 3665 7413 3787 7414 3665 7414 3664 7414 3788 7415 3456 7415 3457 7415 3788 7416 3457 7416 3787 7416 3788 7417 3787 7417 3664 7417 3789 7418 3663 7418 3455 7418 3789 7419 3455 7419 3456 7419 3789 7420 3664 7420 3663 7420 3789 7421 3456 7421 3788 7421 3789 7422 3788 7422 3664 7422 3790 7423 3454 7423 3455 7423 3790 7424 3455 7424 3663 7424 3791 7425 3663 7425 3662 7425 3791 7426 3662 7426 3453 7426 3791 7427 3453 7427 3454 7427 3791 7428 3454 7428 3790 7428 3791 7429 3790 7429 3663 7429 3792 7430 3662 7430 3661 7430 3792 7431 3452 7431 3453 7431 3792 7432 3453 7432 3662 7432 3793 7433 3452 7433 3792 7433 3793 7434 3792 7434 3661 7434 3794 7435 3661 7435 3660 7435 3794 7436 3449 7436 3452 7436 3794 7437 3793 7437 3661 7437 3794 7438 3452 7438 3793 7438 3795 7439 3794 7439 3660 7439 3795 7440 3449 7440 3794 7440 3796 7441 3660 7441 3659 7441 3796 7442 3659 7442 3446 7442 3796 7443 3446 7443 3449 7443 3796 7444 3449 7444 3795 7444 3796 7445 3795 7445 3660 7445 3797 7446 3798 7446 3444 7446 3797 7447 3444 7447 3446 7447 3797 7448 3446 7448 3659 7448 3797 7449 3659 7449 3798 7449 3799 7450 3717 7450 3314 7450 3799 7451 3314 7451 3444 7451 3799 7452 3444 7452 3798 7452 3799 7453 3798 7453 3717 7453 3800 7454 3311 7454 3712 7454 3800 7455 3712 7455 3781 7455 3800 7456 3781 7456 3443 7456 3800 7457 3443 7457 3311 7457 3801 7458 3654 7458 3490 7458 3801 7459 3490 7459 2959 7459 3801 7460 2959 7460 3471 7460 3801 7461 3471 7461 3655 7461 3801 7462 3655 7462 3654 7462 3802 7463 3490 7463 3654 7463 3802 7464 3654 7464 3653 7464 3803 7465 3489 7465 3490 7465 3803 7466 3490 7466 3802 7466 3803 7467 3802 7467 3653 7467 3804 7468 3652 7468 3488 7468 3804 7469 3488 7469 3489 7469 3804 7470 3653 7470 3652 7470 3804 7471 3489 7471 3803 7471 3804 7472 3803 7472 3653 7472 3805 7473 3487 7473 3488 7473 3805 7474 3488 7474 3652 7474 3806 7475 3652 7475 3651 7475 3806 7476 3651 7476 3486 7476 3806 7477 3486 7477 3487 7477 3806 7478 3487 7478 3805 7478 3806 7479 3805 7479 3652 7479 3807 7480 3651 7480 3650 7480 3807 7481 3485 7481 3486 7481 3807 7482 3486 7482 3651 7482 3808 7483 3485 7483 3807 7483 3808 7484 3807 7484 3650 7484 3809 7485 3650 7485 3649 7485 3809 7486 3484 7486 3485 7486 3809 7487 3485 7487 3808 7487 3809 7488 3808 7488 3650 7488 3810 7489 3649 7489 3483 7489 3810 7490 3483 7490 3484 7490 3810 7491 3809 7491 3649 7491 3810 7492 3484 7492 3809 7492 3811 7493 3812 7493 3482 7493 3811 7494 3482 7494 3483 7494 3811 7495 3483 7495 3649 7495 3811 7496 3649 7496 3812 7496 3813 7497 3700 7497 3301 7497 3813 7498 3301 7498 3482 7498 3813 7499 3482 7499 3812 7499 3813 7500 3812 7500 3700 7500 3762 7501 3814 7501 3815 7501 3762 7502 3816 7502 3814 7502 3759 7503 3817 7503 3818 7503 3759 7504 3815 7504 3817 7504 3759 7505 3762 7505 3815 7505 3765 7506 3819 7506 3816 7506 3765 7507 3820 7507 3819 7507 3765 7508 3816 7508 3762 7508 3756 7509 3818 7509 3821 7509 3756 7510 3759 7510 3818 7510 3768 7511 3822 7511 3820 7511 3768 7512 3820 7512 3765 7512 3823 7513 3822 7513 3768 7513 3751 7514 3821 7514 3824 7514 3751 7515 3756 7515 3821 7515 3496 7516 3823 7516 3768 7516 3496 7517 3825 7517 3823 7517 3826 7518 3751 7518 3824 7518 3750 7519 3751 7519 3826 7519 3750 7520 3826 7520 3827 7520 3495 7521 3828 7521 3825 7521 3495 7522 3825 7522 3496 7522 3829 7523 3750 7523 3827 7523 3830 7524 3828 7524 3495 7524 3747 7525 3750 7525 3829 7525 3497 7526 3830 7526 3495 7526 3831 7527 3747 7527 3829 7527 3832 7528 3830 7528 3497 7528 3833 7529 3747 7529 3831 7529 3834 7530 3832 7530 3497 7530 3744 7531 3747 7531 3833 7531 3503 7532 3834 7532 3497 7532 3835 7533 3744 7533 3833 7533 3836 7534 3834 7534 3503 7534 3739 7535 3835 7535 3837 7535 3739 7536 3744 7536 3835 7536 3506 7537 3838 7537 3836 7537 3506 7538 3836 7538 3503 7538 3839 7539 3739 7539 3837 7539 3840 7540 3838 7540 3506 7540 3736 7541 3739 7541 3839 7541 3509 7542 3840 7542 3506 7542 3841 7543 3840 7543 3509 7543 3842 7544 3736 7544 3839 7544 3843 7545 3841 7545 3509 7545 3510 7546 3843 7546 3509 7546 3844 7547 3736 7547 3842 7547 3844 7548 3528 7548 3736 7548 3845 7549 3843 7549 3510 7549 3846 7550 3528 7550 3844 7550 3529 7551 3528 7551 3846 7551 3847 7552 3510 7552 3515 7552 3847 7553 3845 7553 3510 7553 3848 7554 3529 7554 3846 7554 3849 7555 3515 7555 3518 7555 3849 7556 3847 7556 3515 7556 3850 7557 3524 7557 3529 7557 3850 7558 3529 7558 3848 7558 3851 7559 3849 7559 3518 7559 3852 7560 3524 7560 3850 7560 3853 7561 3518 7561 3521 7561 3853 7562 3851 7562 3518 7562 3854 7563 3521 7563 3524 7563 3854 7564 3524 7564 3852 7564 3855 7565 3853 7565 3521 7565 3855 7566 3521 7566 3854 7566 3669 7567 3770 7567 3561 7567 3669 7568 3561 7568 3559 7568 3770 7569 3730 7569 3561 7569 3561 7570 3730 7570 3563 7570 3730 7571 3728 7571 3563 7571 3728 7572 3566 7572 3563 7572 3728 7573 3720 7573 3566 7573 3713 7574 3569 7574 3568 7574 3723 7575 3713 7575 3568 7575 3719 7576 3568 7576 3571 7576 3719 7577 3723 7577 3568 7577 3720 7578 3571 7578 3566 7578 3720 7579 3719 7579 3571 7579 3713 7580 3715 7580 3569 7580 3569 7581 3715 7581 3578 7581 3715 7582 3717 7582 3578 7582 3578 7583 3798 7583 3582 7583 3717 7584 3798 7584 3578 7584 3582 7585 3659 7585 3584 7585 3798 7586 3659 7586 3582 7586 3658 7587 3781 7587 3589 7587 3658 7588 3589 7588 3587 7588 3781 7589 3712 7589 3589 7589 3589 7590 3712 7590 3591 7590 3712 7591 3711 7591 3591 7591 3591 7592 3711 7592 3593 7592 3593 7593 3707 7593 3596 7593 3711 7594 3707 7594 3593 7594 3698 7595 3599 7595 3598 7595 3703 7596 3698 7596 3598 7596 3706 7597 3598 7597 3601 7597 3706 7598 3703 7598 3598 7598 3707 7599 3601 7599 3596 7599 3707 7600 3706 7600 3601 7600 3698 7601 3700 7601 3599 7601 3599 7602 3700 7602 3608 7602 3608 7603 3812 7603 3612 7603 3700 7604 3812 7604 3608 7604 3612 7605 3649 7605 3614 7605 3812 7606 3649 7606 3612 7606 3697 7607 3618 7607 3259 7607 3697 7608 3856 7608 3618 7608 3618 7609 3857 7609 3621 7609 3856 7610 3857 7610 3618 7610 3857 7611 3622 7611 3621 7611 3857 7612 3858 7612 3622 7612 3622 7613 3859 7613 3627 7613 3858 7614 3859 7614 3622 7614 3627 7615 3860 7615 3630 7615 3859 7616 3860 7616 3627 7616 3860 7617 3633 7617 3630 7617 3860 7618 3861 7618 3633 7618 3633 7619 3862 7619 3636 7619 3861 7620 3862 7620 3633 7620 3636 7621 3863 7621 3639 7621 3862 7622 3863 7622 3636 7622 3863 7623 3642 7623 3639 7623 3863 7624 3864 7624 3642 7624 3642 7625 3865 7625 3645 7625 3864 7626 3865 7626 3642 7626 3645 7627 3866 7627 3616 7627 3865 7628 3866 7628 3645 7628 3616 7629 3685 7629 3262 7629 3866 7630 3685 7630 3616 7630 3867 7631 3868 7631 3869 7631 3870 7632 3871 7632 3685 7632 3685 7633 3871 7633 3686 7633 3872 7634 3873 7634 3874 7634 3875 7635 3873 7635 3870 7635 3874 7636 3873 7636 3875 7636 3870 7637 3873 7637 3871 7637 3686 7638 3876 7638 3687 7638 3871 7639 3876 7639 3686 7639 3877 7640 3878 7640 3872 7640 3873 7641 3878 7641 3871 7641 3871 7642 3878 7642 3876 7642 3872 7643 3878 7643 3873 7643 3687 7644 3879 7644 3688 7644 3688 7645 3879 7645 3689 7645 3878 7646 3879 7646 3876 7646 3876 7647 3879 7647 3687 7647 3880 7648 3881 7648 3877 7648 3878 7649 3881 7649 3879 7649 3877 7650 3881 7650 3878 7650 3879 7651 3882 7651 3689 7651 3883 7652 3884 7652 3880 7652 3881 7653 3884 7653 3879 7653 3879 7654 3884 7654 3882 7654 3880 7655 3884 7655 3881 7655 3689 7656 3885 7656 3690 7656 3690 7657 3885 7657 3691 7657 3882 7658 3885 7658 3689 7658 3884 7659 3885 7659 3882 7659 3886 7660 3887 7660 3883 7660 3883 7661 3887 7661 3884 7661 3884 7662 3887 7662 3885 7662 3885 7663 3888 7663 3691 7663 3889 7664 3890 7664 3886 7664 3891 7665 3890 7665 3889 7665 3887 7666 3890 7666 3885 7666 3885 7667 3890 7667 3888 7667 3886 7668 3890 7668 3887 7668 3691 7669 3892 7669 3692 7669 3888 7670 3892 7670 3691 7670 3890 7671 3893 7671 3888 7671 3891 7672 3893 7672 3890 7672 3888 7673 3893 7673 3892 7673 3692 7674 3894 7674 3693 7674 3892 7675 3894 7675 3692 7675 3892 7676 3895 7676 3894 7676 3896 7677 3895 7677 3891 7677 3897 7678 3895 7678 3896 7678 3891 7679 3895 7679 3893 7679 3893 7680 3895 7680 3892 7680 3693 7681 3898 7681 3694 7681 3694 7682 3898 7682 3695 7682 3894 7683 3898 7683 3693 7683 3895 7684 3898 7684 3894 7684 3897 7685 3899 7685 3895 7685 3895 7686 3899 7686 3898 7686 3898 7687 3900 7687 3695 7687 3899 7688 3901 7688 3898 7688 3898 7689 3901 7689 3900 7689 3902 7690 3901 7690 3897 7690 3867 7691 3901 7691 3902 7691 3897 7692 3901 7692 3899 7692 3695 7693 3903 7693 3696 7693 3696 7694 3903 7694 3697 7694 3697 7695 3903 7695 3904 7695 3900 7696 3903 7696 3695 7696 3867 7697 3905 7697 3901 7697 3903 7698 3905 7698 3904 7698 3900 7699 3905 7699 3903 7699 3904 7700 3905 7700 3869 7700 3901 7701 3905 7701 3900 7701 3869 7702 3905 7702 3867 7702 3840 7703 3906 7703 3838 7703 3843 7704 3907 7704 3841 7704 3854 7705 3908 7705 3855 7705 3909 7706 3825 7706 3828 7706 3909 7707 3910 7707 3825 7707 3911 7708 3912 7708 3913 7708 3911 7709 3914 7709 3910 7709 3911 7710 3913 7710 3914 7710 3911 7711 3910 7711 3909 7711 3915 7712 3828 7712 3830 7712 3915 7713 3909 7713 3828 7713 3916 7714 3909 7714 3915 7714 3916 7715 3917 7715 3912 7715 3916 7716 3912 7716 3911 7716 3916 7717 3911 7717 3909 7717 3918 7718 3830 7718 3832 7718 3918 7719 3916 7719 3915 7719 3918 7720 3917 7720 3916 7720 3918 7721 3832 7721 3917 7721 3918 7722 3915 7722 3830 7722 3919 7723 3832 7723 3834 7723 3920 7724 3921 7724 3917 7724 3920 7725 3917 7725 3832 7725 3920 7726 3832 7726 3919 7726 3922 7727 3834 7727 3836 7727 3922 7728 3921 7728 3920 7728 3922 7729 3920 7729 3919 7729 3922 7730 3919 7730 3834 7730 3923 7731 3836 7731 3838 7731 3923 7732 3922 7732 3836 7732 3924 7733 3906 7733 3921 7733 3924 7734 3921 7734 3922 7734 3924 7735 3922 7735 3923 7735 3925 7736 3923 7736 3838 7736 3925 7737 3924 7737 3923 7737 3925 7738 3838 7738 3906 7738 3926 7739 3924 7739 3925 7739 3926 7740 3906 7740 3924 7740 3926 7741 3925 7741 3906 7741 3927 7742 3906 7742 3840 7742 3928 7743 3907 7743 3906 7743 3928 7744 3906 7744 3927 7744 3929 7745 3840 7745 3841 7745 3929 7746 3927 7746 3840 7746 3929 7747 3841 7747 3907 7747 3930 7748 3929 7748 3907 7748 3930 7749 3927 7749 3929 7749 3930 7750 3928 7750 3927 7750 3930 7751 3907 7751 3928 7751 3931 7752 3907 7752 3843 7752 3932 7753 3907 7753 3931 7753 3932 7754 3933 7754 3907 7754 3934 7755 3843 7755 3845 7755 3934 7756 3931 7756 3843 7756 3934 7757 3932 7757 3931 7757 3934 7758 3933 7758 3932 7758 3934 7759 3845 7759 3933 7759 3935 7760 3845 7760 3847 7760 3936 7761 3937 7761 3933 7761 3936 7762 3933 7762 3845 7762 3936 7763 3845 7763 3935 7763 3938 7764 3847 7764 3849 7764 3938 7765 3935 7765 3847 7765 3938 7766 3937 7766 3936 7766 3938 7767 3936 7767 3935 7767 3939 7768 3938 7768 3849 7768 3940 7769 3941 7769 3937 7769 3940 7770 3937 7770 3938 7770 3940 7771 3938 7771 3939 7771 3942 7772 3849 7772 3851 7772 3942 7773 3940 7773 3939 7773 3942 7774 3939 7774 3849 7774 3943 7775 3941 7775 3940 7775 3943 7776 3940 7776 3942 7776 3944 7777 3851 7777 3853 7777 3944 7778 3941 7778 3943 7778 3944 7779 3943 7779 3942 7779 3944 7780 3942 7780 3851 7780 3945 7781 3944 7781 3853 7781 3946 7782 3908 7782 3941 7782 3946 7783 3941 7783 3944 7783 3946 7784 3944 7784 3945 7784 3947 7785 3853 7785 3855 7785 3947 7786 3945 7786 3853 7786 3947 7787 3855 7787 3908 7787 3948 7788 3908 7788 3946 7788 3948 7789 3946 7789 3945 7789 3948 7790 3947 7790 3908 7790 3948 7791 3945 7791 3947 7791 3949 7792 3908 7792 3854 7792 3950 7793 3951 7793 3908 7793 3950 7794 3908 7794 3949 7794 3952 7795 3854 7795 3852 7795 3952 7796 3949 7796 3854 7796 3953 7797 3952 7797 3852 7797 3953 7798 3951 7798 3950 7798 3953 7799 3950 7799 3949 7799 3953 7800 3949 7800 3952 7800 3953 7801 3852 7801 3951 7801 3954 7802 3852 7802 3850 7802 3955 7803 3956 7803 3951 7803 3955 7804 3852 7804 3954 7804 3955 7805 3951 7805 3852 7805 3957 7806 3954 7806 3850 7806 3957 7807 3848 7807 3956 7807 3957 7808 3850 7808 3848 7808 3957 7809 3956 7809 3955 7809 3957 7810 3955 7810 3954 7810 3958 7811 3848 7811 3846 7811 3958 7812 3846 7812 3844 7812 3958 7813 3844 7813 3959 7813 3960 7814 3956 7814 3848 7814 3960 7815 3848 7815 3958 7815 3960 7816 3959 7816 3961 7816 3960 7817 3961 7817 3962 7817 3960 7818 3962 7818 3956 7818 3960 7819 3958 7819 3959 7819 3829 7820 3963 7820 3831 7820 3826 7821 3964 7821 3827 7821 3816 7822 3965 7822 3814 7822 3966 7823 3959 7823 3844 7823 3966 7824 3844 7824 3842 7824 3967 7825 3961 7825 3959 7825 3967 7826 3962 7826 3961 7826 3967 7827 3968 7827 3962 7827 3967 7828 3959 7828 3966 7828 3969 7829 3842 7829 3839 7829 3969 7830 3966 7830 3842 7830 3970 7831 3971 7831 3968 7831 3970 7832 3968 7832 3967 7832 3970 7833 3967 7833 3966 7833 3970 7834 3966 7834 3969 7834 3972 7835 3971 7835 3970 7835 3972 7836 3839 7836 3837 7836 3972 7837 3970 7837 3969 7837 3972 7838 3837 7838 3971 7838 3972 7839 3969 7839 3839 7839 3973 7840 3837 7840 3835 7840 3974 7841 3975 7841 3971 7841 3974 7842 3971 7842 3837 7842 3974 7843 3837 7843 3973 7843 3976 7844 3974 7844 3973 7844 3976 7845 3835 7845 3833 7845 3976 7846 3973 7846 3835 7846 3976 7847 3975 7847 3974 7847 3977 7848 3976 7848 3833 7848 3978 7849 3963 7849 3975 7849 3978 7850 3975 7850 3976 7850 3978 7851 3976 7851 3977 7851 3979 7852 3833 7852 3831 7852 3979 7853 3977 7853 3833 7853 3979 7854 3978 7854 3977 7854 3979 7855 3831 7855 3963 7855 3980 7856 3963 7856 3978 7856 3980 7857 3978 7857 3979 7857 3980 7858 3979 7858 3963 7858 3981 7859 3829 7859 3827 7859 3981 7860 3963 7860 3829 7860 3982 7861 3964 7861 3963 7861 3982 7862 3963 7862 3981 7862 3983 7863 3981 7863 3827 7863 3983 7864 3827 7864 3964 7864 3984 7865 3981 7865 3983 7865 3984 7866 3964 7866 3982 7866 3984 7867 3982 7867 3981 7867 3984 7868 3983 7868 3964 7868 3985 7869 3964 7869 3826 7869 3986 7870 3964 7870 3985 7870 3986 7871 3987 7871 3964 7871 3988 7872 3826 7872 3824 7872 3988 7873 3985 7873 3826 7873 3988 7874 3986 7874 3985 7874 3988 7875 3987 7875 3986 7875 3988 7876 3824 7876 3987 7876 3989 7877 3824 7877 3821 7877 3990 7878 3991 7878 3987 7878 3990 7879 3987 7879 3824 7879 3990 7880 3824 7880 3989 7880 3992 7881 3821 7881 3818 7881 3992 7882 3989 7882 3821 7882 3992 7883 3990 7883 3989 7883 3992 7884 3991 7884 3990 7884 3993 7885 3992 7885 3818 7885 3994 7886 3995 7886 3991 7886 3994 7887 3991 7887 3992 7887 3994 7888 3992 7888 3993 7888 3996 7889 3818 7889 3817 7889 3996 7890 3994 7890 3993 7890 3996 7891 3993 7891 3818 7891 3997 7892 3995 7892 3994 7892 3997 7893 3994 7893 3996 7893 3998 7894 3817 7894 3815 7894 3998 7895 3995 7895 3997 7895 3998 7896 3997 7896 3996 7896 3998 7897 3996 7897 3817 7897 3999 7898 3998 7898 3815 7898 4000 7899 3965 7899 3995 7899 4000 7900 3995 7900 3998 7900 4000 7901 3998 7901 3999 7901 4001 7902 3815 7902 3814 7902 4001 7903 3999 7903 3815 7903 4001 7904 3814 7904 3965 7904 4002 7905 3965 7905 4000 7905 4002 7906 4000 7906 3999 7906 4002 7907 4001 7907 3965 7907 4002 7908 3999 7908 4001 7908 4003 7909 3965 7909 3816 7909 4004 7910 4005 7910 3965 7910 4004 7911 3965 7911 4003 7911 4006 7912 3816 7912 3819 7912 4006 7913 4003 7913 3816 7913 4007 7914 4006 7914 3819 7914 4007 7915 4005 7915 4004 7915 4007 7916 4004 7916 4003 7916 4007 7917 4003 7917 4006 7917 4007 7918 3819 7918 4005 7918 4008 7919 3819 7919 3820 7919 4009 7920 4010 7920 4005 7920 4009 7921 3819 7921 4008 7921 4009 7922 4005 7922 3819 7922 4011 7923 4008 7923 3820 7923 4011 7924 3822 7924 4010 7924 4011 7925 3820 7925 3822 7925 4011 7926 4010 7926 4009 7926 4011 7927 4009 7927 4008 7927 4012 7928 3822 7928 3823 7928 4012 7929 3823 7929 3825 7929 4012 7930 3825 7930 3910 7930 4013 7931 4010 7931 3822 7931 4013 7932 3822 7932 4012 7932 4013 7933 3910 7933 3914 7933 4013 7934 3914 7934 3913 7934 4013 7935 3913 7935 4010 7935 4013 7936 4012 7936 3910 7936 3866 7937 3870 7937 3685 7937 3904 7938 4014 7938 3697 7938 3697 7939 4014 7939 3856 7939 3856 7940 4014 7940 3857 7940 4015 7941 4016 7941 3868 7941 3869 7942 4016 7942 3904 7942 3868 7943 4016 7943 3869 7943 3904 7944 4016 7944 4014 7944 4014 7945 4017 7945 3857 7945 4018 7946 4019 7946 4015 7946 4014 7947 4019 7947 4017 7947 4015 7948 4019 7948 4016 7948 4016 7949 4019 7949 4014 7949 3857 7950 4020 7950 3858 7950 4017 7951 4020 7951 3857 7951 4021 7952 4022 7952 4018 7952 4017 7953 4022 7953 4020 7953 4018 7954 4022 7954 4019 7954 4019 7955 4022 7955 4017 7955 3858 7956 4023 7956 3859 7956 4020 7957 4023 7957 3858 7957 4024 7958 4025 7958 4021 7958 4020 7959 4025 7959 4023 7959 4022 7960 4025 7960 4020 7960 4021 7961 4025 7961 4022 7961 3859 7962 4026 7962 3860 7962 4025 7963 4026 7963 4023 7963 4023 7964 4026 7964 3859 7964 4027 7965 4028 7965 4024 7965 4025 7966 4028 7966 4026 7966 4024 7967 4028 7967 4025 7967 3860 7968 4029 7968 3861 7968 3861 7969 4029 7969 3862 7969 4026 7970 4029 7970 3860 7970 4030 7971 4031 7971 4027 7971 4026 7972 4031 7972 4029 7972 4027 7973 4031 7973 4028 7973 4028 7974 4031 7974 4026 7974 4029 7975 4032 7975 3862 7975 4033 7976 4034 7976 4030 7976 4035 7977 4034 7977 4033 7977 4031 7978 4034 7978 4029 7978 4030 7979 4034 7979 4031 7979 4029 7980 4034 7980 4032 7980 3862 7981 4036 7981 3863 7981 4032 7982 4036 7982 3862 7982 4034 7983 4036 7983 4032 7983 4034 7984 4037 7984 4036 7984 4035 7985 4037 7985 4034 7985 3863 7986 4038 7986 3864 7986 3864 7987 4038 7987 3865 7987 4036 7988 4038 7988 3863 7988 4037 7989 4038 7989 4036 7989 4035 7990 4039 7990 4037 7990 4040 7991 4039 7991 4035 7991 4037 7992 4039 7992 4038 7992 4038 7993 4041 7993 3865 7993 4039 7994 4042 7994 4038 7994 4040 7995 4042 7995 4039 7995 4043 7996 4042 7996 4040 7996 4038 7997 4042 7997 4041 7997 3865 7998 4044 7998 3866 7998 4041 7999 4044 7999 3865 7999 3866 8000 4044 8000 3870 8000 3870 8001 4045 8001 3875 8001 3875 8002 4045 8002 3874 8002 4043 8003 4045 8003 4042 8003 4046 8004 4045 8004 4043 8004 4042 8005 4045 8005 4041 8005 3874 8006 4045 8006 4046 8006 4044 8007 4045 8007 3870 8007 4041 8008 4045 8008 4044 8008 4047 8009 4048 8009 3874 8009 3874 8010 4048 8010 3872 8010 3872 8011 4049 8011 3877 8011 4048 8012 4049 8012 3872 8012 3877 8013 4050 8013 3880 8013 4049 8014 4050 8014 3877 8014 3880 8015 4051 8015 3883 8015 4050 8016 4051 8016 3880 8016 3883 8017 4052 8017 3886 8017 4051 8018 4052 8018 3883 8018 3886 8019 4053 8019 3889 8019 4052 8020 4053 8020 3886 8020 3889 8021 4054 8021 3891 8021 4053 8022 4054 8022 3889 8022 3891 8023 4055 8023 3896 8023 3896 8024 4055 8024 3897 8024 4054 8025 4055 8025 3891 8025 4055 8026 4056 8026 3897 8026 3897 8027 4057 8027 3902 8027 4056 8028 4057 8028 3897 8028 3902 8029 4058 8029 3867 8029 4057 8030 4058 8030 3902 8030 3867 8031 4059 8031 3868 8031 4058 8032 4059 8032 3867 8032 4060 8033 3913 8033 3912 8033 4061 8034 4060 8034 3912 8034 4062 8035 3912 8035 3917 8035 4062 8036 4061 8036 3912 8036 4063 8037 3917 8037 3921 8037 4063 8038 4062 8038 3917 8038 4064 8039 3921 8039 3906 8039 4064 8040 4063 8040 3921 8040 4065 8041 3906 8041 3907 8041 4065 8042 4064 8042 3906 8042 4066 8043 3907 8043 3933 8043 4066 8044 4065 8044 3907 8044 4067 8045 3933 8045 3937 8045 4067 8046 4066 8046 3933 8046 4068 8047 3937 8047 3941 8047 4068 8048 4067 8048 3937 8048 4069 8049 3941 8049 3908 8049 4069 8050 4068 8050 3941 8050 4070 8051 3908 8051 3951 8051 4070 8052 3951 8052 3956 8052 4070 8053 4069 8053 3908 8053 4071 8054 4070 8054 3956 8054 4072 8055 3956 8055 3962 8055 4072 8056 4071 8056 3956 8056 4073 8057 4072 8057 3962 8057 4073 8058 3962 8058 3968 8058 4074 8059 3968 8059 3971 8059 4074 8060 4073 8060 3968 8060 4075 8061 3971 8061 3975 8061 4075 8062 4074 8062 3971 8062 4076 8063 3975 8063 3963 8063 4076 8064 4075 8064 3975 8064 4077 8065 3963 8065 3964 8065 4077 8066 4076 8066 3963 8066 4078 8067 3964 8067 3987 8067 4078 8068 4077 8068 3964 8068 4079 8069 3987 8069 3991 8069 4079 8070 4078 8070 3987 8070 4080 8071 3991 8071 3995 8071 4080 8072 4079 8072 3991 8072 4081 8073 3995 8073 3965 8073 4081 8074 4080 8074 3995 8074 4082 8075 3965 8075 4005 8075 4082 8076 4005 8076 4010 8076 4082 8077 4081 8077 3965 8077 4083 8078 4082 8078 4010 8078 4060 8079 4010 8079 3913 8079 4060 8080 4083 8080 4010 8080 4059 8081 4084 8081 3868 8081 3868 8082 4084 8082 4015 8082 4015 8083 4085 8083 4018 8083 4084 8084 4085 8084 4015 8084 4018 8085 4086 8085 4021 8085 4021 8086 4086 8086 4024 8086 4085 8087 4086 8087 4018 8087 4086 8088 4087 8088 4024 8088 4024 8089 4088 8089 4027 8089 4087 8090 4088 8090 4024 8090 4027 8091 4089 8091 4030 8091 4030 8092 4089 8092 4033 8092 4088 8093 4089 8093 4027 8093 4033 8094 4090 8094 4035 8094 4089 8095 4090 8095 4033 8095 4090 8096 4091 8096 4035 8096 4035 8097 4092 8097 4040 8097 4091 8098 4092 8098 4035 8098 4040 8099 4093 8099 4043 8099 4092 8100 4093 8100 4040 8100 4043 8101 4094 8101 4046 8101 4093 8102 4094 8102 4043 8102 4046 8103 4047 8103 3874 8103 4094 8104 4047 8104 4046 8104 4048 8105 4047 8105 4095 8105 4096 8106 4097 8106 4098 8106 4099 8107 4100 8107 4101 8107 4099 8108 4102 8108 4100 8108 4103 8109 4095 8109 4102 8109 4103 8110 4048 8110 4095 8110 4103 8111 4102 8111 4099 8111 4104 8112 4101 8112 4105 8112 4104 8113 4105 8113 4106 8113 4104 8114 4099 8114 4101 8114 4104 8115 4103 8115 4099 8115 4107 8116 4049 8116 4048 8116 4107 8117 4103 8117 4104 8117 4107 8118 4048 8118 4103 8118 4108 8119 4104 8119 4106 8119 4108 8120 4107 8120 4104 8120 4109 8121 4050 8121 4049 8121 4109 8122 4107 8122 4108 8122 4109 8123 4049 8123 4107 8123 4110 8124 4106 8124 4111 8124 4110 8125 4111 8125 4112 8125 4110 8126 4108 8126 4106 8126 4113 8127 4051 8127 4050 8127 4113 8128 4052 8128 4051 8128 4113 8129 4050 8129 4109 8129 4113 8130 4108 8130 4110 8130 4113 8131 4109 8131 4108 8131 4114 8132 4110 8132 4112 8132 4114 8133 4113 8133 4110 8133 4115 8134 4053 8134 4052 8134 4115 8135 4113 8135 4114 8135 4115 8136 4052 8136 4113 8136 4116 8137 4112 8137 4117 8137 4116 8138 4117 8138 4118 8138 4116 8139 4114 8139 4112 8139 4119 8140 4054 8140 4053 8140 4119 8141 4053 8141 4115 8141 4119 8142 4114 8142 4116 8142 4119 8143 4115 8143 4114 8143 4120 8144 4116 8144 4118 8144 4120 8145 4119 8145 4116 8145 4121 8146 4054 8146 4119 8146 4121 8147 4119 8147 4120 8147 4122 8148 4118 8148 4123 8148 4122 8149 4120 8149 4118 8149 4124 8150 4120 8150 4122 8150 4124 8151 4055 8151 4054 8151 4124 8152 4054 8152 4121 8152 4124 8153 4121 8153 4120 8153 4125 8154 4123 8154 4126 8154 4125 8155 4122 8155 4123 8155 4127 8156 4122 8156 4125 8156 4127 8157 4056 8157 4055 8157 4127 8158 4055 8158 4124 8158 4127 8159 4124 8159 4122 8159 4128 8160 4126 8160 4129 8160 4128 8161 4129 8161 4097 8161 4128 8162 4125 8162 4126 8162 4130 8163 4056 8163 4127 8163 4130 8164 4125 8164 4128 8164 4130 8165 4057 8165 4056 8165 4130 8166 4127 8166 4125 8166 4131 8167 4096 8167 4132 8167 4131 8168 4128 8168 4097 8168 4131 8169 4097 8169 4096 8169 4133 8170 4130 8170 4128 8170 4133 8171 4132 8171 4059 8171 4133 8172 4057 8172 4130 8172 4133 8173 4128 8173 4131 8173 4133 8174 4058 8174 4057 8174 4133 8175 4059 8175 4058 8175 4133 8176 4131 8176 4132 8176 4134 8177 4135 8177 4136 8177 4137 8178 4060 8178 4061 8178 4137 8179 4138 8179 4060 8179 4139 8180 4140 8180 4141 8180 4139 8181 4142 8181 4138 8181 4139 8182 4141 8182 4142 8182 4139 8183 4138 8183 4137 8183 4143 8184 4061 8184 4062 8184 4143 8185 4137 8185 4061 8185 4143 8186 4139 8186 4137 8186 4144 8187 4145 8187 4140 8187 4144 8188 4140 8188 4139 8188 4144 8189 4139 8189 4143 8189 4146 8190 4062 8190 4063 8190 4146 8191 4143 8191 4062 8191 4147 8192 4148 8192 4145 8192 4147 8193 4144 8193 4143 8193 4147 8194 4143 8194 4146 8194 4147 8195 4145 8195 4144 8195 4149 8196 4063 8196 4064 8196 4149 8197 4146 8197 4063 8197 4150 8198 4151 8198 4148 8198 4150 8199 4147 8199 4146 8199 4150 8200 4146 8200 4149 8200 4150 8201 4148 8201 4147 8201 4152 8202 4064 8202 4065 8202 4152 8203 4149 8203 4064 8203 4153 8204 4154 8204 4151 8204 4153 8205 4150 8205 4149 8205 4153 8206 4149 8206 4152 8206 4153 8207 4151 8207 4150 8207 4155 8208 4065 8208 4066 8208 4155 8209 4152 8209 4065 8209 4156 8210 4157 8210 4154 8210 4156 8211 4153 8211 4152 8211 4156 8212 4154 8212 4153 8212 4156 8213 4152 8213 4155 8213 4158 8214 4066 8214 4067 8214 4158 8215 4155 8215 4066 8215 4159 8216 4160 8216 4157 8216 4159 8217 4157 8217 4156 8217 4159 8218 4156 8218 4155 8218 4159 8219 4155 8219 4158 8219 4161 8220 4067 8220 4068 8220 4161 8221 4068 8221 4069 8221 4161 8222 4158 8222 4067 8222 4162 8223 4158 8223 4161 8223 4162 8224 4163 8224 4160 8224 4162 8225 4160 8225 4159 8225 4162 8226 4159 8226 4158 8226 4164 8227 4161 8227 4069 8227 4164 8228 4162 8228 4161 8228 4165 8229 4166 8229 4163 8229 4165 8230 4163 8230 4162 8230 4165 8231 4162 8231 4164 8231 4167 8232 4069 8232 4070 8232 4167 8233 4164 8233 4069 8233 4168 8234 4166 8234 4165 8234 4168 8235 4164 8235 4167 8235 4168 8236 4165 8236 4164 8236 4168 8237 4169 8237 4166 8237 4170 8238 4070 8238 4071 8238 4170 8239 4167 8239 4070 8239 4170 8240 4071 8240 4072 8240 4170 8241 4072 8241 4171 8241 4170 8242 4171 8242 4136 8242 4172 8243 4168 8243 4167 8243 4172 8244 4167 8244 4170 8244 4172 8245 4169 8245 4168 8245 4172 8246 4170 8246 4136 8246 4172 8247 4135 8247 4169 8247 4172 8248 4136 8248 4135 8248 4141 8249 4173 8249 4142 8249 4174 8250 4171 8250 4072 8250 4174 8251 4072 8251 4073 8251 4175 8252 4136 8252 4171 8252 4175 8253 4134 8253 4136 8253 4175 8254 4176 8254 4134 8254 4175 8255 4171 8255 4174 8255 4177 8256 4073 8256 4074 8256 4177 8257 4174 8257 4073 8257 4178 8258 4179 8258 4176 8258 4178 8259 4174 8259 4177 8259 4178 8260 4176 8260 4175 8260 4178 8261 4175 8261 4174 8261 4180 8262 4074 8262 4075 8262 4180 8263 4177 8263 4074 8263 4181 8264 4182 8264 4179 8264 4181 8265 4177 8265 4180 8265 4181 8266 4179 8266 4178 8266 4181 8267 4178 8267 4177 8267 4183 8268 4075 8268 4076 8268 4183 8269 4180 8269 4075 8269 4184 8270 4185 8270 4182 8270 4184 8271 4181 8271 4180 8271 4184 8272 4180 8272 4183 8272 4184 8273 4182 8273 4181 8273 4186 8274 4076 8274 4077 8274 4186 8275 4183 8275 4076 8275 4187 8276 4188 8276 4185 8276 4187 8277 4183 8277 4186 8277 4187 8278 4184 8278 4183 8278 4187 8279 4185 8279 4184 8279 4189 8280 4077 8280 4078 8280 4189 8281 4078 8281 4079 8281 4189 8282 4186 8282 4077 8282 4190 8283 4191 8283 4188 8283 4190 8284 4186 8284 4189 8284 4190 8285 4187 8285 4186 8285 4190 8286 4188 8286 4187 8286 4192 8287 4189 8287 4079 8287 4193 8288 4194 8288 4191 8288 4193 8289 4191 8289 4190 8289 4193 8290 4190 8290 4189 8290 4193 8291 4189 8291 4192 8291 4195 8292 4079 8292 4080 8292 4195 8293 4192 8293 4079 8293 4196 8294 4192 8294 4195 8294 4196 8295 4197 8295 4194 8295 4196 8296 4194 8296 4193 8296 4196 8297 4193 8297 4192 8297 4198 8298 4080 8298 4081 8298 4198 8299 4195 8299 4080 8299 4199 8300 4195 8300 4198 8300 4199 8301 4200 8301 4197 8301 4199 8302 4201 8302 4200 8302 4199 8303 4197 8303 4196 8303 4199 8304 4196 8304 4195 8304 4202 8305 4081 8305 4082 8305 4202 8306 4198 8306 4081 8306 4203 8307 4198 8307 4202 8307 4203 8308 4199 8308 4198 8308 4203 8309 4201 8309 4199 8309 4203 8310 4173 8310 4201 8310 4204 8311 4202 8311 4082 8311 4204 8312 4082 8312 4083 8312 4204 8313 4083 8313 4060 8313 4204 8314 4060 8314 4138 8314 4205 8315 4202 8315 4204 8315 4205 8316 4173 8316 4203 8316 4205 8317 4138 8317 4142 8317 4205 8318 4203 8318 4202 8318 4205 8319 4204 8319 4138 8319 4205 8320 4142 8320 4173 8320 4084 8321 4059 8321 4132 8321 4102 8322 4206 8322 4100 8322 4207 8323 4096 8323 4098 8323 4207 8324 4098 8324 4208 8324 4209 8325 4132 8325 4096 8325 4209 8326 4096 8326 4207 8326 4209 8327 4084 8327 4132 8327 4210 8328 4208 8328 4211 8328 4210 8329 4207 8329 4208 8329 4210 8330 4209 8330 4207 8330 4212 8331 4085 8331 4084 8331 4212 8332 4209 8332 4210 8332 4212 8333 4084 8333 4209 8333 4213 8334 4211 8334 4214 8334 4213 8335 4214 8335 4215 8335 4213 8336 4210 8336 4211 8336 4216 8337 4086 8337 4085 8337 4216 8338 4087 8338 4086 8338 4216 8339 4210 8339 4213 8339 4216 8340 4085 8340 4212 8340 4216 8341 4212 8341 4210 8341 4217 8342 4215 8342 4218 8342 4217 8343 4213 8343 4215 8343 4219 8344 4213 8344 4217 8344 4219 8345 4216 8345 4213 8345 4219 8346 4087 8346 4216 8346 4220 8347 4218 8347 4221 8347 4220 8348 4217 8348 4218 8348 4222 8349 4088 8349 4087 8349 4222 8350 4089 8350 4088 8350 4222 8351 4217 8351 4220 8351 4222 8352 4219 8352 4217 8352 4222 8353 4087 8353 4219 8353 4223 8354 4222 8354 4220 8354 4223 8355 4220 8355 4221 8355 4224 8356 4089 8356 4222 8356 4224 8357 4222 8357 4223 8357 4225 8358 4221 8358 4226 8358 4225 8359 4226 8359 4227 8359 4225 8360 4223 8360 4221 8360 4228 8361 4090 8361 4089 8361 4228 8362 4224 8362 4223 8362 4228 8363 4089 8363 4224 8363 4228 8364 4223 8364 4225 8364 4229 8365 4225 8365 4227 8365 4230 8366 4225 8366 4229 8366 4230 8367 4091 8367 4090 8367 4230 8368 4090 8368 4228 8368 4230 8369 4228 8369 4225 8369 4231 8370 4227 8370 4232 8370 4231 8371 4232 8371 4233 8371 4231 8372 4229 8372 4227 8372 4234 8373 4229 8373 4231 8373 4234 8374 4092 8374 4091 8374 4234 8375 4091 8375 4230 8375 4234 8376 4230 8376 4229 8376 4235 8377 4231 8377 4233 8377 4235 8378 4234 8378 4231 8378 4235 8379 4233 8379 4206 8379 4236 8380 4092 8380 4234 8380 4236 8381 4093 8381 4092 8381 4236 8382 4234 8382 4235 8382 4237 8383 4235 8383 4206 8383 4237 8384 4206 8384 4102 8384 4238 8385 4236 8385 4235 8385 4238 8386 4093 8386 4236 8386 4238 8387 4102 8387 4095 8387 4238 8388 4095 8388 4047 8388 4238 8389 4237 8389 4102 8389 4238 8390 4094 8390 4093 8390 4238 8391 4047 8391 4094 8391 4238 8392 4235 8392 4237 8392 4239 8393 4232 8393 4240 8393 4241 8394 4232 8394 4239 8394 4242 8395 4227 8395 4243 8395 4240 8396 4227 8396 4242 8396 4232 8397 4227 8397 4240 8397 4244 8398 4233 8398 4241 8398 4245 8399 4233 8399 4244 8399 4241 8400 4233 8400 4232 8400 4243 8401 4226 8401 4246 8401 4227 8402 4226 8402 4243 8402 4247 8403 4206 8403 4245 8403 4245 8404 4206 8404 4233 8404 4247 8405 4248 8405 4206 8405 4246 8406 4221 8406 4249 8406 4226 8407 4221 8407 4246 8407 4248 8408 4100 8408 4206 8408 4250 8409 4100 8409 4248 8409 4221 8410 4251 8410 4249 8410 4252 8411 4101 8411 4250 8411 4250 8412 4101 8412 4100 8412 4221 8413 4218 8413 4251 8413 4251 8414 4218 8414 4253 8414 4218 8415 4254 8415 4253 8415 4252 8416 4255 8416 4101 8416 4218 8417 4215 8417 4254 8417 4255 8418 4105 8418 4101 8418 4215 8419 4256 8419 4254 8419 4255 8420 4257 8420 4105 8420 4215 8421 4258 8421 4256 8421 4257 8422 4259 8422 4105 8422 4215 8423 4214 8423 4258 8423 4259 8424 4106 8424 4105 8424 4214 8425 4260 8425 4258 8425 4259 8426 4261 8426 4106 8426 4260 8427 4211 8427 4262 8427 4214 8428 4211 8428 4260 8428 4263 8429 4111 8429 4261 8429 4261 8430 4111 8430 4106 8430 4211 8431 4264 8431 4262 8431 4263 8432 4265 8432 4111 8432 4211 8433 4208 8433 4264 8433 4265 8434 4112 8434 4111 8434 4265 8435 4266 8435 4112 8435 4208 8436 4267 8436 4264 8436 4266 8437 4268 8437 4112 8437 4268 8438 4117 8438 4112 8438 4098 8439 4269 8439 4208 8439 4208 8440 4269 8440 4267 8440 4268 8441 4270 8441 4117 8441 4098 8442 4271 8442 4269 8442 4098 8443 4097 8443 4271 8443 4117 8444 4272 8444 4118 8444 4270 8445 4272 8445 4117 8445 4097 8446 4273 8446 4271 8446 4118 8447 4274 8447 4123 8447 4272 8448 4274 8448 4118 8448 4129 8449 4275 8449 4097 8449 4097 8450 4275 8450 4273 8450 4274 8451 4276 8451 4123 8451 4129 8452 4277 8452 4275 8452 4123 8453 4278 8453 4126 8453 4276 8454 4278 8454 4123 8454 4126 8455 4279 8455 4129 8455 4129 8456 4279 8456 4277 8456 4278 8457 4280 8457 4126 8457 4126 8458 4280 8458 4279 8458 4201 8459 4281 8459 4200 8459 4200 8460 4281 8460 4282 8460 4200 8461 4283 8461 4197 8461 4282 8462 4283 8462 4200 8462 4201 8463 4284 8463 4281 8463 4283 8464 4285 8464 4197 8464 4201 8465 4286 8465 4284 8465 4285 8466 4287 8466 4197 8466 4287 8467 4194 8467 4197 8467 4201 8468 4173 8468 4286 8468 4173 8469 4288 8469 4286 8469 4287 8470 4289 8470 4194 8470 4173 8471 4290 8471 4288 8471 4173 8472 4141 8472 4290 8472 4291 8473 4191 8473 4289 8473 4289 8474 4191 8474 4194 8474 4141 8475 4292 8475 4290 8475 4291 8476 4293 8476 4191 8476 4141 8477 4140 8477 4292 8477 4293 8478 4188 8478 4191 8478 4293 8479 4294 8479 4188 8479 4140 8480 4295 8480 4292 8480 4294 8481 4296 8481 4188 8481 4140 8482 4297 8482 4295 8482 4140 8483 4145 8483 4297 8483 4296 8484 4185 8484 4188 8484 4296 8485 4298 8485 4185 8485 4145 8486 4299 8486 4297 8486 4298 8487 4300 8487 4185 8487 4145 8488 4301 8488 4299 8488 4300 8489 4182 8489 4185 8489 4145 8490 4148 8490 4301 8490 4300 8491 4302 8491 4182 8491 4148 8492 4303 8492 4301 8492 4304 8493 4179 8493 4302 8493 4302 8494 4179 8494 4182 8494 4148 8495 4151 8495 4303 8495 4303 8496 4151 8496 4305 8496 4304 8497 4306 8497 4179 8497 4151 8498 4307 8498 4305 8498 4307 8499 4154 8499 4308 8499 4151 8500 4154 8500 4307 8500 4309 8501 4176 8501 4306 8501 4306 8502 4176 8502 4179 8502 4154 8503 4310 8503 4308 8503 4309 8504 4311 8504 4176 8504 4154 8505 4157 8505 4310 8505 4311 8506 4134 8506 4176 8506 4157 8507 4312 8507 4310 8507 4311 8508 4313 8508 4134 8508 4157 8509 4314 8509 4312 8509 4157 8510 4160 8510 4314 8510 4315 8511 4135 8511 4313 8511 4313 8512 4135 8512 4134 8512 4160 8513 4316 8513 4314 8513 4315 8514 4317 8514 4135 8514 4316 8515 4163 8515 4318 8515 4318 8516 4163 8516 4319 8516 4160 8517 4163 8517 4316 8517 4320 8518 4169 8518 4321 8518 4321 8519 4169 8519 4317 8519 4317 8520 4169 8520 4135 8520 4319 8521 4166 8521 4322 8521 4322 8522 4166 8522 4320 8522 4320 8523 4166 8523 4169 8523 4163 8524 4166 8524 4319 8524 4265 8525 4263 8525 4323 8525 4268 8526 4266 8526 4324 8526 4279 8527 4280 8527 4325 8527 4269 8528 4271 8528 4326 8528 4327 8529 4328 8529 4329 8529 4327 8530 4330 8530 4328 8530 4331 8531 4252 8531 4250 8531 4331 8532 4332 8532 4330 8532 4331 8533 4250 8533 4332 8533 4331 8534 4330 8534 4327 8534 4333 8535 4329 8535 4334 8535 4333 8536 4331 8536 4327 8536 4333 8537 4255 8537 4252 8537 4333 8538 4327 8538 4329 8538 4333 8539 4252 8539 4331 8539 4335 8540 4333 8540 4334 8540 4335 8541 4334 8541 4257 8541 4336 8542 4257 8542 4255 8542 4336 8543 4255 8543 4333 8543 4336 8544 4335 8544 4257 8544 4336 8545 4333 8545 4335 8545 4337 8546 4334 8546 4338 8546 4337 8547 4259 8547 4257 8547 4337 8548 4257 8548 4334 8548 4339 8549 4337 8549 4338 8549 4340 8550 4261 8550 4259 8550 4340 8551 4337 8551 4339 8551 4340 8552 4259 8552 4337 8552 4341 8553 4339 8553 4338 8553 4341 8554 4340 8554 4339 8554 4341 8555 4261 8555 4340 8555 4342 8556 4338 8556 4323 8556 4342 8557 4341 8557 4338 8557 4343 8558 4263 8558 4261 8558 4343 8559 4341 8559 4342 8559 4343 8560 4261 8560 4341 8560 4343 8561 4342 8561 4323 8561 4343 8562 4323 8562 4263 8562 4344 8563 4323 8563 4324 8563 4344 8564 4265 8564 4323 8564 4345 8565 4344 8565 4324 8565 4346 8566 4345 8566 4324 8566 4346 8567 4266 8567 4265 8567 4346 8568 4265 8568 4344 8568 4346 8569 4344 8569 4345 8569 4346 8570 4324 8570 4266 8570 4347 8571 4324 8571 4348 8571 4347 8572 4268 8572 4324 8572 4349 8573 4347 8573 4348 8573 4349 8574 4348 8574 4270 8574 4350 8575 4347 8575 4349 8575 4350 8576 4270 8576 4268 8576 4350 8577 4268 8577 4347 8577 4350 8578 4349 8578 4270 8578 4351 8579 4348 8579 4352 8579 4351 8580 4272 8580 4270 8580 4351 8581 4270 8581 4348 8581 4353 8582 4351 8582 4352 8582 4354 8583 4272 8583 4351 8583 4354 8584 4274 8584 4272 8584 4354 8585 4351 8585 4353 8585 4355 8586 4353 8586 4352 8586 4355 8587 4274 8587 4354 8587 4355 8588 4354 8588 4353 8588 4356 8589 4352 8589 4357 8589 4356 8590 4355 8590 4352 8590 4358 8591 4276 8591 4274 8591 4358 8592 4274 8592 4355 8592 4358 8593 4355 8593 4356 8593 4359 8594 4356 8594 4357 8594 4359 8595 4358 8595 4356 8595 4360 8596 4278 8596 4276 8596 4360 8597 4276 8597 4358 8597 4360 8598 4358 8598 4359 8598 4361 8599 4357 8599 4325 8599 4361 8600 4280 8600 4278 8600 4361 8601 4278 8601 4360 8601 4361 8602 4359 8602 4357 8602 4361 8603 4360 8603 4359 8603 4362 8604 4361 8604 4325 8604 4363 8605 4361 8605 4362 8605 4363 8606 4362 8606 4325 8606 4363 8607 4280 8607 4361 8607 4363 8608 4325 8608 4280 8608 4364 8609 4279 8609 4325 8609 4364 8610 4325 8610 4365 8610 4366 8611 4365 8611 4277 8611 4366 8612 4364 8612 4365 8612 4367 8613 4277 8613 4279 8613 4367 8614 4279 8614 4364 8614 4367 8615 4366 8615 4277 8615 4367 8616 4364 8616 4366 8616 4368 8617 4277 8617 4365 8617 4368 8618 4365 8618 4369 8618 4368 8619 4275 8619 4277 8619 4370 8620 4369 8620 4273 8620 4370 8621 4368 8621 4369 8621 4371 8622 4273 8622 4275 8622 4371 8623 4275 8623 4368 8623 4371 8624 4370 8624 4273 8624 4371 8625 4368 8625 4370 8625 4372 8626 4273 8626 4369 8626 4372 8627 4369 8627 4373 8627 4372 8628 4373 8628 4374 8628 4372 8629 4374 8629 4326 8629 4372 8630 4326 8630 4271 8630 4372 8631 4271 8631 4273 8631 4254 8632 4256 8632 4375 8632 4251 8633 4253 8633 4376 8633 4241 8634 4239 8634 4377 8634 4378 8635 4374 8635 4373 8635 4378 8636 4373 8636 4379 8636 4380 8637 4326 8637 4374 8637 4380 8638 4269 8638 4326 8638 4380 8639 4267 8639 4269 8639 4380 8640 4374 8640 4378 8640 4381 8641 4380 8641 4378 8641 4381 8642 4379 8642 4382 8642 4381 8643 4264 8643 4267 8643 4381 8644 4378 8644 4379 8644 4381 8645 4267 8645 4380 8645 4383 8646 4381 8646 4382 8646 4383 8647 4382 8647 4262 8647 4384 8648 4262 8648 4264 8648 4384 8649 4264 8649 4381 8649 4384 8650 4381 8650 4383 8650 4384 8651 4383 8651 4262 8651 4385 8652 4382 8652 4386 8652 4385 8653 4260 8653 4262 8653 4385 8654 4262 8654 4382 8654 4387 8655 4385 8655 4386 8655 4388 8656 4385 8656 4387 8656 4388 8657 4258 8657 4260 8657 4388 8658 4260 8658 4385 8658 4389 8659 4387 8659 4386 8659 4389 8660 4388 8660 4387 8660 4389 8661 4258 8661 4388 8661 4390 8662 4386 8662 4375 8662 4390 8663 4389 8663 4386 8663 4391 8664 4256 8664 4258 8664 4391 8665 4258 8665 4389 8665 4391 8666 4389 8666 4390 8666 4391 8667 4390 8667 4375 8667 4391 8668 4375 8668 4256 8668 4392 8669 4375 8669 4376 8669 4392 8670 4254 8670 4375 8670 4393 8671 4392 8671 4376 8671 4394 8672 4253 8672 4254 8672 4394 8673 4254 8673 4392 8673 4394 8674 4392 8674 4393 8674 4394 8675 4376 8675 4253 8675 4394 8676 4393 8676 4376 8676 4395 8677 4376 8677 4396 8677 4395 8678 4251 8678 4376 8678 4397 8679 4395 8679 4396 8679 4397 8680 4396 8680 4249 8680 4398 8681 4395 8681 4397 8681 4398 8682 4249 8682 4251 8682 4398 8683 4251 8683 4395 8683 4398 8684 4397 8684 4249 8684 4399 8685 4396 8685 4400 8685 4399 8686 4246 8686 4249 8686 4399 8687 4249 8687 4396 8687 4401 8688 4399 8688 4400 8688 4402 8689 4246 8689 4399 8689 4402 8690 4243 8690 4246 8690 4402 8691 4399 8691 4401 8691 4403 8692 4401 8692 4400 8692 4403 8693 4243 8693 4402 8693 4403 8694 4402 8694 4401 8694 4404 8695 4400 8695 4405 8695 4404 8696 4403 8696 4400 8696 4406 8697 4242 8697 4243 8697 4406 8698 4243 8698 4403 8698 4406 8699 4403 8699 4404 8699 4407 8700 4404 8700 4405 8700 4408 8701 4240 8701 4242 8701 4408 8702 4242 8702 4406 8702 4408 8703 4406 8703 4404 8703 4408 8704 4404 8704 4407 8704 4409 8705 4405 8705 4377 8705 4409 8706 4240 8706 4408 8706 4409 8707 4407 8707 4405 8707 4409 8708 4408 8708 4407 8708 4410 8709 4409 8709 4377 8709 4411 8710 4239 8710 4240 8710 4411 8711 4240 8711 4409 8711 4411 8712 4409 8712 4410 8712 4411 8713 4410 8713 4377 8713 4411 8714 4377 8714 4239 8714 4412 8715 4241 8715 4377 8715 4412 8716 4377 8716 4413 8716 4414 8717 4413 8717 4244 8717 4414 8718 4412 8718 4413 8718 4415 8719 4244 8719 4241 8719 4415 8720 4241 8720 4412 8720 4415 8721 4414 8721 4244 8721 4415 8722 4412 8722 4414 8722 4416 8723 4244 8723 4413 8723 4416 8724 4413 8724 4417 8724 4416 8725 4245 8725 4244 8725 4418 8726 4417 8726 4247 8726 4418 8727 4416 8727 4417 8727 4419 8728 4247 8728 4245 8728 4419 8729 4245 8729 4416 8729 4419 8730 4418 8730 4247 8730 4419 8731 4416 8731 4418 8731 4420 8732 4247 8732 4417 8732 4420 8733 4417 8733 4328 8733 4420 8734 4328 8734 4330 8734 4420 8735 4330 8735 4332 8735 4420 8736 4332 8736 4250 8736 4420 8737 4248 8737 4247 8737 4420 8738 4250 8738 4248 8738 4421 8739 4292 8739 4295 8739 4421 8740 4295 8740 4297 8740 4421 8741 4422 8741 4292 8741 4423 8742 4297 8742 4299 8742 4423 8743 4299 8743 4301 8743 4423 8744 4421 8744 4297 8744 4424 8745 4301 8745 4303 8745 4424 8746 4423 8746 4301 8746 4425 8747 4303 8747 4305 8747 4425 8748 4305 8748 4307 8748 4425 8749 4424 8749 4303 8749 4426 8750 4307 8750 4308 8750 4426 8751 4308 8751 4310 8751 4426 8752 4425 8752 4307 8752 4427 8753 4310 8753 4312 8753 4427 8754 4312 8754 4314 8754 4427 8755 4426 8755 4310 8755 4428 8756 4314 8756 4316 8756 4428 8757 4427 8757 4314 8757 4429 8758 4316 8758 4318 8758 4429 8759 4318 8759 4319 8759 4429 8760 4428 8760 4316 8760 4430 8761 4319 8761 4322 8761 4430 8762 4322 8762 4320 8762 4430 8763 4429 8763 4319 8763 4431 8764 4320 8764 4321 8764 4431 8765 4321 8765 4317 8765 4431 8766 4430 8766 4320 8766 4432 8767 4317 8767 4315 8767 4432 8768 4315 8768 4313 8768 4432 8769 4431 8769 4317 8769 4433 8770 4432 8770 4313 8770 4433 8771 4313 8771 4311 8771 4434 8772 4433 8772 4311 8772 4434 8773 4311 8773 4309 8773 4434 8774 4309 8774 4306 8774 4435 8775 4306 8775 4304 8775 4435 8776 4304 8776 4302 8776 4435 8777 4434 8777 4306 8777 4436 8778 4302 8778 4300 8778 4436 8779 4435 8779 4302 8779 4437 8780 4300 8780 4298 8780 4437 8781 4298 8781 4296 8781 4437 8782 4436 8782 4300 8782 4438 8783 4296 8783 4294 8783 4438 8784 4294 8784 4293 8784 4438 8785 4437 8785 4296 8785 4439 8786 4293 8786 4291 8786 4439 8787 4291 8787 4289 8787 4439 8788 4438 8788 4293 8788 4440 8789 4289 8789 4287 8789 4440 8790 4439 8790 4289 8790 4441 8791 4287 8791 4285 8791 4441 8792 4285 8792 4283 8792 4441 8793 4440 8793 4287 8793 4442 8794 4283 8794 4282 8794 4442 8795 4282 8795 4281 8795 4442 8796 4441 8796 4283 8796 4443 8797 4281 8797 4284 8797 4443 8798 4284 8798 4286 8798 4443 8799 4442 8799 4281 8799 4444 8800 4286 8800 4288 8800 4444 8801 4288 8801 4290 8801 4444 8802 4443 8802 4286 8802 4422 8803 4444 8803 4290 8803 4422 8804 4290 8804 4292 8804 4329 8805 4445 8805 4446 8805 4329 8806 4328 8806 4445 8806 4334 8807 4446 8807 4447 8807 4334 8808 4329 8808 4446 8808 4338 8809 4447 8809 4448 8809 4338 8810 4334 8810 4447 8810 4323 8811 4448 8811 4449 8811 4323 8812 4338 8812 4448 8812 4324 8813 4449 8813 4450 8813 4324 8814 4450 8814 4451 8814 4324 8815 4323 8815 4449 8815 4348 8816 4324 8816 4451 8816 4352 8817 4451 8817 4452 8817 4352 8818 4452 8818 4453 8818 4352 8819 4348 8819 4451 8819 4357 8820 4352 8820 4453 8820 4325 8821 4453 8821 4454 8821 4325 8822 4454 8822 4455 8822 4325 8823 4357 8823 4453 8823 4365 8824 4325 8824 4455 8824 4369 8825 4455 8825 4456 8825 4369 8826 4365 8826 4455 8826 4373 8827 4456 8827 4457 8827 4373 8828 4369 8828 4456 8828 4379 8829 4373 8829 4457 8829 4379 8830 4457 8830 4458 8830 4382 8831 4458 8831 4459 8831 4382 8832 4379 8832 4458 8832 4386 8833 4459 8833 4460 8833 4386 8834 4382 8834 4459 8834 4375 8835 4460 8835 4461 8835 4375 8836 4386 8836 4460 8836 4376 8837 4461 8837 4462 8837 4376 8838 4375 8838 4461 8838 4396 8839 4462 8839 4463 8839 4396 8840 4376 8840 4462 8840 4400 8841 4463 8841 4464 8841 4400 8842 4396 8842 4463 8842 4405 8843 4464 8843 4465 8843 4405 8844 4400 8844 4464 8844 4377 8845 4465 8845 4466 8845 4377 8846 4405 8846 4465 8846 4413 8847 4466 8847 4467 8847 4413 8848 4467 8848 4468 8848 4413 8849 4377 8849 4466 8849 4417 8850 4468 8850 4445 8850 4417 8851 4413 8851 4468 8851 4328 8852 4417 8852 4445 8852 4469 8853 4470 8853 4471 8853 4472 8854 4422 8854 4421 8854 4472 8855 4473 8855 4422 8855 4474 8856 4475 8856 4476 8856 4474 8857 4477 8857 4475 8857 4474 8858 4478 8858 4473 8858 4474 8859 4476 8859 4478 8859 4474 8860 4473 8860 4472 8860 4479 8861 4421 8861 4423 8861 4479 8862 4472 8862 4421 8862 4479 8863 4474 8863 4472 8863 4480 8864 4474 8864 4479 8864 4480 8865 4477 8865 4474 8865 4481 8866 4423 8866 4424 8866 4481 8867 4424 8867 4425 8867 4481 8868 4479 8868 4423 8868 4482 8869 4483 8869 4477 8869 4482 8870 4480 8870 4479 8870 4482 8871 4479 8871 4481 8871 4482 8872 4477 8872 4480 8872 4484 8873 4481 8873 4425 8873 4485 8874 4486 8874 4483 8874 4485 8875 4482 8875 4481 8875 4485 8876 4483 8876 4482 8876 4485 8877 4481 8877 4484 8877 4487 8878 4425 8878 4426 8878 4487 8879 4484 8879 4425 8879 4488 8880 4489 8880 4486 8880 4488 8881 4484 8881 4487 8881 4488 8882 4486 8882 4485 8882 4488 8883 4485 8883 4484 8883 4490 8884 4426 8884 4427 8884 4490 8885 4487 8885 4426 8885 4491 8886 4492 8886 4489 8886 4491 8887 4488 8887 4487 8887 4491 8888 4489 8888 4488 8888 4491 8889 4487 8889 4490 8889 4493 8890 4427 8890 4428 8890 4493 8891 4490 8891 4427 8891 4494 8892 4495 8892 4492 8892 4494 8893 4492 8893 4491 8893 4494 8894 4491 8894 4490 8894 4494 8895 4490 8895 4493 8895 4496 8896 4428 8896 4429 8896 4496 8897 4493 8897 4428 8897 4497 8898 4493 8898 4496 8898 4497 8899 4498 8899 4495 8899 4497 8900 4495 8900 4494 8900 4497 8901 4494 8901 4493 8901 4499 8902 4429 8902 4430 8902 4499 8903 4496 8903 4429 8903 4500 8904 4496 8904 4499 8904 4500 8905 4501 8905 4498 8905 4500 8906 4498 8906 4497 8906 4500 8907 4497 8907 4496 8907 4502 8908 4430 8908 4431 8908 4502 8909 4499 8909 4430 8909 4503 8910 4501 8910 4500 8910 4503 8911 4499 8911 4502 8911 4503 8912 4500 8912 4499 8912 4503 8913 4504 8913 4501 8913 4505 8914 4503 8914 4502 8914 4505 8915 4431 8915 4432 8915 4505 8916 4502 8916 4431 8916 4505 8917 4432 8917 4433 8917 4505 8918 4433 8918 4506 8918 4505 8919 4506 8919 4471 8919 4507 8920 4503 8920 4505 8920 4507 8921 4504 8921 4503 8921 4507 8922 4505 8922 4471 8922 4507 8923 4470 8923 4504 8923 4507 8924 4471 8924 4470 8924 4476 8925 4508 8925 4478 8925 4509 8926 4506 8926 4433 8926 4509 8927 4433 8927 4434 8927 4510 8928 4471 8928 4506 8928 4510 8929 4469 8929 4471 8929 4510 8930 4511 8930 4469 8930 4510 8931 4506 8931 4509 8931 4512 8932 4434 8932 4435 8932 4512 8933 4509 8933 4434 8933 4513 8934 4514 8934 4511 8934 4513 8935 4509 8935 4512 8935 4513 8936 4511 8936 4510 8936 4513 8937 4510 8937 4509 8937 4515 8938 4435 8938 4436 8938 4515 8939 4436 8939 4437 8939 4515 8940 4512 8940 4435 8940 4516 8941 4517 8941 4514 8941 4516 8942 4514 8942 4513 8942 4516 8943 4513 8943 4512 8943 4516 8944 4512 8944 4515 8944 4518 8945 4515 8945 4437 8945 4518 8946 4516 8946 4515 8946 4519 8947 4520 8947 4517 8947 4519 8948 4516 8948 4518 8948 4519 8949 4517 8949 4516 8949 4521 8950 4437 8950 4438 8950 4521 8951 4518 8951 4437 8951 4522 8952 4523 8952 4520 8952 4522 8953 4520 8953 4519 8953 4522 8954 4518 8954 4521 8954 4522 8955 4519 8955 4518 8955 4524 8956 4438 8956 4439 8956 4524 8957 4521 8957 4438 8957 4525 8958 4526 8958 4523 8958 4525 8959 4521 8959 4524 8959 4525 8960 4523 8960 4522 8960 4525 8961 4522 8961 4521 8961 4527 8962 4439 8962 4440 8962 4527 8963 4525 8963 4524 8963 4527 8964 4524 8964 4439 8964 4528 8965 4529 8965 4526 8965 4528 8966 4526 8966 4525 8966 4528 8967 4525 8967 4527 8967 4530 8968 4440 8968 4441 8968 4530 8969 4527 8969 4440 8969 4531 8970 4527 8970 4530 8970 4531 8971 4532 8971 4529 8971 4531 8972 4529 8972 4528 8972 4531 8973 4528 8973 4527 8973 4533 8974 4441 8974 4442 8974 4533 8975 4530 8975 4441 8975 4534 8976 4530 8976 4533 8976 4534 8977 4535 8977 4532 8977 4534 8978 4532 8978 4531 8978 4534 8979 4531 8979 4530 8979 4536 8980 4442 8980 4443 8980 4536 8981 4533 8981 4442 8981 4537 8982 4535 8982 4534 8982 4537 8983 4533 8983 4536 8983 4537 8984 4538 8984 4535 8984 4537 8985 4534 8985 4533 8985 4539 8986 4537 8986 4536 8986 4539 8987 4443 8987 4444 8987 4539 8988 4444 8988 4422 8988 4539 8989 4422 8989 4473 8989 4539 8990 4473 8990 4478 8990 4539 8991 4536 8991 4443 8991 4540 8992 4537 8992 4539 8992 4540 8993 4538 8993 4537 8993 4540 8994 4539 8994 4478 8994 4540 8995 4508 8995 4538 8995 4540 8996 4478 8996 4508 8996 4446 8997 4445 8997 4541 8997 4542 8998 4543 8998 4544 8998 4542 8999 4545 8999 4543 8999 4546 9000 4541 9000 4545 9000 4546 9001 4446 9001 4541 9001 4546 9002 4545 9002 4542 9002 4547 9003 4544 9003 4548 9003 4547 9004 4542 9004 4544 9004 4549 9005 4447 9005 4446 9005 4549 9006 4448 9006 4447 9006 4549 9007 4542 9007 4547 9007 4549 9008 4446 9008 4546 9008 4549 9009 4546 9009 4542 9009 4550 9010 4548 9010 4551 9010 4550 9011 4547 9011 4548 9011 4552 9012 4547 9012 4550 9012 4552 9013 4448 9013 4549 9013 4552 9014 4549 9014 4547 9014 4553 9015 4551 9015 4554 9015 4553 9016 4550 9016 4551 9016 4555 9017 4449 9017 4448 9017 4555 9018 4550 9018 4553 9018 4555 9019 4448 9019 4552 9019 4555 9020 4552 9020 4550 9020 4556 9021 4554 9021 4557 9021 4556 9022 4557 9022 4558 9022 4556 9023 4553 9023 4554 9023 4559 9024 4450 9024 4449 9024 4559 9025 4553 9025 4556 9025 4559 9026 4449 9026 4555 9026 4559 9027 4555 9027 4553 9027 4560 9028 4556 9028 4558 9028 4561 9029 4451 9029 4450 9029 4561 9030 4559 9030 4556 9030 4561 9031 4450 9031 4559 9031 4561 9032 4556 9032 4560 9032 4562 9033 4558 9033 4563 9033 4562 9034 4560 9034 4558 9034 4562 9035 4561 9035 4560 9035 4564 9036 4452 9036 4451 9036 4564 9037 4451 9037 4561 9037 4564 9038 4561 9038 4562 9038 4565 9039 4563 9039 4566 9039 4565 9040 4562 9040 4563 9040 4567 9041 4562 9041 4565 9041 4567 9042 4453 9042 4452 9042 4567 9043 4452 9043 4564 9043 4567 9044 4564 9044 4562 9044 4568 9045 4566 9045 4569 9045 4568 9046 4565 9046 4566 9046 4570 9047 4565 9047 4568 9047 4570 9048 4454 9048 4453 9048 4570 9049 4453 9049 4567 9049 4570 9050 4567 9050 4565 9050 4571 9051 4569 9051 4572 9051 4571 9052 4570 9052 4568 9052 4571 9053 4568 9053 4569 9053 4573 9054 4454 9054 4570 9054 4573 9055 4570 9055 4571 9055 4573 9056 4455 9056 4454 9056 4574 9057 4571 9057 4572 9057 4574 9058 4572 9058 4575 9058 4574 9059 4575 9059 4576 9059 4574 9060 4576 9060 4577 9060 4578 9061 4577 9061 4579 9061 4578 9062 4573 9062 4571 9062 4578 9063 4579 9063 4457 9063 4578 9064 4455 9064 4573 9064 4578 9065 4456 9065 4455 9065 4578 9066 4457 9066 4456 9066 4578 9067 4571 9067 4574 9067 4578 9068 4574 9068 4577 9068 4545 9069 4580 9069 4543 9069 4445 9070 4468 9070 4541 9070 4581 9071 4577 9071 4576 9071 4581 9072 4576 9072 4582 9072 4583 9073 4579 9073 4577 9073 4583 9074 4457 9074 4579 9074 4583 9075 4458 9075 4457 9075 4583 9076 4459 9076 4458 9076 4583 9077 4577 9077 4581 9077 4584 9078 4582 9078 4585 9078 4584 9079 4581 9079 4582 9079 4586 9080 4581 9080 4584 9080 4586 9081 4459 9081 4583 9081 4586 9082 4583 9082 4581 9082 4587 9083 4585 9083 4588 9083 4587 9084 4588 9084 4589 9084 4587 9085 4586 9085 4584 9085 4587 9086 4584 9086 4585 9086 4590 9087 4460 9087 4459 9087 4590 9088 4586 9088 4587 9088 4590 9089 4459 9089 4586 9089 4591 9090 4587 9090 4589 9090 4592 9091 4461 9091 4460 9091 4592 9092 4462 9092 4461 9092 4592 9093 4587 9093 4591 9093 4592 9094 4460 9094 4590 9094 4592 9095 4590 9095 4587 9095 4593 9096 4589 9096 4594 9096 4593 9097 4591 9097 4589 9097 4595 9098 4462 9098 4592 9098 4595 9099 4592 9099 4591 9099 4595 9100 4591 9100 4593 9100 4596 9101 4594 9101 4597 9101 4596 9102 4593 9102 4594 9102 4598 9103 4463 9103 4462 9103 4598 9104 4595 9104 4593 9104 4598 9105 4593 9105 4596 9105 4598 9106 4462 9106 4595 9106 4599 9107 4597 9107 4600 9107 4599 9108 4596 9108 4597 9108 4601 9109 4464 9109 4463 9109 4601 9110 4463 9110 4598 9110 4601 9111 4598 9111 4596 9111 4601 9112 4596 9112 4599 9112 4602 9113 4600 9113 4603 9113 4602 9114 4599 9114 4600 9114 4604 9115 4599 9115 4602 9115 4604 9116 4465 9116 4464 9116 4604 9117 4466 9117 4465 9117 4604 9118 4464 9118 4601 9118 4604 9119 4601 9119 4599 9119 4605 9120 4603 9120 4606 9120 4605 9121 4602 9121 4603 9121 4605 9122 4604 9122 4602 9122 4607 9123 4466 9123 4604 9123 4607 9124 4467 9124 4466 9124 4607 9125 4604 9125 4605 9125 4608 9126 4607 9126 4605 9126 4608 9127 4606 9127 4609 9127 4608 9128 4609 9128 4580 9128 4608 9129 4605 9129 4606 9129 4610 9130 4607 9130 4608 9130 4610 9131 4467 9131 4607 9131 4611 9132 4608 9132 4580 9132 4611 9133 4580 9133 4545 9133 4612 9134 4608 9134 4611 9134 4612 9135 4610 9135 4608 9135 4612 9136 4467 9136 4610 9136 4612 9137 4545 9137 4541 9137 4612 9138 4611 9138 4545 9138 4612 9139 4468 9139 4467 9139 4612 9140 4541 9140 4468 9140 4613 9141 4469 9141 4614 9141 4470 9142 4469 9142 4613 9142 4615 9143 4470 9143 4613 9143 4504 9144 4470 9144 4615 9144 4616 9145 4504 9145 4615 9145 4501 9146 4504 9146 4616 9146 4617 9147 4501 9147 4616 9147 4498 9148 4501 9148 4617 9148 4495 9149 4617 9149 4618 9149 4495 9150 4498 9150 4617 9150 4492 9151 4618 9151 4619 9151 4492 9152 4495 9152 4618 9152 4489 9153 4619 9153 4620 9153 4489 9154 4492 9154 4619 9154 4486 9155 4620 9155 4621 9155 4486 9156 4489 9156 4620 9156 4483 9157 4621 9157 4622 9157 4483 9158 4486 9158 4621 9158 4477 9159 4622 9159 4623 9159 4477 9160 4483 9160 4622 9160 4475 9161 4623 9161 4624 9161 4475 9162 4477 9162 4623 9162 4476 9163 4624 9163 4625 9163 4476 9164 4475 9164 4624 9164 4508 9165 4476 9165 4625 9165 4508 9166 4625 9166 4626 9166 4538 9167 4626 9167 4627 9167 4538 9168 4508 9168 4626 9168 4535 9169 4627 9169 4628 9169 4535 9170 4538 9170 4627 9170 4532 9171 4628 9171 4629 9171 4532 9172 4535 9172 4628 9172 4630 9173 4532 9173 4629 9173 4529 9174 4532 9174 4630 9174 4631 9175 4529 9175 4630 9175 4526 9176 4529 9176 4631 9176 4632 9177 4526 9177 4631 9177 4523 9178 4526 9178 4632 9178 4520 9179 4632 9179 4633 9179 4520 9180 4523 9180 4632 9180 4517 9181 4633 9181 4634 9181 4517 9182 4520 9182 4633 9182 4514 9183 4634 9183 4635 9183 4514 9184 4517 9184 4634 9184 4511 9185 4635 9185 4636 9185 4511 9186 4514 9186 4635 9186 4469 9187 4636 9187 4614 9187 4469 9188 4511 9188 4636 9188 4637 9189 4609 9189 4606 9189 4637 9190 4606 9190 4638 9190 4639 9191 4606 9191 4603 9191 4639 9192 4638 9192 4606 9192 4640 9193 4609 9193 4637 9193 4641 9194 4639 9194 4603 9194 4642 9195 4609 9195 4640 9195 4643 9196 4641 9196 4603 9196 4600 9197 4643 9197 4603 9197 4580 9198 4609 9198 4642 9198 4644 9199 4580 9199 4642 9199 4645 9200 4643 9200 4600 9200 4646 9201 4580 9201 4644 9201 4543 9202 4580 9202 4646 9202 4597 9203 4647 9203 4645 9203 4597 9204 4645 9204 4600 9204 4648 9205 4543 9205 4646 9205 4649 9206 4647 9206 4597 9206 4544 9207 4543 9207 4648 9207 4594 9208 4649 9208 4597 9208 4650 9209 4649 9209 4594 9209 4651 9210 4544 9210 4648 9210 4652 9211 4650 9211 4594 9211 4653 9212 4544 9212 4651 9212 4548 9213 4544 9213 4653 9213 4589 9214 4652 9214 4594 9214 4654 9215 4652 9215 4589 9215 4655 9216 4548 9216 4653 9216 4656 9217 4654 9217 4589 9217 4657 9218 4548 9218 4655 9218 4588 9219 4656 9219 4589 9219 4551 9220 4548 9220 4657 9220 4658 9221 4656 9221 4588 9221 4659 9222 4551 9222 4657 9222 4585 9223 4658 9223 4588 9223 4585 9224 4660 9224 4658 9224 4554 9225 4659 9225 4661 9225 4554 9226 4551 9226 4659 9226 4662 9227 4660 9227 4585 9227 4663 9228 4554 9228 4661 9228 4557 9229 4663 9229 4664 9229 4557 9230 4554 9230 4663 9230 4582 9231 4665 9231 4662 9231 4582 9232 4662 9232 4585 9232 4666 9233 4557 9233 4664 9233 4667 9234 4665 9234 4582 9234 4558 9235 4557 9235 4666 9235 4576 9236 4667 9236 4582 9236 4668 9237 4558 9237 4666 9237 4669 9238 4667 9238 4576 9238 4670 9239 4558 9239 4668 9239 4563 9240 4558 9240 4670 9240 4575 9241 4671 9241 4669 9241 4575 9242 4669 9242 4576 9242 4672 9243 4563 9243 4670 9243 4673 9244 4671 9244 4575 9244 4566 9245 4672 9245 4674 9245 4566 9246 4674 9246 4675 9246 4566 9247 4563 9247 4672 9247 4572 9248 4676 9248 4677 9248 4572 9249 4677 9249 4673 9249 4572 9250 4673 9250 4575 9250 4569 9251 4675 9251 4678 9251 4569 9252 4678 9252 4676 9252 4569 9253 4676 9253 4572 9253 4569 9254 4566 9254 4675 9254 4679 9255 4680 9255 4681 9255 4682 9256 4683 9256 4684 9256 4684 9257 4683 9257 4685 9257 4685 9258 4683 9258 4686 9258 4624 9259 4687 9259 4625 9259 4688 9260 4687 9260 4682 9260 4625 9261 4687 9261 4688 9261 4682 9262 4687 9262 4683 9262 4683 9263 4689 9263 4686 9263 4623 9264 4690 9264 4624 9264 4687 9265 4690 9265 4683 9265 4624 9266 4690 9266 4687 9266 4683 9267 4690 9267 4689 9267 4686 9268 4691 9268 4692 9268 4689 9269 4691 9269 4686 9269 4622 9270 4693 9270 4623 9270 4689 9271 4693 9271 4691 9271 4623 9272 4693 9272 4690 9272 4690 9273 4693 9273 4689 9273 4692 9274 4694 9274 4695 9274 4691 9275 4694 9275 4692 9275 4693 9276 4694 9276 4691 9276 4621 9277 4696 9277 4622 9277 4693 9278 4696 9278 4694 9278 4622 9279 4696 9279 4693 9279 4695 9280 4697 9280 4698 9280 4694 9281 4697 9281 4695 9281 4619 9282 4699 9282 4620 9282 4620 9283 4699 9283 4621 9283 4621 9284 4699 9284 4696 9284 4694 9285 4699 9285 4697 9285 4696 9286 4699 9286 4694 9286 4698 9287 4700 9287 4701 9287 4697 9288 4700 9288 4698 9288 4618 9289 4702 9289 4619 9289 4697 9290 4702 9290 4700 9290 4699 9291 4702 9291 4697 9291 4619 9292 4702 9292 4699 9292 4701 9293 4703 9293 4704 9293 4702 9294 4703 9294 4700 9294 4700 9295 4703 9295 4701 9295 4617 9296 4705 9296 4618 9296 4618 9297 4705 9297 4702 9297 4702 9298 4705 9298 4703 9298 4704 9299 4706 9299 4707 9299 4703 9300 4706 9300 4704 9300 4703 9301 4708 9301 4706 9301 4617 9302 4708 9302 4705 9302 4705 9303 4708 9303 4703 9303 4707 9304 4709 9304 4710 9304 4706 9305 4709 9305 4707 9305 4617 9306 4711 9306 4708 9306 4615 9307 4711 9307 4616 9307 4616 9308 4711 9308 4617 9308 4706 9309 4711 9309 4709 9309 4708 9310 4711 9310 4706 9310 4709 9311 4712 9311 4710 9311 4711 9312 4712 9312 4709 9312 4710 9313 4712 9313 4713 9313 4713 9314 4712 9314 4679 9314 4615 9315 4714 9315 4711 9315 4711 9316 4714 9316 4712 9316 4712 9317 4715 9317 4679 9317 4679 9318 4715 9318 4680 9318 4614 9319 4716 9319 4613 9319 4613 9320 4716 9320 4615 9320 4714 9321 4716 9321 4712 9321 4715 9322 4716 9322 4680 9322 4680 9323 4716 9323 4717 9323 4717 9324 4716 9324 4614 9324 4615 9325 4716 9325 4714 9325 4712 9326 4716 9326 4715 9326 4718 9327 4682 9327 4684 9327 4680 9328 4719 9328 4681 9328 4681 9329 4719 9329 4720 9329 4636 9330 4721 9330 4614 9330 4717 9331 4721 9331 4680 9331 4614 9332 4721 9332 4717 9332 4680 9333 4721 9333 4719 9333 4720 9334 4722 9334 4723 9334 4719 9335 4722 9335 4720 9335 4635 9336 4724 9336 4636 9336 4721 9337 4724 9337 4719 9337 4719 9338 4724 9338 4722 9338 4636 9339 4724 9339 4721 9339 4723 9340 4725 9340 4726 9340 4726 9341 4725 9341 4727 9341 4722 9342 4725 9342 4723 9342 4634 9343 4728 9343 4635 9343 4722 9344 4728 9344 4725 9344 4635 9345 4728 9345 4724 9345 4724 9346 4728 9346 4722 9346 4725 9347 4729 9347 4727 9347 4633 9348 4730 9348 4634 9348 4728 9349 4730 9349 4725 9349 4634 9350 4730 9350 4728 9350 4725 9351 4730 9351 4729 9351 4727 9352 4731 9352 4732 9352 4729 9353 4731 9353 4727 9353 4632 9354 4733 9354 4633 9354 4633 9355 4733 9355 4730 9355 4729 9356 4733 9356 4731 9356 4730 9357 4733 9357 4729 9357 4732 9358 4734 9358 4735 9358 4735 9359 4734 9359 4736 9359 4731 9360 4734 9360 4732 9360 4630 9361 4737 9361 4631 9361 4631 9362 4737 9362 4632 9362 4632 9363 4737 9363 4733 9363 4733 9364 4737 9364 4731 9364 4731 9365 4737 9365 4734 9365 4734 9366 4738 9366 4736 9366 4737 9367 4739 9367 4734 9367 4630 9368 4739 9368 4737 9368 4734 9369 4739 9369 4738 9369 4736 9370 4740 9370 4741 9370 4738 9371 4740 9371 4736 9371 4739 9372 4740 9372 4738 9372 4739 9373 4742 9373 4740 9373 4629 9374 4742 9374 4630 9374 4630 9375 4742 9375 4739 9375 4741 9376 4743 9376 4744 9376 4740 9377 4743 9377 4741 9377 4629 9378 4745 9378 4742 9378 4628 9379 4745 9379 4629 9379 4740 9380 4745 9380 4743 9380 4742 9381 4745 9381 4740 9381 4743 9382 4746 9382 4744 9382 4744 9383 4746 9383 4747 9383 4747 9384 4746 9384 4718 9384 4627 9385 4748 9385 4628 9385 4628 9386 4748 9386 4745 9386 4743 9387 4748 9387 4746 9387 4745 9388 4748 9388 4743 9388 4682 9389 4749 9389 4688 9389 4748 9390 4749 9390 4746 9390 4746 9391 4749 9391 4718 9391 4718 9392 4749 9392 4682 9392 4688 9393 4750 9393 4625 9393 4625 9394 4750 9394 4626 9394 4626 9395 4750 9395 4627 9395 4627 9396 4750 9396 4748 9396 4748 9397 4750 9397 4749 9397 4749 9398 4750 9398 4688 9398 4648 9399 4751 9399 4752 9399 4651 9400 4648 9400 4752 9400 4653 9401 4752 9401 4753 9401 4653 9402 4651 9402 4752 9402 4655 9403 4653 9403 4753 9403 4657 9404 4753 9404 4754 9404 4657 9405 4655 9405 4753 9405 4659 9406 4754 9406 4755 9406 4659 9407 4657 9407 4754 9407 4661 9408 4659 9408 4755 9408 4663 9409 4755 9409 4756 9409 4663 9410 4661 9410 4755 9410 4664 9411 4663 9411 4756 9411 4666 9412 4756 9412 4757 9412 4666 9413 4664 9413 4756 9413 4668 9414 4666 9414 4757 9414 4670 9415 4757 9415 4758 9415 4670 9416 4668 9416 4757 9416 4672 9417 4758 9417 4759 9417 4672 9418 4670 9418 4758 9418 4674 9419 4672 9419 4759 9419 4675 9420 4759 9420 4760 9420 4675 9421 4674 9421 4759 9421 4678 9422 4675 9422 4760 9422 4676 9423 4760 9423 4761 9423 4676 9424 4678 9424 4760 9424 4677 9425 4676 9425 4761 9425 4673 9426 4761 9426 4762 9426 4673 9427 4677 9427 4761 9427 4671 9428 4673 9428 4762 9428 4669 9429 4671 9429 4762 9429 4669 9430 4762 9430 4763 9430 4667 9431 4669 9431 4763 9431 4667 9432 4763 9432 4764 9432 4665 9433 4667 9433 4764 9433 4662 9434 4764 9434 4765 9434 4662 9435 4665 9435 4764 9435 4660 9436 4662 9436 4765 9436 4658 9437 4765 9437 4766 9437 4658 9438 4660 9438 4765 9438 4656 9439 4766 9439 4767 9439 4656 9440 4658 9440 4766 9440 4654 9441 4656 9441 4767 9441 4652 9442 4767 9442 4768 9442 4652 9443 4654 9443 4767 9443 4650 9444 4652 9444 4768 9444 4649 9445 4768 9445 4769 9445 4649 9446 4650 9446 4768 9446 4647 9447 4649 9447 4769 9447 4645 9448 4769 9448 4770 9448 4645 9449 4647 9449 4769 9449 4643 9450 4770 9450 4771 9450 4643 9451 4645 9451 4770 9451 4641 9452 4643 9452 4771 9452 4639 9453 4771 9453 4772 9453 4639 9454 4641 9454 4771 9454 4638 9455 4639 9455 4772 9455 4637 9456 4772 9456 4773 9456 4637 9457 4638 9457 4772 9457 4640 9458 4637 9458 4773 9458 4642 9459 4773 9459 4774 9459 4642 9460 4640 9460 4773 9460 4644 9461 4642 9461 4774 9461 4646 9462 4644 9462 4774 9462 4646 9463 4774 9463 4751 9463 4648 9464 4646 9464 4751 9464 4775 9465 4684 9465 4685 9465 4776 9466 4775 9466 4685 9466 4777 9467 4685 9467 4686 9467 4777 9468 4776 9468 4685 9468 4778 9469 4686 9469 4692 9469 4778 9470 4777 9470 4686 9470 4779 9471 4692 9471 4695 9471 4779 9472 4778 9472 4692 9472 4780 9473 4695 9473 4698 9473 4780 9474 4779 9474 4695 9474 4781 9475 4698 9475 4701 9475 4781 9476 4780 9476 4698 9476 4782 9477 4701 9477 4704 9477 4782 9478 4781 9478 4701 9478 4783 9479 4704 9479 4707 9479 4783 9480 4782 9480 4704 9480 4784 9481 4707 9481 4710 9481 4784 9482 4783 9482 4707 9482 4785 9483 4710 9483 4713 9483 4785 9484 4784 9484 4710 9484 4786 9485 4713 9485 4679 9485 4786 9486 4785 9486 4713 9486 4787 9487 4679 9487 4681 9487 4787 9488 4786 9488 4679 9488 4787 9489 4681 9489 4720 9489 4788 9490 4720 9490 4723 9490 4788 9491 4787 9491 4720 9491 4789 9492 4723 9492 4726 9492 4789 9493 4788 9493 4723 9493 4790 9494 4726 9494 4727 9494 4790 9495 4789 9495 4726 9495 4791 9496 4790 9496 4727 9496 4792 9497 4727 9497 4732 9497 4792 9498 4791 9498 4727 9498 4793 9499 4732 9499 4735 9499 4793 9500 4792 9500 4732 9500 4794 9501 4735 9501 4736 9501 4794 9502 4793 9502 4735 9502 4795 9503 4736 9503 4741 9503 4795 9504 4794 9504 4736 9504 4796 9505 4741 9505 4744 9505 4796 9506 4795 9506 4741 9506 4797 9507 4744 9507 4747 9507 4797 9508 4796 9508 4744 9508 4798 9509 4747 9509 4718 9509 4798 9510 4797 9510 4747 9510 4775 9511 4718 9511 4684 9511 4775 9512 4798 9512 4718 9512 4799 9513 4800 9513 4801 9513 4752 9514 4751 9514 4802 9514 4763 9515 4762 9515 4803 9515 4804 9516 4800 9516 4799 9516 4805 9517 4802 9517 4800 9517 4805 9518 4752 9518 4802 9518 4805 9519 4800 9519 4804 9519 4806 9520 4799 9520 4807 9520 4806 9521 4804 9521 4799 9521 4808 9522 4753 9522 4752 9522 4808 9523 4754 9523 4753 9523 4808 9524 4804 9524 4806 9524 4808 9525 4752 9525 4805 9525 4808 9526 4805 9526 4804 9526 4809 9527 4807 9527 4810 9527 4809 9528 4806 9528 4807 9528 4811 9529 4806 9529 4809 9529 4811 9530 4754 9530 4808 9530 4811 9531 4808 9531 4806 9531 4812 9532 4810 9532 4813 9532 4812 9533 4809 9533 4810 9533 4812 9534 4811 9534 4809 9534 4814 9535 4755 9535 4754 9535 4814 9536 4811 9536 4812 9536 4814 9537 4754 9537 4811 9537 4815 9538 4813 9538 4816 9538 4815 9539 4812 9539 4813 9539 4817 9540 4756 9540 4755 9540 4817 9541 4757 9541 4756 9541 4817 9542 4812 9542 4815 9542 4817 9543 4755 9543 4814 9543 4817 9544 4814 9544 4812 9544 4818 9545 4816 9545 4819 9545 4818 9546 4819 9546 4820 9546 4818 9547 4817 9547 4815 9547 4818 9548 4815 9548 4816 9548 4821 9549 4757 9549 4817 9549 4821 9550 4817 9550 4818 9550 4822 9551 4818 9551 4820 9551 4823 9552 4758 9552 4757 9552 4823 9553 4759 9553 4758 9553 4823 9554 4757 9554 4821 9554 4823 9555 4821 9555 4818 9555 4823 9556 4818 9556 4822 9556 4824 9557 4820 9557 4825 9557 4824 9558 4825 9558 4826 9558 4824 9559 4822 9559 4820 9559 4827 9560 4822 9560 4824 9560 4827 9561 4760 9561 4759 9561 4827 9562 4759 9562 4823 9562 4827 9563 4823 9563 4822 9563 4828 9564 4824 9564 4826 9564 4829 9565 4760 9565 4827 9565 4829 9566 4824 9566 4828 9566 4829 9567 4827 9567 4824 9567 4830 9568 4829 9568 4828 9568 4830 9569 4826 9569 4831 9569 4830 9570 4828 9570 4826 9570 4832 9571 4829 9571 4830 9571 4832 9572 4761 9572 4760 9572 4832 9573 4762 9573 4761 9573 4832 9574 4760 9574 4829 9574 4833 9575 4831 9575 4834 9575 4833 9576 4830 9576 4831 9576 4833 9577 4834 9577 4835 9577 4833 9578 4835 9578 4836 9578 4837 9579 4832 9579 4830 9579 4837 9580 4830 9580 4833 9580 4837 9581 4836 9581 4803 9581 4837 9582 4762 9582 4832 9582 4837 9583 4833 9583 4836 9583 4837 9584 4803 9584 4762 9584 4800 9585 4838 9585 4801 9585 4751 9586 4774 9586 4802 9586 4839 9587 4836 9587 4835 9587 4839 9588 4835 9588 4840 9588 4841 9589 4803 9589 4836 9589 4841 9590 4763 9590 4803 9590 4841 9591 4764 9591 4763 9591 4841 9592 4836 9592 4839 9592 4842 9593 4840 9593 4843 9593 4842 9594 4839 9594 4840 9594 4844 9595 4765 9595 4764 9595 4844 9596 4839 9596 4842 9596 4844 9597 4764 9597 4841 9597 4844 9598 4841 9598 4839 9598 4845 9599 4843 9599 4846 9599 4845 9600 4842 9600 4843 9600 4847 9601 4766 9601 4765 9601 4847 9602 4842 9602 4845 9602 4847 9603 4765 9603 4844 9603 4847 9604 4844 9604 4842 9604 4848 9605 4846 9605 4849 9605 4848 9606 4845 9606 4846 9606 4850 9607 4767 9607 4766 9607 4850 9608 4845 9608 4848 9608 4850 9609 4847 9609 4845 9609 4850 9610 4766 9610 4847 9610 4851 9611 4849 9611 4852 9611 4851 9612 4848 9612 4849 9612 4853 9613 4768 9613 4767 9613 4853 9614 4769 9614 4768 9614 4853 9615 4848 9615 4851 9615 4853 9616 4850 9616 4848 9616 4853 9617 4767 9617 4850 9617 4854 9618 4852 9618 4855 9618 4854 9619 4851 9619 4852 9619 4854 9620 4853 9620 4851 9620 4856 9621 4853 9621 4854 9621 4856 9622 4769 9622 4853 9622 4857 9623 4855 9623 4858 9623 4857 9624 4854 9624 4855 9624 4859 9625 4770 9625 4769 9625 4859 9626 4769 9626 4856 9626 4859 9627 4856 9627 4854 9627 4859 9628 4854 9628 4857 9628 4860 9629 4858 9629 4861 9629 4860 9630 4857 9630 4858 9630 4862 9631 4857 9631 4860 9631 4862 9632 4771 9632 4770 9632 4862 9633 4770 9633 4859 9633 4862 9634 4859 9634 4857 9634 4863 9635 4861 9635 4864 9635 4863 9636 4860 9636 4861 9636 4865 9637 4860 9637 4863 9637 4865 9638 4772 9638 4771 9638 4865 9639 4771 9639 4862 9639 4865 9640 4862 9640 4860 9640 4866 9641 4864 9641 4867 9641 4866 9642 4863 9642 4864 9642 4868 9643 4772 9643 4865 9643 4868 9644 4863 9644 4866 9644 4868 9645 4773 9645 4772 9645 4868 9646 4774 9646 4773 9646 4868 9647 4865 9647 4863 9647 4869 9648 4866 9648 4867 9648 4869 9649 4867 9649 4838 9649 4869 9650 4868 9650 4866 9650 4869 9651 4800 9651 4802 9651 4869 9652 4838 9652 4800 9652 4870 9653 4774 9653 4868 9653 4870 9654 4869 9654 4802 9654 4870 9655 4802 9655 4774 9655 4870 9656 4868 9656 4869 9656 4775 9657 4776 9657 4871 9657 4872 9658 4873 9658 4874 9658 4786 9659 4787 9659 4875 9659 4876 9660 4877 9660 4878 9660 4878 9661 4877 9661 4879 9661 4871 9662 4880 9662 4876 9662 4776 9663 4880 9663 4871 9663 4876 9664 4880 9664 4877 9664 4879 9665 4881 9665 4882 9665 4877 9666 4881 9666 4879 9666 4777 9667 4883 9667 4776 9667 4880 9668 4883 9668 4877 9668 4877 9669 4883 9669 4881 9669 4776 9670 4883 9670 4880 9670 4882 9671 4884 9671 4885 9671 4881 9672 4884 9672 4882 9672 4778 9673 4886 9673 4777 9673 4881 9674 4886 9674 4884 9674 4777 9675 4886 9675 4883 9675 4883 9676 4886 9676 4881 9676 4885 9677 4887 9677 4888 9677 4884 9678 4887 9678 4885 9678 4886 9679 4887 9679 4884 9679 4779 9680 4889 9680 4778 9680 4778 9681 4889 9681 4886 9681 4886 9682 4889 9682 4887 9682 4888 9683 4890 9683 4891 9683 4887 9684 4890 9684 4888 9684 4780 9685 4892 9685 4779 9685 4779 9686 4892 9686 4889 9686 4889 9687 4892 9687 4887 9687 4887 9688 4892 9688 4890 9688 4891 9689 4893 9689 4894 9689 4890 9690 4893 9690 4891 9690 4781 9691 4895 9691 4780 9691 4780 9692 4895 9692 4892 9692 4892 9693 4895 9693 4890 9693 4890 9694 4895 9694 4893 9694 4894 9695 4896 9695 4897 9695 4895 9696 4896 9696 4893 9696 4893 9697 4896 9697 4894 9697 4782 9698 4898 9698 4781 9698 4781 9699 4898 9699 4895 9699 4895 9700 4898 9700 4896 9700 4897 9701 4899 9701 4900 9701 4896 9702 4899 9702 4897 9702 4896 9703 4901 9703 4899 9703 4783 9704 4901 9704 4782 9704 4782 9705 4901 9705 4898 9705 4898 9706 4901 9706 4896 9706 4900 9707 4902 9707 4903 9707 4899 9708 4902 9708 4900 9708 4899 9709 4904 9709 4902 9709 4784 9710 4904 9710 4783 9710 4901 9711 4904 9711 4899 9711 4783 9712 4904 9712 4901 9712 4902 9713 4905 9713 4903 9713 4903 9714 4905 9714 4906 9714 4784 9715 4907 9715 4904 9715 4785 9716 4907 9716 4784 9716 4902 9717 4907 9717 4905 9717 4904 9718 4907 9718 4902 9718 4905 9719 4908 9719 4906 9719 4906 9720 4908 9720 4872 9720 4872 9721 4908 9721 4873 9721 4785 9722 4909 9722 4907 9722 4786 9723 4909 9723 4785 9723 4905 9724 4909 9724 4908 9724 4907 9725 4909 9725 4905 9725 4908 9726 4909 9726 4873 9726 4873 9727 4909 9727 4875 9727 4875 9728 4909 9728 4786 9728 4787 9729 4788 9729 4875 9729 4910 9730 4876 9730 4878 9730 4873 9731 4911 9731 4874 9731 4874 9732 4911 9732 4912 9732 4789 9733 4913 9733 4788 9733 4875 9734 4913 9734 4873 9734 4788 9735 4913 9735 4875 9735 4873 9736 4913 9736 4911 9736 4912 9737 4914 9737 4915 9737 4911 9738 4914 9738 4912 9738 4790 9739 4916 9739 4789 9739 4911 9740 4916 9740 4914 9740 4789 9741 4916 9741 4913 9741 4913 9742 4916 9742 4911 9742 4915 9743 4917 9743 4918 9743 4914 9744 4917 9744 4915 9744 4916 9745 4917 9745 4914 9745 4791 9746 4919 9746 4790 9746 4916 9747 4919 9747 4917 9747 4790 9748 4919 9748 4916 9748 4918 9749 4920 9749 4921 9749 4917 9750 4920 9750 4918 9750 4792 9751 4922 9751 4791 9751 4791 9752 4922 9752 4919 9752 4917 9753 4922 9753 4920 9753 4919 9754 4922 9754 4917 9754 4921 9755 4923 9755 4924 9755 4920 9756 4923 9756 4921 9756 4793 9757 4925 9757 4792 9757 4922 9758 4925 9758 4920 9758 4920 9759 4925 9759 4923 9759 4792 9760 4925 9760 4922 9760 4924 9761 4926 9761 4927 9761 4923 9762 4926 9762 4924 9762 4794 9763 4928 9763 4793 9763 4793 9764 4928 9764 4925 9764 4923 9765 4928 9765 4926 9765 4925 9766 4928 9766 4923 9766 4927 9767 4929 9767 4930 9767 4928 9768 4929 9768 4926 9768 4926 9769 4929 9769 4927 9769 4795 9770 4931 9770 4794 9770 4794 9771 4931 9771 4928 9771 4928 9772 4931 9772 4929 9772 4930 9773 4932 9773 4933 9773 4929 9774 4932 9774 4930 9774 4929 9775 4934 9775 4932 9775 4796 9776 4934 9776 4795 9776 4795 9777 4934 9777 4931 9777 4931 9778 4934 9778 4929 9778 4933 9779 4935 9779 4936 9779 4932 9780 4935 9780 4933 9780 4796 9781 4937 9781 4934 9781 4932 9782 4937 9782 4935 9782 4797 9783 4937 9783 4796 9783 4934 9784 4937 9784 4932 9784 4935 9785 4938 9785 4936 9785 4937 9786 4938 9786 4935 9786 4936 9787 4938 9787 4939 9787 4797 9788 4940 9788 4937 9788 4798 9789 4940 9789 4797 9789 4937 9790 4940 9790 4938 9790 4876 9791 4941 9791 4871 9791 4938 9792 4941 9792 4939 9792 4940 9793 4941 9793 4938 9793 4939 9794 4941 9794 4910 9794 4910 9795 4941 9795 4876 9795 4871 9796 4942 9796 4775 9796 4941 9797 4942 9797 4871 9797 4775 9798 4942 9798 4798 9798 4798 9799 4942 9799 4940 9799 4940 9800 4942 9800 4941 9800 4879 9801 4801 9801 4878 9801 4799 9802 4801 9802 4879 9802 4807 9803 4879 9803 4882 9803 4807 9804 4799 9804 4879 9804 4810 9805 4882 9805 4885 9805 4810 9806 4807 9806 4882 9806 4813 9807 4885 9807 4888 9807 4813 9808 4810 9808 4885 9808 4816 9809 4888 9809 4891 9809 4816 9810 4813 9810 4888 9810 4819 9811 4891 9811 4894 9811 4819 9812 4816 9812 4891 9812 4897 9813 4819 9813 4894 9813 4820 9814 4819 9814 4897 9814 4825 9815 4897 9815 4900 9815 4825 9816 4820 9816 4897 9816 4826 9817 4900 9817 4903 9817 4826 9818 4825 9818 4900 9818 4831 9819 4903 9819 4906 9819 4831 9820 4826 9820 4903 9820 4834 9821 4906 9821 4872 9821 4834 9822 4831 9822 4906 9822 4835 9823 4872 9823 4874 9823 4835 9824 4834 9824 4872 9824 4840 9825 4835 9825 4874 9825 4840 9826 4874 9826 4912 9826 4915 9827 4840 9827 4912 9827 4843 9828 4840 9828 4915 9828 4846 9829 4915 9829 4918 9829 4846 9830 4843 9830 4915 9830 4849 9831 4918 9831 4921 9831 4849 9832 4846 9832 4918 9832 4852 9833 4921 9833 4924 9833 4852 9834 4849 9834 4921 9834 4855 9835 4924 9835 4927 9835 4855 9836 4852 9836 4924 9836 4930 9837 4855 9837 4927 9837 4858 9838 4855 9838 4930 9838 4861 9839 4930 9839 4933 9839 4861 9840 4858 9840 4930 9840 4864 9841 4933 9841 4936 9841 4864 9842 4861 9842 4933 9842 4867 9843 4936 9843 4939 9843 4867 9844 4864 9844 4936 9844 4838 9845 4939 9845 4910 9845 4838 9846 4867 9846 4939 9846 4801 9847 4910 9847 4878 9847 4801 9848 4838 9848 4910 9848</p>
        </triangles>
      </mesh>
    </geometry>
  </library_geometries>
  <library_materials>
    <material id="mat_Mesh" name="Mesh">
      <instance_effect url="#effect_Mesh"/>
    </material>
  </library_materials>
  <library_visual_scenes>
    <visual_scene id="myscene">
      <node id="node0" name="node0">
        <instance_geometry url="#geometry0">
          <bind_material>
            <technique_common>
              <instance_material symbol="ref_Mesh" target="#mat_Mesh"/>
            </technique_common>
          </bind_material>
        </instance_geometry>
      </node>
    </visual_scene>
  </library_visual_scenes>
  <scene>
    <instance_visual_scene url="#myscene"/>
  </scene>
</COLLADA>
